{"type":"FeatureCollection","features":[{"type":"Feature","geometry":{"geodesic":false,"type":"Polygon","coordinates":[[[-1.852865105024925,12.09599496372618],[-1.852865105024925,12.095815300669356],[-1.8532244311385728,12.095815300669356],[-1.8532244311385728,12.095635637612533],[-1.8534040941953966,12.095635637612533],[-1.8534040941953966,12.09509664844206],[-1.8535837572522207,12.09509664844206],[-1.8535837572522207,12.094916985385238],[-1.8537634203090445,12.094916985385238],[-1.8537634203090445,12.094377996214766],[-1.8535837572522207,12.094377996214766],[-1.8535837572522207,12.09419833315794],[-1.8532244311385728,12.09419833315794],[-1.8532244311385728,12.094737322328413],[-1.853044768081749,12.094737322328413],[-1.853044768081749,12.094916985385238],[-1.852865105024925,12.094916985385238],[-1.852865105024925,12.095276311498885],[-1.8526854419681011,12.095276311498885],[-1.8526854419681011,12.09599496372618],[-1.852865105024925,12.09599496372618]]]},"id":"-10313+67325","properties":{"count":31,"eau":1}},{"type":"Feature","geometry":{"geodesic":false,"type":"MultiPolygon","coordinates":[[[[-1.870292421536844,12.186185818251781],[-1.869933095423196,12.186185818251781],[-1.869933095423196,12.186365481308606],[-1.870292421536844,12.186365481308606],[-1.870292421536844,12.186185818251781]]],[[[-1.868136464854957,12.183311209342598],[-1.8679568017981332,12.183311209342598],[-1.8679568017981332,12.183131546285775],[-1.8675974756844853,12.183131546285775],[-1.8675974756844853,12.18385019851307],[-1.8677771387413091,12.18385019851307],[-1.8677771387413091,12.184029861569895],[-1.8675974756844853,12.184029861569895],[-1.8675974756844853,12.184568850740366],[-1.8674178126276615,12.184568850740366],[-1.8674178126276615,12.18474851379719],[-1.8672381495708374,12.18474851379719],[-1.8672381495708374,12.185107839910838],[-1.8670584865140136,12.185107839910838],[-1.8670584865140136,12.185467166024486],[-1.8666991604003658,12.185467166024486],[-1.8666991604003658,12.186006155194958],[-1.8668788234571896,12.186006155194958],[-1.8668788234571896,12.185826492138133],[-1.8672381495708374,12.185826492138133],[-1.8672381495708374,12.186185818251781],[-1.8674178126276615,12.186185818251781],[-1.8674178126276615,12.186006155194958],[-1.868136464854957,12.186006155194958],[-1.868136464854957,12.185826492138133],[-1.8688551170822527,12.185826492138133],[-1.8688551170822527,12.186006155194958],[-1.869753432366372,12.186006155194958],[-1.869753432366372,12.186185818251781],[-1.869933095423196,12.186185818251781],[-1.869933095423196,12.186006155194958],[-1.870292421536844,12.186006155194958],[-1.870292421536844,12.18564682908131],[-1.8706517476504916,12.18564682908131],[-1.8706517476504916,12.185826492138133],[-1.8704720845936678,12.185826492138133],[-1.8704720845936678,12.186185818251781],[-1.8706517476504916,12.186185818251781],[-1.8706517476504916,12.186365481308606],[-1.8704720845936678,12.186365481308606],[-1.8704720845936678,12.186724807422253],[-1.8706517476504916,12.186724807422253],[-1.8706517476504916,12.187084133535901],[-1.8708314107073156,12.187084133535901],[-1.8708314107073156,12.187263796592724],[-1.8710110737641394,12.187263796592724],[-1.8710110737641394,12.187443459649549],[-1.8713703998777873,12.187443459649549],[-1.8713703998777873,12.187263796592724],[-1.8715500629346111,12.187263796592724],[-1.8715500629346111,12.187084133535901],[-1.8717297259914352,12.187084133535901],[-1.8717297259914352,12.186724807422253],[-1.871909389048259,12.186724807422253],[-1.871909389048259,12.186365481308606],[-1.8720890521050828,12.186365481308606],[-1.8720890521050828,12.185826492138133],[-1.8722687151619068,12.185826492138133],[-1.8722687151619068,12.184389187683543],[-1.8724483782187307,12.184389187683543],[-1.8724483782187307,12.18385019851307],[-1.8720890521050828,12.18385019851307],[-1.8720890521050828,12.183670535456248],[-1.871909389048259,12.183670535456248],[-1.871909389048259,12.183490872399423],[-1.8710110737641394,12.183490872399423],[-1.8710110737641394,12.183670535456248],[-1.8708314107073156,12.183670535456248],[-1.8708314107073156,12.184029861569895],[-1.8704720845936678,12.184029861569895],[-1.8704720845936678,12.183490872399423],[-1.869753432366372,12.183490872399423],[-1.869753432366372,12.183131546285775],[-1.8695737693095482,12.183131546285775],[-1.8695737693095482,12.18295188322895],[-1.8693941062527244,12.18295188322895],[-1.8693941062527244,12.183131546285775],[-1.8692144431959004,12.183131546285775],[-1.8692144431959004,12.18295188322895],[-1.8686754540254287,12.18295188322895],[-1.8686754540254287,12.183311209342598],[-1.8684957909686049,12.183311209342598],[-1.8684957909686049,12.183131546285775],[-1.868136464854957,12.183131546285775],[-1.868136464854957,12.183311209342598]],[[-1.868136464854957,12.183311209342598],[-1.868136464854957,12.183490872399423],[-1.8683161279117808,12.183490872399423],[-1.8683161279117808,12.183311209342598],[-1.868136464854957,12.183311209342598]],[[-1.8706517476504916,12.184389187683543],[-1.8704720845936678,12.184389187683543],[-1.8704720845936678,12.184568850740366],[-1.8706517476504916,12.184568850740366],[-1.8706517476504916,12.184389187683543]]]]},"id":"-10415+67834","properties":{"count":451,"eau":1}},{"type":"Feature","geometry":{"geodesic":false,"type":"Polygon","coordinates":[[[-1.9243710016408389,12.413998574304491],[-1.924191338584015,12.413998574304491],[-1.924191338584015,12.414178237361314],[-1.9243710016408389,12.414178237361314],[-1.9243710016408389,12.413998574304491]]]},"id":"-10711+69096","properties":{"count":1,"eau":1}},{"type":"Feature","geometry":{"geodesic":false,"type":"MultiPolygon","coordinates":[[[[-1.9249099908113108,12.41345958513402],[-1.9254489799817824,12.41345958513402],[-1.9254489799817824,12.413279922077196],[-1.9258083060954303,12.413279922077196],[-1.9258083060954303,12.413100259020373],[-1.9256286430386065,12.413100259020373],[-1.9256286430386065,12.412920595963548],[-1.9254489799817824,12.412920595963548],[-1.9254489799817824,12.413100259020373],[-1.9252693169249586,12.413100259020373],[-1.9252693169249586,12.413279922077196],[-1.9249099908113108,12.413279922077196],[-1.9249099908113108,12.41345958513402]]],[[[-1.924730327754487,12.413639248190844],[-1.924550664697663,12.413639248190844],[-1.924550664697663,12.413818911247668],[-1.924730327754487,12.413818911247668],[-1.924730327754487,12.413639248190844]]],[[[-1.9249099908113108,12.41345958513402],[-1.924730327754487,12.41345958513402],[-1.924730327754487,12.413639248190844],[-1.9249099908113108,12.413639248190844],[-1.9249099908113108,12.41345958513402]]]]},"id":"-10713+69094","properties":{"count":9,"eau":1}},{"type":"Feature","geometry":{"geodesic":false,"type":"Polygon","coordinates":[[[-1.9265269583227258,12.412920595963548],[-1.9263472952659018,12.412920595963548],[-1.9263472952659018,12.413100259020371],[-1.9265269583227258,12.413100259020371],[-1.9265269583227258,12.412920595963548]]]},"id":"-10723+69090","properties":{"count":1,"eau":1}},{"type":"Feature","geometry":{"geodesic":false,"type":"Polygon","coordinates":[[[-1.9268862844363737,12.412740932906724],[-1.9267066213795496,12.412740932906724],[-1.9267066213795496,12.412920595963548],[-1.9268862844363737,12.412920595963548],[-1.9268862844363737,12.412740932906724]]]},"id":"-10725+69089","properties":{"count":1,"eau":1}},{"type":"Feature","geometry":{"geodesic":false,"type":"Polygon","coordinates":[[[-1.9576086671532613,12.431605553873235],[-1.9576086671532613,12.431066564702762],[-1.9574290040964373,12.431066564702762],[-1.9574290040964373,12.430707238589115],[-1.9572493410396135,12.430707238589115],[-1.9572493410396135,12.43142589081641],[-1.9574290040964373,12.43142589081641],[-1.9574290040964373,12.431605553873235],[-1.9576086671532613,12.431605553873235]]]},"id":"-10896+69193","properties":{"count":7,"eau":1}},{"type":"Feature","geometry":{"geodesic":false,"type":"Polygon","coordinates":[[[-1.9586866454942047,12.431066564702762],[-1.9586866454942047,12.430707238589115],[-1.9588663085510285,12.430707238589115],[-1.9588663085510285,12.43052757553229],[-1.9590459716078525,12.43052757553229],[-1.9590459716078525,12.430347912475467],[-1.9592256346646764,12.430347912475467],[-1.9592256346646764,12.42998858636182],[-1.9594052977215002,12.42998858636182],[-1.9594052977215002,12.428371618850404],[-1.959764623835148,12.428371618850404],[-1.959764623835148,12.428012292736756],[-1.9604832760624438,12.428012292736756],[-1.9604832760624438,12.427832629679932],[-1.9603036130056197,12.427832629679932],[-1.9603036130056197,12.427652966623109],[-1.960123949948796,12.427652966623109],[-1.960123949948796,12.426754651338989],[-1.9599442868919719,12.426754651338989],[-1.9599442868919719,12.426574988282164],[-1.959764623835148,12.426574988282164],[-1.959764623835148,12.425137683827574],[-1.9595849607783242,12.425137683827574],[-1.9595849607783242,12.42405970548663],[-1.9594052977215002,12.42405970548663],[-1.9594052977215002,12.423880042429806],[-1.9595849607783242,12.423880042429806],[-1.9595849607783242,12.423520716316158],[-1.9594052977215002,12.423520716316158],[-1.9594052977215002,12.42316139020251],[-1.9592256346646764,12.42316139020251],[-1.9592256346646764,12.422622401032038],[-1.9590459716078525,12.422622401032038],[-1.9590459716078525,12.42226307491839],[-1.9592256346646764,12.42226307491839],[-1.9592256346646764,12.422083411861568],[-1.9590459716078525,12.422083411861568],[-1.9590459716078525,12.421903748804743],[-1.9592256346646764,12.421903748804743],[-1.9592256346646764,12.42136475963427],[-1.9594052977215002,12.42136475963427],[-1.9594052977215002,12.4208257704638],[-1.9595849607783242,12.4208257704638],[-1.9595849607783242,12.420466444350152],[-1.9594052977215002,12.420466444350152],[-1.9594052977215002,12.419747792122855],[-1.9595849607783242,12.419747792122855],[-1.9595849607783242,12.419388466009208],[-1.959764623835148,12.419388466009208],[-1.959764623835148,12.41849015072509],[-1.9599442868919719,12.41849015072509],[-1.9599442868919719,12.417232509327322],[-1.960123949948796,12.417232509327322],[-1.960123949948796,12.41669352015685],[-1.9603036130056197,12.41669352015685],[-1.9603036130056197,12.416334194043202],[-1.9606629391192676,12.416334194043202],[-1.9606629391192676,12.416154530986379],[-1.9608426021760914,12.416154530986379],[-1.9608426021760914,12.41579520487273],[-1.9610222652329155,12.41579520487273],[-1.9610222652329155,12.415256215702259],[-1.9613815913465633,12.415256215702259],[-1.9613815913465633,12.414896889588611],[-1.9612019282897393,12.414896889588611],[-1.9612019282897393,12.414537563474964],[-1.9610222652329155,12.414537563474964],[-1.9610222652329155,12.414357900418139],[-1.9608426021760914,12.414357900418139],[-1.9608426021760914,12.413818911247667],[-1.9612019282897393,12.413818911247667],[-1.9612019282897393,12.413639248190844],[-1.9613815913465633,12.413639248190844],[-1.9613815913465633,12.412740932906724],[-1.9612019282897393,12.412740932906724],[-1.9612019282897393,12.412381606793076],[-1.9610222652329155,12.412381606793076],[-1.9610222652329155,12.412022280679428],[-1.9612019282897393,12.412022280679428],[-1.9612019282897393,12.411483291508956],[-1.9613815913465633,12.411483291508956],[-1.9613815913465633,12.411303628452133],[-1.9612019282897393,12.411303628452133],[-1.9612019282897393,12.41076463928166],[-1.9610222652329155,12.41076463928166],[-1.9610222652329155,12.409686660940718],[-1.9608426021760914,12.409686660940718],[-1.9608426021760914,12.408788345656598],[-1.9606629391192676,12.408788345656598],[-1.9606629391192676,12.40842901954295],[-1.9604832760624438,12.40842901954295],[-1.9604832760624438,12.408249356486126],[-1.9603036130056197,12.408249356486126],[-1.9603036130056197,12.408069693429303],[-1.960123949948796,12.408069693429303],[-1.960123949948796,12.407890030372478],[-1.9599442868919719,12.407890030372478],[-1.9599442868919719,12.407710367315655],[-1.959764623835148,12.407710367315655],[-1.959764623835148,12.40753070425883],[-1.9595849607783242,12.40753070425883],[-1.9595849607783242,12.407171378145183],[-1.9594052977215002,12.407171378145183],[-1.9594052977215002,12.40663238897471],[-1.9592256346646764,12.40663238897471],[-1.9592256346646764,12.405734073690592],[-1.9594052977215002,12.405734073690592],[-1.9594052977215002,12.405374747576944],[-1.9595849607783242,12.405374747576944],[-1.9595849607783242,12.40519508452012],[-1.959764623835148,12.40519508452012],[-1.959764623835148,12.405015421463297],[-1.960123949948796,12.405015421463297],[-1.960123949948796,12.404835758406472],[-1.9603036130056197,12.404835758406472],[-1.9603036130056197,12.404656095349647],[-1.9604832760624438,12.404656095349647],[-1.9604832760624438,12.404117106179177],[-1.9603036130056197,12.404117106179177],[-1.9603036130056197,12.403937443122352],[-1.960123949948796,12.403937443122352],[-1.960123949948796,12.403578117008704],[-1.9599442868919719,12.403578117008704],[-1.9599442868919719,12.403218790895057],[-1.959764623835148,12.403218790895057],[-1.959764623835148,12.403039127838234],[-1.9595849607783242,12.403039127838234],[-1.9595849607783242,12.40285946478141],[-1.9594052977215002,12.40285946478141],[-1.9594052977215002,12.402679801724585],[-1.9592256346646764,12.402679801724585],[-1.9592256346646764,12.402500138667762],[-1.9590459716078525,12.402500138667762],[-1.9590459716078525,12.402320475610937],[-1.9588663085510285,12.402320475610937],[-1.9588663085510285,12.402140812554114],[-1.9586866454942047,12.402140812554114],[-1.9586866454942047,12.40196114949729],[-1.9585069824373806,12.40196114949729],[-1.9585069824373806,12.401781486440466],[-1.957967993266909,12.401781486440466],[-1.957967993266909,12.401601823383642],[-1.9574290040964373,12.401601823383642],[-1.9574290040964373,12.401781486440466],[-1.9570696779827894,12.401781486440466],[-1.9570696779827894,12.40196114949729],[-1.9568900149259656,12.40196114949729],[-1.9568900149259656,12.402140812554114],[-1.9565306888123177,12.402140812554114],[-1.9565306888123177,12.402320475610937],[-1.956351025755494,12.402320475610937],[-1.956351025755494,12.402500138667762],[-1.95617136269867,12.402500138667762],[-1.95617136269867,12.402679801724585],[-1.955991699641846,12.402679801724585],[-1.955991699641846,12.40285946478141],[-1.9558120365850222,12.40285946478141],[-1.9558120365850222,12.403039127838234],[-1.9547340582440786,12.403039127838234],[-1.9547340582440786,12.40285946478141],[-1.9545543951872548,12.40285946478141],[-1.9545543951872548,12.402679801724585],[-1.9547340582440786,12.402679801724585],[-1.9547340582440786,12.402500138667762],[-1.9549137213009027,12.402500138667762],[-1.9549137213009027,12.402320475610937],[-1.9547340582440786,12.402320475610937],[-1.9547340582440786,12.402140812554114],[-1.9538357429599593,12.402140812554114],[-1.9538357429599593,12.40196114949729],[-1.9536560799031353,12.40196114949729],[-1.9536560799031353,12.402320475610937],[-1.9534764168463115,12.402320475610937],[-1.9534764168463115,12.402500138667762],[-1.9532967537894874,12.402500138667762],[-1.9532967537894874,12.402320475610937],[-1.9529374276758398,12.402320475610937],[-1.9529374276758398,12.402140812554114],[-1.952578101562192,12.402140812554114],[-1.952578101562192,12.402500138667762],[-1.952398438505368,12.402500138667762],[-1.952398438505368,12.402320475610937],[-1.9520391123917202,12.402320475610937],[-1.9520391123917202,12.402500138667762],[-1.952218775448544,12.402500138667762],[-1.952218775448544,12.40285946478141],[-1.9520391123917202,12.40285946478141],[-1.9520391123917202,12.402679801724585],[-1.9516797862780724,12.402679801724585],[-1.9516797862780724,12.402500138667762],[-1.9513204601644245,12.402500138667762],[-1.9513204601644245,12.402679801724585],[-1.9509611340507766,12.402679801724585],[-1.9509611340507766,12.402500138667762],[-1.950422144880305,12.402500138667762],[-1.950422144880305,12.40285946478141],[-1.9498831557098333,12.40285946478141],[-1.9498831557098333,12.402679801724585],[-1.9489848404257137,12.402679801724585],[-1.9489848404257137,12.402320475610937],[-1.9493441665393616,12.402320475610937],[-1.9493441665393616,12.402140812554114],[-1.9500628187666573,12.402140812554114],[-1.9500628187666573,12.401601823383642],[-1.9495238295961854,12.401601823383642],[-1.9495238295961854,12.401781486440466],[-1.94880517736889,12.401781486440466],[-1.94880517736889,12.40196114949729],[-1.948445851255242,12.40196114949729],[-1.948445851255242,12.401781486440466],[-1.9479068620847704,12.401781486440466],[-1.9479068620847704,12.40196114949729],[-1.9477271990279466,12.40196114949729],[-1.9477271990279466,12.401781486440466],[-1.9473678729142987,12.401781486440466],[-1.9473678729142987,12.401601823383642],[-1.9471882098574749,12.401601823383642],[-1.9471882098574749,12.401242497269994],[-1.9470085468006508,12.401242497269994],[-1.9470085468006508,12.401062834213171],[-1.946828883743827,12.401062834213171],[-1.946828883743827,12.400883171156346],[-1.946649220687003,12.400883171156346],[-1.946649220687003,12.400523845042699],[-1.9464695576301791,12.400523845042699],[-1.9464695576301791,12.400164518929051],[-1.9462898945733553,12.400164518929051],[-1.9462898945733553,12.399625529758579],[-1.9461102315165313,12.399625529758579],[-1.9461102315165313,12.399805192815403],[-1.9459305684597075,12.399805192815403],[-1.9459305684597075,12.400703508099522],[-1.9457509054028834,12.400703508099522],[-1.9457509054028834,12.401601823383642],[-1.9455712423460596,12.401601823383642],[-1.9455712423460596,12.401781486440466],[-1.9457509054028834,12.401781486440466],[-1.9457509054028834,12.402140812554114],[-1.9459305684597075,12.402140812554114],[-1.9459305684597075,12.402500138667762],[-1.9461102315165313,12.402500138667762],[-1.9461102315165313,12.403039127838234],[-1.9459305684597075,12.403039127838234],[-1.9459305684597075,12.403218790895057],[-1.9457509054028834,12.403218790895057],[-1.9457509054028834,12.403578117008704],[-1.9455712423460596,12.403578117008704],[-1.9455712423460596,12.404117106179177],[-1.9452119162324117,12.404117106179177],[-1.9452119162324117,12.404296769236],[-1.945032253175588,12.404296769236],[-1.945032253175588,12.404476432292824],[-1.94467292706194,12.404476432292824],[-1.94467292706194,12.404656095349647],[-1.9443136009482922,12.404656095349647],[-1.9443136009482922,12.404835758406472],[-1.9437746117778205,12.404835758406472],[-1.9437746117778205,12.405015421463297],[-1.9435949487209967,12.405015421463297],[-1.9435949487209967,12.40519508452012],[-1.943055959550525,12.40519508452012],[-1.943055959550525,12.405374747576944],[-1.942876296493701,12.405374747576944],[-1.942876296493701,12.405554410633767],[-1.9407203398118142,12.405554410633767],[-1.9407203398118142,12.405374747576944],[-1.9405406767549902,12.405374747576944],[-1.9405406767549902,12.405554410633767],[-1.9401813506413426,12.405554410633767],[-1.9401813506413426,12.405734073690592],[-1.9400016875845185,12.405734073690592],[-1.9400016875845185,12.405913736747415],[-1.9398220245276947,12.405913736747415],[-1.9398220245276947,12.40609339980424],[-1.939283035357223,12.40609339980424],[-1.939283035357223,12.406273062861063],[-1.939103372300399,12.406273062861063],[-1.939103372300399,12.406812052031535],[-1.9389237092435752,12.406812052031535],[-1.9389237092435752,12.40699171508836],[-1.9387440461867513,12.40699171508836],[-1.9387440461867513,12.407171378145183],[-1.9376660678458077,12.407171378145183],[-1.9376660678458077,12.407351041202007],[-1.937127078675336,12.407351041202007],[-1.937127078675336,12.40753070425883],[-1.9362287633912165,12.40753070425883],[-1.9362287633912165,12.407351041202007],[-1.935510111163921,12.407351041202007],[-1.935510111163921,12.407171378145183],[-1.9347914589366253,12.407171378145183],[-1.9347914589366253,12.407351041202007],[-1.9346117958798015,12.407351041202007],[-1.9346117958798015,12.40753070425883],[-1.9344321328229777,12.40753070425883],[-1.9344321328229777,12.407710367315655],[-1.9342524697661536,12.407710367315655],[-1.9342524697661536,12.408069693429303],[-1.9335338175388581,12.408069693429303],[-1.9335338175388581,12.408249356486126],[-1.9328151653115624,12.408249356486126],[-1.9328151653115624,12.40842901954295],[-1.9322761761410907,12.40842901954295],[-1.9322761761410907,12.408608682599775],[-1.9320965130842669,12.408608682599775],[-1.9320965130842669,12.40842901954295],[-1.931737186970619,12.40842901954295],[-1.931737186970619,12.408608682599775],[-1.9311981978001473,12.408608682599775],[-1.9311981978001473,12.408788345656598],[-1.9310185347433233,12.408788345656598],[-1.9310185347433233,12.408968008713423],[-1.9308388716864995,12.408968008713423],[-1.9308388716864995,12.409147671770246],[-1.9306592086296757,12.409147671770246],[-1.9306592086296757,12.40932733482707],[-1.9304795455728516,12.40932733482707],[-1.9304795455728516,12.409686660940718],[-1.9302998825160278,12.409686660940718],[-1.9302998825160278,12.40986632399754],[-1.92994055640238,12.40986632399754],[-1.92994055640238,12.409686660940718],[-1.9297608933455561,12.409686660940718],[-1.9297608933455561,12.40986632399754],[-1.9292219041750844,12.40986632399754],[-1.9292219041750844,12.409686660940718],[-1.9290422411182604,12.409686660940718],[-1.9290422411182604,12.410225650111189],[-1.9286829150046125,12.410225650111189],[-1.9286829150046125,12.410405313168013],[-1.9285032519477887,12.410405313168013],[-1.9285032519477887,12.410944302338486],[-1.9281439258341408,12.410944302338486],[-1.9281439258341408,12.411123965395308],[-1.927964262777317,12.411123965395308],[-1.927964262777317,12.41076463928166],[-1.9277845997204932,12.41076463928166],[-1.9277845997204932,12.410944302338486],[-1.9276049366636692,12.410944302338486],[-1.9276049366636692,12.411483291508956],[-1.9272456105500213,12.411483291508956],[-1.9272456105500213,12.41166295456578],[-1.9270659474931975,12.41166295456578],[-1.9270659474931975,12.412381606793076],[-1.9272456105500213,12.412381606793076],[-1.9272456105500213,12.412201943736251],[-1.9274252736068453,12.412201943736251],[-1.9274252736068453,12.412022280679428],[-1.9276049366636692,12.412022280679428],[-1.9276049366636692,12.411842617622604],[-1.9277845997204932,12.411842617622604],[-1.9277845997204932,12.41166295456578],[-1.927964262777317,12.41166295456578],[-1.927964262777317,12.411483291508956],[-1.9281439258341408,12.411483291508956],[-1.9281439258341408,12.411303628452133],[-1.9286829150046125,12.411303628452133],[-1.9286829150046125,12.411123965395308],[-1.9288625780614366,12.411123965395308],[-1.9288625780614366,12.410944302338486],[-1.9292219041750844,12.410944302338486],[-1.9292219041750844,12.41076463928166],[-1.929581230288732,12.41076463928166],[-1.929581230288732,12.410584976224838],[-1.9297608933455561,12.410584976224838],[-1.9297608933455561,12.410405313168013],[-1.9302998825160278,12.410405313168013],[-1.9302998825160278,12.410225650111189],[-1.9304795455728516,12.410225650111189],[-1.9304795455728516,12.410045987054366],[-1.9308388716864995,12.410045987054366],[-1.9308388716864995,12.40986632399754],[-1.9310185347433233,12.40986632399754],[-1.9310185347433233,12.409686660940718],[-1.9319168500274428,12.409686660940718],[-1.9319168500274428,12.409506997883893],[-1.9324558391979145,12.409506997883893],[-1.9324558391979145,12.40932733482707],[-1.9326355022547386,12.40932733482707],[-1.9326355022547386,12.409147671770246],[-1.9328151653115624,12.409147671770246],[-1.9328151653115624,12.408968008713423],[-1.9329948283683864,12.408968008713423],[-1.9329948283683864,12.408788345656598],[-1.933713480595682,12.408788345656598],[-1.933713480595682,12.408608682599775],[-1.9344321328229777,12.408608682599775],[-1.9344321328229777,12.408788345656598],[-1.9349711219934493,12.408788345656598],[-1.9349711219934493,12.408968008713423],[-1.935510111163921,12.408968008713423],[-1.935510111163921,12.408788345656598],[-1.9358694372775689,12.408788345656598],[-1.9358694372775689,12.408608682599775],[-1.9364084264480406,12.408608682599775],[-1.9364084264480406,12.40842901954295],[-1.9367677525616884,12.40842901954295],[-1.9367677525616884,12.408249356486126],[-1.939103372300399,12.408249356486126],[-1.939103372300399,12.408069693429303],[-1.9396423614708709,12.408069693429303],[-1.9396423614708709,12.407890030372478],[-1.9400016875845185,12.407890030372478],[-1.9400016875845185,12.40753070425883],[-1.9403610136981664,12.40753070425883],[-1.9403610136981664,12.407351041202007],[-1.9405406767549902,12.407351041202007],[-1.9405406767549902,12.407171378145183],[-1.9407203398118142,12.407171378145183],[-1.9407203398118142,12.40699171508836],[-1.941079665925462,12.40699171508836],[-1.941079665925462,12.406812052031535],[-1.941259328982286,12.406812052031535],[-1.941259328982286,12.40663238897471],[-1.9414389920391097,12.40663238897471],[-1.9414389920391097,12.406812052031535],[-1.9416186550959338,12.406812052031535],[-1.9416186550959338,12.407171378145183],[-1.9417983181527576,12.407171378145183],[-1.9417983181527576,12.407351041202007],[-1.9419779812095816,12.407351041202007],[-1.9419779812095816,12.40753070425883],[-1.9421576442664055,12.40753070425883],[-1.9421576442664055,12.407710367315655],[-1.942876296493701,12.407710367315655],[-1.942876296493701,12.40753070425883],[-1.9434152856641729,12.40753070425883],[-1.9434152856641729,12.40699171508836],[-1.9437746117778205,12.40699171508836],[-1.9437746117778205,12.40663238897471],[-1.9439542748346446,12.40663238897471],[-1.9439542748346446,12.406273062861063],[-1.9441339378914684,12.406273062861063],[-1.9441339378914684,12.40609339980424],[-1.9444932640051162,12.40609339980424],[-1.9444932640051162,12.405913736747415],[-1.94467292706194,12.405913736747415],[-1.94467292706194,12.405734073690592],[-1.944852590118764,12.405734073690592],[-1.944852590118764,12.405554410633767],[-1.945032253175588,12.405554410633767],[-1.945032253175588,12.405374747576944],[-1.9453915792892358,12.405374747576944],[-1.9453915792892358,12.40519508452012],[-1.9455712423460596,12.40519508452012],[-1.9455712423460596,12.405015421463297],[-1.9459305684597075,12.405015421463297],[-1.9459305684597075,12.404835758406472],[-1.9464695576301791,12.404835758406472],[-1.9464695576301791,12.404656095349647],[-1.946649220687003,12.404656095349647],[-1.946649220687003,12.404476432292824],[-1.946828883743827,12.404476432292824],[-1.946828883743827,12.404296769236],[-1.9475475359711225,12.404296769236],[-1.9475475359711225,12.404117106179177],[-1.9480865251415942,12.404117106179177],[-1.9480865251415942,12.404296769236],[-1.948625514312066,12.404296769236],[-1.948625514312066,12.404476432292824],[-1.94880517736889,12.404476432292824],[-1.94880517736889,12.405015421463297],[-1.9489848404257137,12.405015421463297],[-1.9489848404257137,12.40519508452012],[-1.9493441665393616,12.40519508452012],[-1.9493441665393616,12.405374747576944],[-1.9502424818234811,12.405374747576944],[-1.9502424818234811,12.405554410633767],[-1.950422144880305,12.405554410633767],[-1.950422144880305,12.405374747576944],[-1.9516797862780724,12.405374747576944],[-1.9516797862780724,12.405554410633767],[-1.9518594493348962,12.405554410633767],[-1.9518594493348962,12.405913736747415],[-1.9520391123917202,12.405913736747415],[-1.9520391123917202,12.406452725917887],[-1.9518594493348962,12.406452725917887],[-1.9518594493348962,12.40663238897471],[-1.9516797862780724,12.40663238897471],[-1.9516797862780724,12.40699171508836],[-1.9515001232212486,12.40699171508836],[-1.9515001232212486,12.407171378145183],[-1.9516797862780724,12.407171378145183],[-1.9516797862780724,12.407351041202007],[-1.9518594493348962,12.407351041202007],[-1.9518594493348962,12.40753070425883],[-1.9520391123917202,12.40753070425883],[-1.9520391123917202,12.407890030372478],[-1.952218775448544,12.407890030372478],[-1.952218775448544,12.408069693429303],[-1.9520391123917202,12.408069693429303],[-1.9520391123917202,12.409147671770246],[-1.952398438505368,12.409147671770246],[-1.952398438505368,12.408968008713423],[-1.952578101562192,12.408968008713423],[-1.952578101562192,12.409147671770246],[-1.9527577646190157,12.409147671770246],[-1.9527577646190157,12.40932733482707],[-1.9536560799031353,12.40932733482707],[-1.9536560799031353,12.408968008713423],[-1.9538357429599593,12.408968008713423],[-1.9538357429599593,12.408608682599775],[-1.9540154060167831,12.408608682599775],[-1.9540154060167831,12.40842901954295],[-1.9545543951872548,12.40842901954295],[-1.9545543951872548,12.409686660940718],[-1.9547340582440786,12.409686660940718],[-1.9547340582440786,12.40986632399754],[-1.9554527104713744,12.40986632399754],[-1.9554527104713744,12.410045987054366],[-1.9556323735281982,12.410045987054366],[-1.9556323735281982,12.410405313168013],[-1.9558120365850222,12.410405313168013],[-1.9558120365850222,12.410584976224838],[-1.955991699641846,12.410584976224838],[-1.955991699641846,12.410045987054366],[-1.95617136269867,12.410045987054366],[-1.95617136269867,12.40986632399754],[-1.956351025755494,12.40986632399754],[-1.956351025755494,12.409686660940718],[-1.9565306888123177,12.409686660940718],[-1.9565306888123177,12.40986632399754],[-1.9568900149259656,12.40986632399754],[-1.9568900149259656,12.410045987054366],[-1.9576086671532613,12.410045987054366],[-1.9576086671532613,12.409686660940718],[-1.9577883302100851,12.409686660940718],[-1.9577883302100851,12.40932733482707],[-1.957967993266909,12.40932733482707],[-1.957967993266909,12.409147671770246],[-1.958147656323733,12.409147671770246],[-1.958147656323733,12.408968008713423],[-1.9588663085510285,12.408968008713423],[-1.9588663085510285,12.409147671770246],[-1.9590459716078525,12.409147671770246],[-1.9590459716078525,12.40932733482707],[-1.9592256346646764,12.40932733482707],[-1.9592256346646764,12.40986632399754],[-1.9595849607783242,12.40986632399754],[-1.9595849607783242,12.410045987054366],[-1.9594052977215002,12.410045987054366],[-1.9594052977215002,12.410405313168013],[-1.9592256346646764,12.410405313168013],[-1.9592256346646764,12.410944302338486],[-1.9590459716078525,12.410944302338486],[-1.9590459716078525,12.411123965395308],[-1.9592256346646764,12.411123965395308],[-1.9592256346646764,12.411303628452133],[-1.9594052977215002,12.411303628452133],[-1.9594052977215002,12.412201943736251],[-1.9592256346646764,12.412201943736251],[-1.9592256346646764,12.412381606793076],[-1.9590459716078525,12.412381606793076],[-1.9590459716078525,12.413459585134019],[-1.9588663085510285,12.413459585134019],[-1.9588663085510285,12.414178237361314],[-1.9586866454942047,12.414178237361314],[-1.9586866454942047,12.41579520487273],[-1.9585069824373806,12.41579520487273],[-1.9585069824373806,12.416334194043202],[-1.9586866454942047,12.416334194043202],[-1.9586866454942047,12.416873183213674],[-1.9585069824373806,12.416873183213674],[-1.9585069824373806,12.417232509327322],[-1.9583273193805568,12.417232509327322],[-1.9583273193805568,12.41759183544097],[-1.958147656323733,12.41759183544097],[-1.958147656323733,12.417951161554617],[-1.957967993266909,12.417951161554617],[-1.957967993266909,12.418310487668265],[-1.9577883302100851,12.418310487668265],[-1.9577883302100851,12.41849015072509],[-1.9576086671532613,12.41849015072509],[-1.9576086671532613,12.418669813781912],[-1.9574290040964373,12.418669813781912],[-1.9574290040964373,12.41992745517968],[-1.957967993266909,12.41992745517968],[-1.957967993266909,12.420286781293328],[-1.958147656323733,12.420286781293328],[-1.958147656323733,12.420466444350152],[-1.9583273193805568,12.420466444350152],[-1.9583273193805568,12.420646107406975],[-1.9585069824373806,12.420646107406975],[-1.9585069824373806,12.421185096577448],[-1.9583273193805568,12.421185096577448],[-1.9583273193805568,12.421544422691095],[-1.958147656323733,12.421544422691095],[-1.958147656323733,12.421903748804743],[-1.957967993266909,12.421903748804743],[-1.957967993266909,12.422622401032038],[-1.958147656323733,12.422622401032038],[-1.958147656323733,12.422802064088863],[-1.9583273193805568,12.422802064088863],[-1.9583273193805568,12.422981727145686],[-1.9585069824373806,12.422981727145686],[-1.9585069824373806,12.423341053259334],[-1.9586866454942047,12.423341053259334],[-1.9586866454942047,12.424419031600278],[-1.9585069824373806,12.424419031600278],[-1.9585069824373806,12.425137683827574],[-1.9583273193805568,12.425137683827574],[-1.9583273193805568,12.425317346884396],[-1.9585069824373806,12.425317346884396],[-1.9585069824373806,12.426574988282164],[-1.9583273193805568,12.426574988282164],[-1.9583273193805568,12.427652966623109],[-1.9585069824373806,12.427652966623109],[-1.9585069824373806,12.428371618850404],[-1.9586866454942047,12.428371618850404],[-1.9586866454942047,12.429808923304995],[-1.9585069824373806,12.429808923304995],[-1.9585069824373806,12.430168249418642],[-1.9576086671532613,12.430168249418642],[-1.9576086671532613,12.43052757553229],[-1.9577883302100851,12.43052757553229],[-1.9577883302100851,12.430707238589115],[-1.9583273193805568,12.430707238589115],[-1.9583273193805568,12.431066564702762],[-1.9586866454942047,12.431066564702762]],[[-1.9518594493348962,12.407171378145183],[-1.9520391123917202,12.407171378145183],[-1.9520391123917202,12.40699171508836],[-1.9518594493348962,12.40699171508836],[-1.9518594493348962,12.407171378145183]],[[-1.9595849607783242,12.427652966623109],[-1.959764623835148,12.427652966623109],[-1.959764623835148,12.42729364050946],[-1.9594052977215002,12.42729364050946],[-1.9594052977215002,12.427473303566284],[-1.9595849607783242,12.427473303566284],[-1.9595849607783242,12.427652966623109]]]},"id":"-10901+69190","properties":{"count":4090,"eau":1}},{"type":"Feature","geometry":{"geodesic":false,"type":"Polygon","coordinates":[[[-1.0894767765801556,12.49772155878443],[-1.0892971135233318,12.49772155878443],[-1.0892971135233318,12.497901221841255],[-1.0894767765801556,12.497901221841255],[-1.0894767765801556,12.49772155878443]]]},"id":"-6064+69562","properties":{"count":1,"eau":1}},{"type":"Feature","geometry":{"geodesic":false,"type":"Polygon","coordinates":[[[-1.0896564396369797,12.498260547954903],[-1.0894767765801556,12.498260547954903],[-1.0894767765801556,12.498440211011726],[-1.0896564396369797,12.498440211011726],[-1.0896564396369797,12.498260547954903]]]},"id":"-6065+69565","properties":{"count":1,"eau":1}},{"type":"Feature","geometry":{"geodesic":false,"type":"Polygon","coordinates":[[[-1.0896564396369797,12.49861987406855],[-1.0894767765801556,12.49861987406855],[-1.0894767765801556,12.498799537125374],[-1.0896564396369797,12.498799537125374],[-1.0896564396369797,12.49861987406855]]]},"id":"-6065+69567","properties":{"count":1,"eau":1}},{"type":"Feature","geometry":{"geodesic":false,"type":"Polygon","coordinates":[[[-1.0909140810347469,12.514070896955406],[-1.0903750918642752,12.514070896955406],[-1.0903750918642752,12.51425056001223],[-1.0909140810347469,12.51425056001223],[-1.0909140810347469,12.514070896955406]]]},"id":"-6070+69653","properties":{"count":3,"eau":1}},{"type":"Feature","geometry":{"geodesic":false,"type":"Polygon","coordinates":[[[-1.0921717224325143,12.514789549182701],[-1.0919920593756902,12.514789549182701],[-1.0919920593756902,12.514969212239526],[-1.0921717224325143,12.514969212239526],[-1.0921717224325143,12.514789549182701]]]},"id":"-6079+69657","properties":{"count":1,"eau":1}},{"type":"Feature","geometry":{"geodesic":false,"type":"Polygon","coordinates":[[[-1.0925310485461621,12.514609886125879],[-1.092351385489338,12.514609886125879],[-1.092351385489338,12.514789549182701],[-1.0925310485461621,12.514789549182701],[-1.0925310485461621,12.514609886125879]]]},"id":"-6081+69656","properties":{"count":1,"eau":1}},{"type":"Feature","geometry":{"geodesic":false,"type":"Polygon","coordinates":[[[-1.0928903746598098,12.498440211011726],[-1.092710711602986,12.498440211011726],[-1.092710711602986,12.49861987406855],[-1.0928903746598098,12.49861987406855],[-1.0928903746598098,12.498440211011726]]]},"id":"-6083+69566","properties":{"count":1,"eau":1}},{"type":"Feature","geometry":{"geodesic":false,"type":"MultiPolygon","coordinates":[[[[-1.0936090268871055,12.498260547954903],[-1.0934293638302817,12.498260547954903],[-1.0934293638302817,12.498440211011728],[-1.0936090268871055,12.498440211011728],[-1.0936090268871055,12.498260547954903]]],[[[-1.0930700377166338,12.49808088489808],[-1.09289037465981,12.49808088489808],[-1.09289037465981,12.498260547954903],[-1.0930700377166338,12.498260547954903],[-1.0930700377166338,12.49808088489808]]],[[[-1.0934293638302817,12.49808088489808],[-1.0932497007734576,12.49808088489808],[-1.0932497007734576,12.498260547954903],[-1.0934293638302817,12.498260547954903],[-1.0934293638302817,12.49808088489808]]],[[[-1.0932497007734576,12.498260547954903],[-1.0930700377166338,12.498260547954903],[-1.0930700377166338,12.498440211011728],[-1.0932497007734576,12.498440211011728],[-1.0932497007734576,12.498260547954903]]]]},"id":"-6085+69565","properties":{"count":4,"eau":1}},{"type":"Feature","geometry":{"geodesic":false,"type":"Polygon","coordinates":[[[-1.0934293638302814,12.514430223069054],[-1.0930700377166338,12.514430223069054],[-1.0930700377166338,12.514609886125879],[-1.0934293638302814,12.514609886125879],[-1.0934293638302814,12.514430223069054]]]},"id":"-6085+69655","properties":{"count":2,"eau":1}},{"type":"Feature","geometry":{"geodesic":false,"type":"Polygon","coordinates":[[[-1.0937886899439293,12.498979200182198],[-1.0936090268871055,12.498979200182198],[-1.0936090268871055,12.499158863239021],[-1.0937886899439293,12.499158863239021],[-1.0937886899439293,12.498979200182198]]]},"id":"-6088+69569","properties":{"count":1,"eau":1}},{"type":"Feature","geometry":{"geodesic":false,"type":"Polygon","coordinates":[[[-1.0941480160575772,12.498440211011726],[-1.0937886899439293,12.498440211011726],[-1.0937886899439293,12.49861987406855],[-1.0941480160575772,12.49861987406855],[-1.0941480160575772,12.498440211011726]]]},"id":"-6089+69566","properties":{"count":2,"eau":1}},{"type":"Feature","geometry":{"geodesic":false,"type":"Polygon","coordinates":[[[-1.094327679114401,12.498799537125374],[-1.0941480160575772,12.498799537125374],[-1.0941480160575772,12.499158863239021],[-1.094327679114401,12.499158863239021],[-1.094327679114401,12.498799537125374]]]},"id":"-6091+69569","properties":{"count":2,"eau":1}},{"type":"Feature","geometry":{"geodesic":false,"type":"MultiPolygon","coordinates":[[[[-1.1025921797283007,12.517484495035061],[-1.1024125166714769,12.517484495035061],[-1.1024125166714769,12.518023484205532],[-1.1025921797283007,12.518023484205532],[-1.1025921797283007,12.517484495035061]]],[[[-1.1018735275010052,12.518742136432829],[-1.1016938644441812,12.518742136432829],[-1.1016938644441812,12.518921799489652],[-1.1018735275010052,12.518921799489652],[-1.1018735275010052,12.518742136432829]]],[[[-1.1015142013873573,12.518742136432829],[-1.1013345383305335,12.518742136432829],[-1.1013345383305335,12.518921799489652],[-1.1015142013873573,12.518921799489652],[-1.1015142013873573,12.518742136432829]]],[[[-1.1011548752737095,12.519101462546477],[-1.1009752122168857,12.519101462546477],[-1.1009752122168857,12.5192811256033],[-1.1011548752737095,12.5192811256033],[-1.1011548752737095,12.519101462546477]]],[[[-1.099897233875942,12.513711570841759],[-1.0995379077622944,12.513711570841759],[-1.0995379077622944,12.513891233898583],[-1.099897233875942,12.513891233898583],[-1.099897233875942,12.513711570841759]]],[[[-1.0950463313416967,12.514430223069054],[-1.094866668284873,12.514430223069054],[-1.094866668284873,12.514609886125879],[-1.0950463313416967,12.514609886125879],[-1.0950463313416967,12.514430223069054]]],[[[-1.0943276791144012,12.514609886125879],[-1.0939683530007533,12.514609886125879],[-1.0939683530007533,12.514789549182703],[-1.0943276791144012,12.514789549182703],[-1.0943276791144012,12.514609886125879]]],[[[-1.0912734071483947,12.514969212239526],[-1.091093744091571,12.514969212239526],[-1.091093744091571,12.515148875296351],[-1.0912734071483947,12.515148875296351],[-1.0912734071483947,12.514969212239526]]],[[[-1.091093744091571,12.514430223069054],[-1.0909140810347469,12.514430223069054],[-1.0909140810347469,12.514789549182703],[-1.091093744091571,12.514789549182703],[-1.091093744091571,12.514430223069054]]],[[[-1.1025921797283007,12.516406516694117],[-1.1022328536146528,12.516406516694117],[-1.1022328536146528,12.516226853637294],[-1.1025921797283007,12.516226853637294],[-1.1025921797283007,12.515867527523646],[-1.1027718427851247,12.515867527523646],[-1.1027718427851247,12.515687864466821],[-1.1029515058419486,12.515687864466821],[-1.1029515058419486,12.515508201409999],[-1.1024125166714769,12.515508201409999],[-1.1024125166714769,12.515687864466821],[-1.1022328536146528,12.515687864466821],[-1.1022328536146528,12.515508201409999],[-1.102053190557829,12.515508201409999],[-1.102053190557829,12.514969212239526],[-1.1018735275010052,12.514969212239526],[-1.1018735275010052,12.514789549182703],[-1.1016938644441812,12.514789549182703],[-1.1016938644441812,12.514430223069054],[-1.1013345383305335,12.514430223069054],[-1.1013345383305335,12.514250560012231],[-1.1006158861032378,12.514250560012231],[-1.1006158861032378,12.514070896955406],[-1.1007955491600616,12.514070896955406],[-1.1007955491600616,12.513891233898583],[-1.1006158861032378,12.513891233898583],[-1.1006158861032378,12.513711570841759],[-1.100436223046414,12.513711570841759],[-1.100436223046414,12.513891233898583],[-1.10025655998959,12.513891233898583],[-1.10025655998959,12.514070896955406],[-1.1000768969327661,12.514070896955406],[-1.1000768969327661,12.514430223069054],[-1.099897233875942,12.514430223069054],[-1.099897233875942,12.514250560012231],[-1.0997175708191183,12.514250560012231],[-1.0997175708191183,12.514070896955406],[-1.0993582447054704,12.514070896955406],[-1.0993582447054704,12.513891233898583],[-1.0991785816486466,12.513891233898583],[-1.0991785816486466,12.514070896955406],[-1.0988192555349987,12.514070896955406],[-1.0988192555349987,12.514250560012231],[-1.0989989185918227,12.514250560012231],[-1.0989989185918227,12.514430223069054],[-1.0984599294213508,12.514430223069054],[-1.0984599294213508,12.514609886125879],[-1.0981006033077032,12.514609886125879],[-1.0981006033077032,12.514430223069054],[-1.0979209402508792,12.514430223069054],[-1.0979209402508792,12.514789549182703],[-1.0975616141372315,12.514789549182703],[-1.0975616141372315,12.514969212239526],[-1.0973819510804075,12.514969212239526],[-1.0973819510804075,12.514789549182703],[-1.0968429619099358,12.514789549182703],[-1.0968429619099358,12.514609886125879],[-1.0972022880235837,12.514609886125879],[-1.0972022880235837,12.514430223069054],[-1.0963039727394641,12.514430223069054],[-1.0963039727394641,12.514250560012231],[-1.09612430968264,12.514250560012231],[-1.09612430968264,12.514609886125879],[-1.0959446466258163,12.514609886125879],[-1.0959446466258163,12.514430223069054],[-1.0957649835689924,12.514430223069054],[-1.0957649835689924,12.514250560012231],[-1.0955853205121684,12.514250560012231],[-1.0955853205121684,12.514789549182703],[-1.0957649835689924,12.514789549182703],[-1.0957649835689924,12.514969212239526],[-1.0954056574553446,12.514969212239526],[-1.0954056574553446,12.514789549182703],[-1.094866668284873,12.514789549182703],[-1.094866668284873,12.515148875296351],[-1.0946870052280488,12.515148875296351],[-1.0946870052280488,12.515328538353174],[-1.094507342171225,12.515328538353174],[-1.094507342171225,12.514969212239526],[-1.0946870052280488,12.514969212239526],[-1.0946870052280488,12.514789549182703],[-1.0943276791144012,12.514789549182703],[-1.0943276791144012,12.515148875296351],[-1.0937886899439295,12.515148875296351],[-1.0937886899439295,12.514969212239526],[-1.0936090268871055,12.514969212239526],[-1.0936090268871055,12.515508201409999],[-1.0934293638302817,12.515508201409999],[-1.0934293638302817,12.515148875296351],[-1.0932497007734576,12.515148875296351],[-1.0932497007734576,12.514969212239526],[-1.0930700377166338,12.514969212239526],[-1.0930700377166338,12.515148875296351],[-1.09289037465981,12.515148875296351],[-1.09289037465981,12.514969212239526],[-1.092710711602986,12.514969212239526],[-1.092710711602986,12.515148875296351],[-1.0925310485461621,12.515148875296351],[-1.0925310485461621,12.515328538353174],[-1.0923513854893383,12.515328538353174],[-1.0923513854893383,12.515508201409999],[-1.0921717224325143,12.515508201409999],[-1.0921717224325143,12.515328538353174],[-1.0919920593756904,12.515328538353174],[-1.0919920593756904,12.515148875296351],[-1.0916327332620426,12.515148875296351],[-1.0916327332620426,12.515328538353174],[-1.0914530702052188,12.515328538353174],[-1.0914530702052188,12.515148875296351],[-1.0912734071483947,12.515148875296351],[-1.0912734071483947,12.515328538353174],[-1.090734417977923,12.515328538353174],[-1.090734417977923,12.515148875296351],[-1.0909140810347469,12.515148875296351],[-1.0909140810347469,12.514789549182703],[-1.090734417977923,12.514789549182703],[-1.090734417977923,12.514969212239526],[-1.0905547549210992,12.514969212239526],[-1.0905547549210992,12.514789549182703],[-1.0903750918642752,12.514789549182703],[-1.0903750918642752,12.515328538353174],[-1.0905547549210992,12.515328538353174],[-1.0905547549210992,12.515508201409999],[-1.0903750918642752,12.515508201409999],[-1.0903750918642752,12.516226853637294],[-1.0905547549210992,12.516226853637294],[-1.0905547549210992,12.516945505864589],[-1.090734417977923,12.516945505864589],[-1.090734417977923,12.517664158091884],[-1.0909140810347469,12.517664158091884],[-1.0909140810347469,12.51838281031918],[-1.091093744091571,12.51838281031918],[-1.091093744091571,12.519101462546477],[-1.0912734071483947,12.519101462546477],[-1.0912734071483947,12.519820114773772],[-1.0916327332620426,12.519820114773772],[-1.0916327332620426,12.519999777830595],[-1.0921717224325143,12.519999777830595],[-1.0921717224325143,12.52017944088742],[-1.0925310485461621,12.52017944088742],[-1.0925310485461621,12.520538767001067],[-1.09289037465981,12.520538767001067],[-1.09289037465981,12.520898093114715],[-1.0930700377166338,12.520898093114715],[-1.0930700377166338,12.52107775617154],[-1.0932497007734576,12.52107775617154],[-1.0932497007734576,12.520898093114715],[-1.0937886899439295,12.520898093114715],[-1.0937886899439295,12.52107775617154],[-1.0939683530007533,12.52107775617154],[-1.0939683530007533,12.521437082285187],[-1.0941480160575772,12.521437082285187],[-1.0941480160575772,12.52161674534201],[-1.0946870052280488,12.52161674534201],[-1.0946870052280488,12.521257419228363],[-1.0950463313416967,12.521257419228363],[-1.0950463313416967,12.521437082285187],[-1.0952259943985208,12.521437082285187],[-1.0952259943985208,12.52107775617154],[-1.0954056574553446,12.52107775617154],[-1.0954056574553446,12.520898093114715],[-1.0959446466258163,12.520898093114715],[-1.0959446466258163,12.520718430057892],[-1.096663298853112,12.520718430057892],[-1.096663298853112,12.520898093114715],[-1.0968429619099358,12.520898093114715],[-1.0968429619099358,12.520718430057892],[-1.0970226249667596,12.520718430057892],[-1.0970226249667596,12.520538767001067],[-1.0972022880235837,12.520538767001067],[-1.0972022880235837,12.520718430057892],[-1.0973819510804075,12.520718430057892],[-1.0973819510804075,12.520359103944243],[-1.0977412771940553,12.520359103944243],[-1.0977412771940553,12.519820114773772],[-1.0979209402508792,12.519820114773772],[-1.0979209402508792,12.519640451716947],[-1.098280266364527,12.519640451716947],[-1.098280266364527,12.5192811256033],[-1.0988192555349987,12.5192811256033],[-1.0988192555349987,12.519101462546477],[-1.0995379077622944,12.519101462546477],[-1.0995379077622944,12.518921799489652],[-1.0997175708191183,12.518921799489652],[-1.0997175708191183,12.519101462546477],[-1.099897233875942,12.519101462546477],[-1.099897233875942,12.518921799489652],[-1.10025655998959,12.518921799489652],[-1.10025655998959,12.518742136432829],[-1.1006158861032378,12.518742136432829],[-1.1006158861032378,12.518562473376004],[-1.1009752122168857,12.518562473376004],[-1.1009752122168857,12.518742136432829],[-1.1011548752737095,12.518742136432829],[-1.1011548752737095,12.518562473376004],[-1.1015142013873573,12.518562473376004],[-1.1015142013873573,12.518742136432829],[-1.1016938644441812,12.518742136432829],[-1.1016938644441812,12.518562473376004],[-1.1018735275010052,12.518562473376004],[-1.1018735275010052,12.51838281031918],[-1.102053190557829,12.51838281031918],[-1.102053190557829,12.518203147262357],[-1.1022328536146528,12.518203147262357],[-1.1022328536146528,12.517843821148709],[-1.102053190557829,12.517843821148709],[-1.102053190557829,12.517664158091884],[-1.1022328536146528,12.517664158091884],[-1.1022328536146528,12.517484495035061],[-1.102053190557829,12.517484495035061],[-1.102053190557829,12.517304831978237],[-1.1022328536146528,12.517304831978237],[-1.1022328536146528,12.517125168921414],[-1.1024125166714769,12.517125168921414],[-1.1024125166714769,12.516945505864589],[-1.1027718427851247,12.516945505864589],[-1.1027718427851247,12.517125168921414],[-1.1031311688987724,12.517125168921414],[-1.1031311688987724,12.516945505864589],[-1.1029515058419486,12.516945505864589],[-1.1029515058419486,12.516765842807766],[-1.1033108319555964,12.516765842807766],[-1.1033108319555964,12.516586179750941],[-1.1031311688987724,12.516586179750941],[-1.1031311688987724,12.516406516694117],[-1.1033108319555964,12.516406516694117],[-1.1033108319555964,12.516226853637294],[-1.1031311688987724,12.516226853637294],[-1.1031311688987724,12.516047190580469],[-1.1029515058419486,12.516047190580469],[-1.1029515058419486,12.516586179750941],[-1.1027718427851247,12.516586179750941],[-1.1027718427851247,12.516765842807766],[-1.1025921797283007,12.516765842807766],[-1.1025921797283007,12.516406516694117]],[[-1.1022328536146528,12.516406516694117],[-1.102053190557829,12.516406516694117],[-1.102053190557829,12.516586179750941],[-1.1022328536146528,12.516586179750941],[-1.1022328536146528,12.516406516694117]],[[-1.1018735275010052,12.51838281031918],[-1.1018735275010052,12.518203147262357],[-1.1016938644441812,12.518203147262357],[-1.1016938644441812,12.51838281031918],[-1.1018735275010052,12.51838281031918]],[[-1.1013345383305335,12.514430223069054],[-1.1009752122168857,12.514430223069054],[-1.1009752122168857,12.514609886125879],[-1.1011548752737095,12.514609886125879],[-1.1011548752737095,12.514789549182703],[-1.1013345383305335,12.514789549182703],[-1.1013345383305335,12.514969212239526],[-1.1015142013873573,12.514969212239526],[-1.1015142013873573,12.514609886125879],[-1.1013345383305335,12.514609886125879],[-1.1013345383305335,12.514430223069054]],[[-1.0975616141372315,12.514969212239526],[-1.0975616141372315,12.515148875296351],[-1.0977412771940553,12.515148875296351],[-1.0977412771940553,12.514969212239526],[-1.0975616141372315,12.514969212239526]],[[-1.09612430968264,12.514609886125879],[-1.09612430968264,12.514789549182703],[-1.0963039727394641,12.514789549182703],[-1.0963039727394641,12.514609886125879],[-1.09612430968264,12.514609886125879]],[[-1.0954056574553446,12.514969212239526],[-1.0950463313416967,12.514969212239526],[-1.0950463313416967,12.515148875296351],[-1.0954056574553446,12.515148875296351],[-1.0954056574553446,12.514969212239526]],[[-1.094507342171225,12.515328538353174],[-1.0943276791144012,12.515328538353174],[-1.0943276791144012,12.515508201409999],[-1.094507342171225,12.515508201409999],[-1.094507342171225,12.515328538353174]],[[-1.0916327332620426,12.515328538353174],[-1.0916327332620426,12.515687864466821],[-1.0918123963188664,12.515687864466821],[-1.0918123963188664,12.515328538353174],[-1.0916327332620426,12.515328538353174]],[[-1.1018735275010052,12.515148875296351],[-1.1016938644441812,12.515148875296351],[-1.1016938644441812,12.515328538353174],[-1.1018735275010052,12.515328538353174],[-1.1018735275010052,12.515148875296351]],[[-1.1015142013873573,12.516945505864589],[-1.1013345383305335,12.516945505864589],[-1.1013345383305335,12.517125168921414],[-1.1015142013873573,12.517125168921414],[-1.1015142013873573,12.516945505864589]],[[-1.1013345383305335,12.518203147262357],[-1.1011548752737095,12.518203147262357],[-1.1011548752737095,12.51838281031918],[-1.1013345383305335,12.51838281031918],[-1.1013345383305335,12.518203147262357]],[[-1.1009752122168857,12.516765842807766],[-1.1007955491600616,12.516765842807766],[-1.1007955491600616,12.516945505864589],[-1.1009752122168857,12.516945505864589],[-1.1009752122168857,12.516765842807766]],[[-1.1006158861032378,12.514430223069054],[-1.100436223046414,12.514430223069054],[-1.100436223046414,12.514609886125879],[-1.1006158861032378,12.514609886125879],[-1.1006158861032378,12.514430223069054]],[[-1.0986395924781749,12.514969212239526],[-1.0984599294213508,12.514969212239526],[-1.0984599294213508,12.515148875296351],[-1.0986395924781749,12.515148875296351],[-1.0986395924781749,12.514969212239526]],[[-1.098280266364527,12.514789549182703],[-1.0981006033077032,12.514789549182703],[-1.0981006033077032,12.514969212239526],[-1.098280266364527,12.514969212239526],[-1.098280266364527,12.514789549182703]],[[-1.0939683530007533,12.515687864466821],[-1.0937886899439295,12.515687864466821],[-1.0937886899439295,12.515867527523646],[-1.0939683530007533,12.515867527523646],[-1.0939683530007533,12.515687864466821]],[[-1.0932497007734576,12.515508201409999],[-1.0930700377166338,12.515508201409999],[-1.0930700377166338,12.515687864466821],[-1.0932497007734576,12.515687864466821],[-1.0932497007734576,12.515508201409999]],[[-1.102053190557829,12.516047190580469],[-1.1018735275010052,12.516047190580469],[-1.1018735275010052,12.516226853637294],[-1.102053190557829,12.516226853637294],[-1.102053190557829,12.516047190580469]],[[-1.0991785816486466,12.514609886125879],[-1.0989989185918227,12.514609886125879],[-1.0989989185918227,12.514969212239526],[-1.0991785816486466,12.514969212239526],[-1.0991785816486466,12.514609886125879]],[[-1.0991785816486466,12.514609886125879],[-1.0995379077622944,12.514609886125879],[-1.0995379077622944,12.514250560012231],[-1.0991785816486466,12.514250560012231],[-1.0991785816486466,12.514609886125879]],[[-1.102053190557829,12.516047190580469],[-1.1022328536146528,12.516047190580469],[-1.1022328536146528,12.515867527523646],[-1.102053190557829,12.515867527523646],[-1.102053190557829,12.516047190580469]]],[[[-1.1027718427851247,12.516226853637294],[-1.1025921797283007,12.516226853637294],[-1.1025921797283007,12.516406516694117],[-1.1027718427851247,12.516406516694117],[-1.1027718427851247,12.516226853637294]]],[[[-1.1027718427851247,12.517125168921414],[-1.1024125166714769,12.517125168921414],[-1.1024125166714769,12.517304831978237],[-1.1027718427851247,12.517304831978237],[-1.1027718427851247,12.517125168921414]]],[[[-1.1024125166714769,12.514969212239526],[-1.1022328536146528,12.514969212239526],[-1.1022328536146528,12.515508201409999],[-1.1024125166714769,12.515508201409999],[-1.1024125166714769,12.514969212239526]]],[[[-1.1024125166714769,12.517304831978237],[-1.1022328536146528,12.517304831978237],[-1.1022328536146528,12.517484495035061],[-1.1024125166714769,12.517484495035061],[-1.1024125166714769,12.517304831978237]]],[[[-1.1009752122168857,12.518921799489652],[-1.1007955491600616,12.518921799489652],[-1.1007955491600616,12.519101462546477],[-1.1009752122168857,12.519101462546477],[-1.1009752122168857,12.518921799489652]]],[[[-1.1007955491600616,12.518742136432829],[-1.1006158861032378,12.518742136432829],[-1.1006158861032378,12.518921799489652],[-1.1007955491600616,12.518921799489652],[-1.1007955491600616,12.518742136432829]]],[[[-1.10025655998959,12.513711570841759],[-1.1000768969327661,12.513711570841759],[-1.1000768969327661,12.513891233898583],[-1.10025655998959,12.513891233898583],[-1.10025655998959,12.513711570841759]]],[[[-1.1000768969327661,12.513891233898583],[-1.099897233875942,12.513891233898583],[-1.099897233875942,12.514070896955406],[-1.1000768969327661,12.514070896955406],[-1.1000768969327661,12.513891233898583]]],[[[-1.094866668284873,12.514609886125879],[-1.0946870052280488,12.514609886125879],[-1.0946870052280488,12.514789549182703],[-1.094866668284873,12.514789549182703],[-1.094866668284873,12.514609886125879]]],[[[-1.0923513854893383,12.515148875296351],[-1.0921717224325143,12.515148875296351],[-1.0921717224325143,12.515328538353174],[-1.0923513854893383,12.515328538353174],[-1.0923513854893383,12.515148875296351]]],[[[-1.0916327332620426,12.514969212239526],[-1.0914530702052188,12.514969212239526],[-1.0914530702052188,12.515148875296351],[-1.0916327332620426,12.515148875296351],[-1.0916327332620426,12.514969212239526]]]]},"id":"-6091+69694","properties":{"count":1900,"eau":1}},{"type":"Feature","geometry":{"geodesic":false,"type":"Polygon","coordinates":[[[-1.0946870052280488,12.497541895727608],[-1.094327679114401,12.497541895727608],[-1.094327679114401,12.49772155878443],[-1.0946870052280488,12.49772155878443],[-1.0946870052280488,12.497541895727608]]]},"id":"-6092+69561","properties":{"count":2,"eau":1}},{"type":"Feature","geometry":{"geodesic":false,"type":"Polygon","coordinates":[[[-1.094866668284873,12.49861987406855],[-1.094507342171225,12.49861987406855],[-1.094507342171225,12.498799537125374],[-1.094866668284873,12.498799537125374],[-1.094866668284873,12.49861987406855]]]},"id":"-6093+69567","properties":{"count":2,"eau":1}},{"type":"Feature","geometry":{"geodesic":false,"type":"MultiPolygon","coordinates":[[[[-1.0950463313416967,12.498260547954903],[-1.0950463313416967,12.498799537125375],[-1.0954056574553446,12.498799537125375],[-1.0954056574553446,12.49861987406855],[-1.0952259943985208,12.49861987406855],[-1.0952259943985208,12.498440211011728],[-1.0954056574553446,12.498440211011728],[-1.0954056574553446,12.498260547954903],[-1.0950463313416967,12.498260547954903]]],[[[-1.094866668284873,12.49808088489808],[-1.094866668284873,12.497901221841255],[-1.094507342171225,12.497901221841255],[-1.094507342171225,12.498440211011728],[-1.0946870052280488,12.498440211011728],[-1.0946870052280488,12.49808088489808],[-1.094866668284873,12.49808088489808]]],[[[-1.0950463313416967,12.49808088489808],[-1.094866668284873,12.49808088489808],[-1.094866668284873,12.498260547954903],[-1.0950463313416967,12.498260547954903],[-1.0950463313416967,12.49808088489808]]]]},"id":"-6096+69567","properties":{"count":10,"eau":1}},{"type":"Feature","geometry":{"geodesic":false,"type":"Polygon","coordinates":[[[-1.0959446466258163,12.498260547954903],[-1.0957649835689922,12.498260547954903],[-1.0957649835689922,12.498440211011726],[-1.0959446466258163,12.498440211011726],[-1.0959446466258163,12.498260547954903]]]},"id":"-6100+69565","properties":{"count":1,"eau":1}},{"type":"Feature","geometry":{"geodesic":false,"type":"Polygon","coordinates":[[[-1.0959446466258163,12.500057178523141],[-1.0957649835689922,12.500057178523141],[-1.0957649835689922,12.500416504636789],[-1.0959446466258163,12.500416504636789],[-1.0959446466258163,12.500057178523141]]]},"id":"-6100+69576","properties":{"count":2,"eau":1}},{"type":"Feature","geometry":{"geodesic":false,"type":"Polygon","coordinates":[[[-1.09612430968264,12.49951818935267],[-1.0959446466258163,12.49951818935267],[-1.0959446466258163,12.499877515466318],[-1.09612430968264,12.499877515466318],[-1.09612430968264,12.49951818935267]]]},"id":"-6101+69573","properties":{"count":2,"eau":1}},{"type":"Feature","geometry":{"geodesic":false,"type":"Polygon","coordinates":[[[-1.0963039727394641,12.49538593904572],[-1.09612430968264,12.49538593904572],[-1.09612430968264,12.495565602102543],[-1.0963039727394641,12.495565602102543],[-1.0963039727394641,12.49538593904572]]]},"id":"-6102+69549","properties":{"count":1,"eau":1}},{"type":"Feature","geometry":{"geodesic":false,"type":"Polygon","coordinates":[[[-1.096483635796288,12.498260547954903],[-1.0963039727394641,12.498260547954903],[-1.0963039727394641,12.498440211011726],[-1.096483635796288,12.498440211011726],[-1.096483635796288,12.498260547954903]]]},"id":"-6103+69565","properties":{"count":1,"eau":1}},{"type":"Feature","geometry":{"geodesic":false,"type":"Polygon","coordinates":[[[-1.0966632988531118,12.500057178523141],[-1.096483635796288,12.500057178523141],[-1.096483635796288,12.500236841579966],[-1.0966632988531118,12.500236841579966],[-1.0966632988531118,12.500057178523141]]]},"id":"-6104+69575","properties":{"count":1,"eau":1}},{"type":"Feature","geometry":{"geodesic":false,"type":"MultiPolygon","coordinates":[[[[-1.0991785816486466,12.502572461318676],[-1.0989989185918227,12.502572461318676],[-1.0989989185918227,12.502931787432324],[-1.0991785816486466,12.502931787432324],[-1.0991785816486466,12.502572461318676]]],[[[-1.0993582447054704,12.502931787432324],[-1.0991785816486466,12.502931787432324],[-1.0991785816486466,12.503111450489149],[-1.0993582447054704,12.503111450489149],[-1.0993582447054704,12.502931787432324]]]]},"id":"-6119+69591","properties":{"count":3,"eau":1}},{"type":"Feature","geometry":{"geodesic":false,"type":"Polygon","coordinates":[[[-1.099897233875942,12.503291113545972],[-1.0997175708191183,12.503291113545972],[-1.0997175708191183,12.503470776602796],[-1.099897233875942,12.503470776602796],[-1.099897233875942,12.503291113545972]]]},"id":"-6122+69593","properties":{"count":1,"eau":1}},{"type":"Feature","geometry":{"geodesic":false,"type":"Polygon","coordinates":[[[-1.099897233875942,12.512992918614463],[-1.0997175708191183,12.512992918614463],[-1.0997175708191183,12.513172581671286],[-1.099897233875942,12.513172581671286],[-1.099897233875942,12.512992918614463]]]},"id":"-6122+69647","properties":{"count":1,"eau":1}},{"type":"Feature","geometry":{"geodesic":false,"type":"Polygon","coordinates":[[[-1.1004362230464138,12.503291113545972],[-1.1000768969327661,12.503291113545972],[-1.1000768969327661,12.503470776602796],[-1.1004362230464138,12.503470776602796],[-1.1004362230464138,12.503291113545972]]]},"id":"-6124+69593","properties":{"count":2,"eau":1}},{"type":"Feature","geometry":{"geodesic":false,"type":"Polygon","coordinates":[[[-1.1006158861032378,12.50365043965962],[-1.1004362230464138,12.50365043965962],[-1.1004362230464138,12.503830102716444],[-1.1006158861032378,12.503830102716444],[-1.1006158861032378,12.50365043965962]]]},"id":"-6126+69595","properties":{"count":1,"eau":1}},{"type":"Feature","geometry":{"geodesic":false,"type":"Polygon","coordinates":[[[-1.1009752122168854,12.50365043965962],[-1.1007955491600616,12.50365043965962],[-1.1007955491600616,12.503830102716444],[-1.1009752122168854,12.503830102716444],[-1.1009752122168854,12.50365043965962]]]},"id":"-6128+69595","properties":{"count":1,"eau":1}},{"type":"Feature","geometry":{"geodesic":false,"type":"Polygon","coordinates":[[[-1.1011548752737095,12.504189428830092],[-1.1009752122168854,12.504189428830092],[-1.1009752122168854,12.50454875494374],[-1.1011548752737095,12.50454875494374],[-1.1011548752737095,12.504189428830092]]]},"id":"-6129+69599","properties":{"count":2,"eau":1}},{"type":"Feature","geometry":{"geodesic":false,"type":"MultiPolygon","coordinates":[[[[-1.1009752122168857,12.513531907784936],[-1.1007955491600616,12.513531907784936],[-1.1007955491600616,12.513711570841759],[-1.1009752122168857,12.513711570841759],[-1.1009752122168857,12.513531907784936]]],[[[-1.1011548752737095,12.513711570841759],[-1.1009752122168857,12.513711570841759],[-1.1009752122168857,12.513891233898583],[-1.1011548752737095,12.513891233898583],[-1.1011548752737095,12.513711570841759]]]]},"id":"-6129+69651","properties":{"count":2,"eau":1}},{"type":"Feature","geometry":{"geodesic":false,"type":"Polygon","coordinates":[[[-1.1016938644441812,12.513891233898581],[-1.1015142013873573,12.513891233898581],[-1.1015142013873573,12.514070896955406],[-1.1016938644441812,12.514070896955406],[-1.1016938644441812,12.513891233898581]]]},"id":"-6132+69652","properties":{"count":1,"eau":1}},{"type":"Feature","geometry":{"geodesic":false,"type":"Polygon","coordinates":[[[-1.1022328536146528,12.503291113545972],[-1.102053190557829,12.503291113545972],[-1.102053190557829,12.503470776602796],[-1.1022328536146528,12.503470776602796],[-1.1022328536146528,12.503291113545972]]]},"id":"-6135+69593","properties":{"count":1,"eau":1}},{"type":"Feature","geometry":{"geodesic":false,"type":"Polygon","coordinates":[[[-1.1022328536146528,12.51425056001223],[-1.102053190557829,12.51425056001223],[-1.102053190557829,12.514609886125879],[-1.1022328536146528,12.514609886125879],[-1.1022328536146528,12.51425056001223]]]},"id":"-6135+69655","properties":{"count":2,"eau":1}},{"type":"Feature","geometry":{"geodesic":false,"type":"Polygon","coordinates":[[[-1.1024125166714767,12.50365043965962],[-1.1022328536146528,12.50365043965962],[-1.1022328536146528,12.503830102716444],[-1.1024125166714767,12.503830102716444],[-1.1024125166714767,12.50365043965962]]]},"id":"-6136+69595","properties":{"count":1,"eau":1}},{"type":"Feature","geometry":{"geodesic":false,"type":"Polygon","coordinates":[[[-1.1027718427851245,12.518742136432827],[-1.1027718427851245,12.51838281031918],[-1.1024125166714767,12.51838281031918],[-1.1024125166714767,12.518562473376004],[-1.1025921797283007,12.518562473376004],[-1.1025921797283007,12.518742136432827],[-1.1027718427851245,12.518742136432827]]]},"id":"-6138+69678","properties":{"count":3,"eau":1}},{"type":"Feature","geometry":{"geodesic":false,"type":"Polygon","coordinates":[[[-1.1029515058419486,12.514609886125879],[-1.1027718427851245,12.514609886125879],[-1.1027718427851245,12.514789549182701],[-1.1029515058419486,12.514789549182701],[-1.1029515058419486,12.514609886125879]]]},"id":"-6139+69656","properties":{"count":1,"eau":1}},{"type":"Feature","geometry":{"geodesic":false,"type":"Polygon","coordinates":[[[-1.1029515058419486,12.514969212239526],[-1.1027718427851245,12.514969212239526],[-1.1027718427851245,12.51514887529635],[-1.1029515058419486,12.51514887529635],[-1.1029515058419486,12.514969212239526]]]},"id":"-6139+69658","properties":{"count":1,"eau":1}},{"type":"Feature","geometry":{"geodesic":false,"type":"Polygon","coordinates":[[[-1.1029515058419486,12.518023484205532],[-1.1027718427851245,12.518023484205532],[-1.1027718427851245,12.518203147262355],[-1.1029515058419486,12.518203147262355],[-1.1029515058419486,12.518023484205532]]]},"id":"-6139+69675","properties":{"count":1,"eau":1}},{"type":"Feature","geometry":{"geodesic":false,"type":"Polygon","coordinates":[[[-1.1031311688987724,12.517304831978237],[-1.1029515058419486,12.517304831978237],[-1.1029515058419486,12.51748449503506],[-1.1031311688987724,12.51748449503506],[-1.1031311688987724,12.517304831978237]]]},"id":"-6140+69671","properties":{"count":1,"eau":1}},{"type":"Feature","geometry":{"geodesic":false,"type":"Polygon","coordinates":[[[-1.1033108319555962,12.515328538353174],[-1.1031311688987724,12.515328538353174],[-1.1031311688987724,12.515508201409997],[-1.1033108319555962,12.515508201409997],[-1.1033108319555962,12.515328538353174]]]},"id":"-6141+69660","properties":{"count":1,"eau":1}},{"type":"Feature","geometry":{"geodesic":false,"type":"Polygon","coordinates":[[[-1.1033108319555962,12.518023484205532],[-1.1031311688987724,12.518023484205532],[-1.1031311688987724,12.518203147262355],[-1.1033108319555962,12.518203147262355],[-1.1033108319555962,12.518023484205532]]]},"id":"-6141+69675","properties":{"count":1,"eau":1}},{"type":"Feature","geometry":{"geodesic":false,"type":"Polygon","coordinates":[[[-1.1034904950124202,12.514969212239526],[-1.1033108319555962,12.514969212239526],[-1.1033108319555962,12.51514887529635],[-1.1034904950124202,12.51514887529635],[-1.1034904950124202,12.514969212239526]]]},"id":"-6142+69658","properties":{"count":1,"eau":1}},{"type":"Feature","geometry":{"geodesic":false,"type":"Polygon","coordinates":[[[-1.103670158069244,12.514609886125879],[-1.1034904950124202,12.514609886125879],[-1.1034904950124202,12.514789549182701],[-1.103670158069244,12.514789549182701],[-1.103670158069244,12.514609886125879]]]},"id":"-6143+69656","properties":{"count":1,"eau":1}},{"type":"Feature","geometry":{"geodesic":false,"type":"MultiPolygon","coordinates":[[[[-1.1034904950124202,12.515687864466821],[-1.1033108319555964,12.515687864466821],[-1.1033108319555964,12.516047190580469],[-1.1034904950124202,12.516047190580469],[-1.1034904950124202,12.515687864466821]]],[[[-1.103670158069244,12.516047190580469],[-1.1034904950124202,12.516047190580469],[-1.1034904950124202,12.516406516694117],[-1.103670158069244,12.516406516694117],[-1.103670158069244,12.516047190580469]]]]},"id":"-6143+69665","properties":{"count":4,"eau":1}},{"type":"Feature","geometry":{"geodesic":false,"type":"Polygon","coordinates":[[[-1.103670158069244,12.516945505864589],[-1.1034904950124202,12.516945505864589],[-1.1034904950124202,12.517125168921412],[-1.103670158069244,12.517125168921412],[-1.103670158069244,12.516945505864589]]]},"id":"-6143+69669","properties":{"count":1,"eau":1}},{"type":"Feature","geometry":{"geodesic":false,"type":"Polygon","coordinates":[[[-1.103670158069244,12.51748449503506],[-1.1034904950124202,12.51748449503506],[-1.1034904950124202,12.517664158091884],[-1.103670158069244,12.517664158091884],[-1.103670158069244,12.51748449503506]]]},"id":"-6143+69672","properties":{"count":1,"eau":1}},{"type":"Feature","geometry":{"geodesic":false,"type":"Polygon","coordinates":[[[-1.1038498211260679,12.504369091886915],[-1.103670158069244,12.504369091886915],[-1.103670158069244,12.504728418000562],[-1.1038498211260679,12.504728418000562],[-1.1038498211260679,12.504369091886915]]]},"id":"-6144+69600","properties":{"count":2,"eau":1}},{"type":"Feature","geometry":{"geodesic":false,"type":"Polygon","coordinates":[[[-1.1038498211260679,12.51514887529635],[-1.103670158069244,12.51514887529635],[-1.103670158069244,12.515508201409997],[-1.1038498211260679,12.515508201409997],[-1.1038498211260679,12.51514887529635]]]},"id":"-6144+69660","properties":{"count":2,"eau":1}},{"type":"Feature","geometry":{"geodesic":false,"type":"MultiPolygon","coordinates":[[[[-1.103849821126068,12.514250560012231],[-1.103670158069244,12.514250560012231],[-1.103670158069244,12.514430223069054],[-1.103849821126068,12.514430223069054],[-1.103849821126068,12.514250560012231]]],[[[-1.104029484182892,12.514430223069054],[-1.103849821126068,12.514430223069054],[-1.103849821126068,12.514609886125879],[-1.104029484182892,12.514609886125879],[-1.104029484182892,12.514430223069054]]]]},"id":"-6145+69655","properties":{"count":2,"eau":1}},{"type":"Feature","geometry":{"geodesic":false,"type":"Polygon","coordinates":[[[-1.104029484182892,12.514789549182701],[-1.1038498211260679,12.514789549182701],[-1.1038498211260679,12.514969212239526],[-1.104029484182892,12.514969212239526],[-1.104029484182892,12.514789549182701]]]},"id":"-6145+69657","properties":{"count":1,"eau":1}},{"type":"Feature","geometry":{"geodesic":false,"type":"Polygon","coordinates":[[[-1.104029484182892,12.515687864466821],[-1.1038498211260679,12.515687864466821],[-1.1038498211260679,12.515867527523644],[-1.104029484182892,12.515867527523644],[-1.104029484182892,12.515687864466821]]]},"id":"-6145+69662","properties":{"count":1,"eau":1}},{"type":"Feature","geometry":{"geodesic":false,"type":"Polygon","coordinates":[[[-1.104029484182892,12.516047190580469],[-1.1038498211260679,12.516047190580469],[-1.1038498211260679,12.516226853637292],[-1.104029484182892,12.516226853637292],[-1.104029484182892,12.516047190580469]]]},"id":"-6145+69664","properties":{"count":1,"eau":1}},{"type":"Feature","geometry":{"geodesic":false,"type":"Polygon","coordinates":[[[-1.1042091472397157,12.504189428830092],[-1.104029484182892,12.504189428830092],[-1.104029484182892,12.504369091886915],[-1.1042091472397157,12.504369091886915],[-1.1042091472397157,12.504189428830092]]]},"id":"-6146+69598","properties":{"count":1,"eau":1}},{"type":"Feature","geometry":{"geodesic":false,"type":"Polygon","coordinates":[[[-1.1042091472397157,12.514070896955406],[-1.104029484182892,12.514070896955406],[-1.104029484182892,12.51425056001223],[-1.1042091472397157,12.51425056001223],[-1.1042091472397157,12.514070896955406]]]},"id":"-6146+69653","properties":{"count":1,"eau":1}},{"type":"Feature","geometry":{"geodesic":false,"type":"Polygon","coordinates":[[[-1.1043888102965398,12.51748449503506],[-1.104029484182892,12.51748449503506],[-1.104029484182892,12.517664158091884],[-1.1043888102965398,12.517664158091884],[-1.1043888102965398,12.51748449503506]]]},"id":"-6146+69672","properties":{"count":2,"eau":1}},{"type":"Feature","geometry":{"geodesic":false,"type":"Polygon","coordinates":[[[-1.1043888102965398,12.514430223069054],[-1.1042091472397157,12.514430223069054],[-1.1042091472397157,12.514789549182701],[-1.1043888102965398,12.514789549182701],[-1.1043888102965398,12.514430223069054]]]},"id":"-6147+69656","properties":{"count":2,"eau":1}},{"type":"Feature","geometry":{"geodesic":false,"type":"Polygon","coordinates":[[[-1.1043888102965398,12.516406516694117],[-1.1042091472397157,12.516406516694117],[-1.1042091472397157,12.516586179750941],[-1.1043888102965398,12.516586179750941],[-1.1043888102965398,12.516406516694117]]]},"id":"-6147+69666","properties":{"count":1,"eau":1}},{"type":"Feature","geometry":{"geodesic":false,"type":"Polygon","coordinates":[[[-1.1043888102965398,12.517843821148707],[-1.1042091472397157,12.517843821148707],[-1.1042091472397157,12.518023484205532],[-1.1043888102965398,12.518023484205532],[-1.1043888102965398,12.517843821148707]]]},"id":"-6147+69674","properties":{"count":1,"eau":1}},{"type":"Feature","geometry":{"geodesic":false,"type":"MultiPolygon","coordinates":[[[[-1.107802408376194,12.514070896955406],[-1.10762274531937,12.514070896955406],[-1.10762274531937,12.514250560012231],[-1.107802408376194,12.514250560012231],[-1.107802408376194,12.514070896955406]]],[[[-1.107802408376194,12.515148875296351],[-1.10762274531937,12.515148875296351],[-1.10762274531937,12.515328538353174],[-1.107802408376194,12.515328538353174],[-1.107802408376194,12.515148875296351]]],[[[-1.1072634192057222,12.514250560012231],[-1.1070837561488984,12.514250560012231],[-1.1070837561488984,12.514430223069054],[-1.1072634192057222,12.514430223069054],[-1.1072634192057222,12.514250560012231]]],[[[-1.1063651039216027,12.514070896955406],[-1.1061854408647789,12.514070896955406],[-1.1061854408647789,12.514250560012231],[-1.1063651039216027,12.514250560012231],[-1.1063651039216027,12.514070896955406]]],[[[-1.1054667886374832,12.514250560012231],[-1.1052871255806593,12.514250560012231],[-1.1052871255806593,12.514430223069054],[-1.1054667886374832,12.514430223069054],[-1.1054667886374832,12.514250560012231]]],[[[-1.107982071433018,12.514250560012231],[-1.107802408376194,12.514250560012231],[-1.107802408376194,12.514430223069054],[-1.107982071433018,12.514430223069054],[-1.107982071433018,12.514250560012231]]],[[[-1.107802408376194,12.514430223069054],[-1.10762274531937,12.514430223069054],[-1.10762274531937,12.514789549182703],[-1.107443082262546,12.514789549182703],[-1.107443082262546,12.514969212239526],[-1.1072634192057222,12.514969212239526],[-1.1072634192057222,12.514789549182703],[-1.1070837561488984,12.514789549182703],[-1.1070837561488984,12.514609886125879],[-1.1065447669784267,12.514609886125879],[-1.1065447669784267,12.514969212239526],[-1.1067244300352506,12.514969212239526],[-1.1067244300352506,12.514789549182703],[-1.1069040930920744,12.514789549182703],[-1.1069040930920744,12.515148875296351],[-1.1061854408647789,12.515148875296351],[-1.1061854408647789,12.515328538353174],[-1.1060057778079548,12.515328538353174],[-1.1060057778079548,12.514969212239526],[-1.1061854408647789,12.514969212239526],[-1.1061854408647789,12.514789549182703],[-1.1063651039216027,12.514789549182703],[-1.1063651039216027,12.514609886125879],[-1.1060057778079548,12.514609886125879],[-1.1060057778079548,12.514070896955406],[-1.1056464516943072,12.514070896955406],[-1.1056464516943072,12.514250560012231],[-1.105826114751131,12.514250560012231],[-1.105826114751131,12.514430223069054],[-1.1054667886374832,12.514430223069054],[-1.1054667886374832,12.514609886125879],[-1.1051074625238353,12.514609886125879],[-1.1051074625238353,12.514430223069054],[-1.1049277994670115,12.514430223069054],[-1.1049277994670115,12.514969212239526],[-1.1045684733533636,12.514969212239526],[-1.1045684733533636,12.515508201409999],[-1.1047481364101877,12.515508201409999],[-1.1047481364101877,12.515687864466821],[-1.1043888102965398,12.515687864466821],[-1.1043888102965398,12.515867527523646],[-1.1045684733533636,12.515867527523646],[-1.1045684733533636,12.516047190580469],[-1.1043888102965398,12.516047190580469],[-1.1043888102965398,12.516226853637294],[-1.1045684733533636,12.516226853637294],[-1.1045684733533636,12.516765842807766],[-1.1043888102965398,12.516765842807766],[-1.1043888102965398,12.517125168921414],[-1.1045684733533636,12.517125168921414],[-1.1045684733533636,12.516945505864589],[-1.1049277994670115,12.516945505864589],[-1.1049277994670115,12.517125168921414],[-1.1051074625238353,12.517125168921414],[-1.1051074625238353,12.516406516694117],[-1.1054667886374832,12.516406516694117],[-1.1054667886374832,12.516226853637294],[-1.1056464516943072,12.516226853637294],[-1.1056464516943072,12.516047190580469],[-1.1054667886374832,12.516047190580469],[-1.1054667886374832,12.515687864466821],[-1.1060057778079548,12.515687864466821],[-1.1060057778079548,12.516047190580469],[-1.105826114751131,12.516047190580469],[-1.105826114751131,12.516226853637294],[-1.1060057778079548,12.516226853637294],[-1.1060057778079548,12.516406516694117],[-1.1063651039216027,12.516406516694117],[-1.1063651039216027,12.516226853637294],[-1.1067244300352506,12.516226853637294],[-1.1067244300352506,12.516047190580469],[-1.1069040930920744,12.516047190580469],[-1.1069040930920744,12.515867527523646],[-1.1072634192057222,12.515867527523646],[-1.1072634192057222,12.515328538353174],[-1.107443082262546,12.515328538353174],[-1.107443082262546,12.515148875296351],[-1.10762274531937,12.515148875296351],[-1.10762274531937,12.514969212239526],[-1.107802408376194,12.514969212239526],[-1.107802408376194,12.514430223069054]],[[-1.1060057778079548,12.514969212239526],[-1.1060057778079548,12.514789549182703],[-1.105826114751131,12.514789549182703],[-1.105826114751131,12.514969212239526],[-1.1060057778079548,12.514969212239526]],[[-1.1060057778079548,12.515328538353174],[-1.105826114751131,12.515328538353174],[-1.105826114751131,12.515508201409999],[-1.1060057778079548,12.515508201409999],[-1.1060057778079548,12.515328538353174]],[[-1.1047481364101877,12.515687864466821],[-1.1047481364101877,12.515867527523646],[-1.1052871255806593,12.515867527523646],[-1.1052871255806593,12.515687864466821],[-1.1047481364101877,12.515687864466821]],[[-1.1067244300352506,12.515328538353174],[-1.1065447669784267,12.515328538353174],[-1.1065447669784267,12.515508201409999],[-1.1067244300352506,12.515508201409999],[-1.1067244300352506,12.515328538353174]],[[-1.1054667886374832,12.514789549182703],[-1.1052871255806593,12.514789549182703],[-1.1052871255806593,12.514969212239526],[-1.1054667886374832,12.514969212239526],[-1.1054667886374832,12.514789549182703]],[[-1.1051074625238353,12.516047190580469],[-1.1047481364101877,12.516047190580469],[-1.1047481364101877,12.516586179750941],[-1.1049277994670115,12.516586179750941],[-1.1049277994670115,12.516226853637294],[-1.1051074625238353,12.516226853637294],[-1.1051074625238353,12.516047190580469]]],[[[-1.107443082262546,12.514430223069054],[-1.1072634192057222,12.514430223069054],[-1.1072634192057222,12.514789549182703],[-1.107443082262546,12.514789549182703],[-1.107443082262546,12.514430223069054]]],[[[-1.1061854408647789,12.513891233898583],[-1.1060057778079548,12.513891233898583],[-1.1060057778079548,12.514070896955406],[-1.1061854408647789,12.514070896955406],[-1.1061854408647789,12.513891233898583]]]]},"id":"-6148+69669","properties":{"count":140,"eau":1}},{"type":"Feature","geometry":{"geodesic":false,"type":"MultiPolygon","coordinates":[[[[-1.107443082262546,12.500955493807261],[-1.10762274531937,12.500955493807261],[-1.10762274531937,12.501135156864086],[-1.107802408376194,12.501135156864086],[-1.107802408376194,12.500775830750438],[-1.107443082262546,12.500775830750438],[-1.107443082262546,12.500955493807261]]],[[[-1.1054667886374832,12.503291113545972],[-1.1052871255806593,12.503291113545972],[-1.1052871255806593,12.503650439659621],[-1.1054667886374832,12.503650439659621],[-1.1054667886374832,12.503291113545972]]],[[[-1.1052871255806593,12.504369091886916],[-1.1051074625238353,12.504369091886916],[-1.1051074625238353,12.50454875494374],[-1.1052871255806593,12.50454875494374],[-1.1052871255806593,12.504369091886916]]],[[[-1.1007955491600616,12.503291113545972],[-1.1006158861032378,12.503291113545972],[-1.1006158861032378,12.503470776602796],[-1.1007955491600616,12.503470776602796],[-1.1007955491600616,12.503291113545972]]],[[[-1.1006158861032378,12.502931787432324],[-1.100436223046414,12.502931787432324],[-1.100436223046414,12.503111450489149],[-1.1006158861032378,12.503111450489149],[-1.1006158861032378,12.502931787432324]]],[[[-1.0997175708191183,12.502752124375501],[-1.0995379077622944,12.502752124375501],[-1.0995379077622944,12.502931787432324],[-1.0997175708191183,12.502931787432324],[-1.0997175708191183,12.502752124375501]]],[[[-1.0973819510804075,12.501853809091381],[-1.0972022880235837,12.501853809091381],[-1.0972022880235837,12.502033472148206],[-1.0973819510804075,12.502033472148206],[-1.0973819510804075,12.501853809091381]]],[[[-1.0957649835689924,12.498979200182198],[-1.0955853205121684,12.498979200182198],[-1.0955853205121684,12.499158863239023],[-1.0954056574553446,12.499158863239023],[-1.0954056574553446,12.499338526295846],[-1.0957649835689924,12.499338526295846],[-1.0957649835689924,12.498979200182198]]],[[[-1.0954056574553446,12.49484694987525],[-1.0952259943985208,12.49484694987525],[-1.0952259943985208,12.495026612932072],[-1.0954056574553446,12.495026612932072],[-1.0954056574553446,12.49484694987525]]],[[[-1.0916327332620426,12.497721558784432],[-1.0914530702052188,12.497721558784432],[-1.0914530702052188,12.497901221841255],[-1.0916327332620426,12.497901221841255],[-1.0916327332620426,12.497721558784432]]],[[[-1.0909140810347469,12.49718256961396],[-1.090734417977923,12.49718256961396],[-1.090734417977923,12.497362232670783],[-1.0909140810347469,12.497362232670783],[-1.0909140810347469,12.49718256961396]]],[[[-1.0894767765801556,12.497362232670783],[-1.088937787409684,12.497362232670783],[-1.088937787409684,12.497721558784432],[-1.089117450466508,12.497721558784432],[-1.089117450466508,12.497541895727608],[-1.0894767765801556,12.497541895727608],[-1.0894767765801556,12.497362232670783]]],[[[-1.0885784612960363,12.497002906557135],[-1.0883987982392123,12.497002906557135],[-1.0883987982392123,12.497362232670783],[-1.0885784612960363,12.497362232670783],[-1.0885784612960363,12.497002906557135]]],[[[-1.0867818307277972,12.49718256961396],[-1.0866021676709732,12.49718256961396],[-1.0866021676709732,12.497362232670783],[-1.0867818307277972,12.497362232670783],[-1.0867818307277972,12.49718256961396]]],[[[-1.0952259943985208,12.495026612932072],[-1.0950463313416967,12.495026612932072],[-1.0950463313416967,12.49484694987525],[-1.094866668284873,12.49484694987525],[-1.094866668284873,12.494667286818425],[-1.0941480160575772,12.494667286818425],[-1.0941480160575772,12.494487623761602],[-1.0939683530007533,12.494487623761602],[-1.0939683530007533,12.494128297647954],[-1.0937886899439295,12.494128297647954],[-1.0937886899439295,12.49394863459113],[-1.0936090268871055,12.49394863459113],[-1.0936090268871055,12.493768971534305],[-1.0937886899439295,12.493768971534305],[-1.0937886899439295,12.493589308477482],[-1.0939683530007533,12.493589308477482],[-1.0939683530007533,12.493229982363834],[-1.0941480160575772,12.493229982363834],[-1.0941480160575772,12.493409645420657],[-1.094507342171225,12.493409645420657],[-1.094507342171225,12.492690993193362],[-1.0946870052280488,12.492690993193362],[-1.0946870052280488,12.492511330136539],[-1.094507342171225,12.492511330136539],[-1.094507342171225,12.492152004022891],[-1.0943276791144012,12.492152004022891],[-1.0943276791144012,12.491972340966067],[-1.0941480160575772,12.491972340966067],[-1.0941480160575772,12.491613014852419],[-1.0939683530007533,12.491613014852419],[-1.0939683530007533,12.491433351795594],[-1.0937886899439295,12.491433351795594],[-1.0937886899439295,12.491253688738771],[-1.0936090268871055,12.491253688738771],[-1.0936090268871055,12.491074025681947],[-1.0934293638302817,12.491074025681947],[-1.0934293638302817,12.490894362625124],[-1.0930700377166338,12.490894362625124],[-1.0930700377166338,12.490714699568299],[-1.09289037465981,12.490714699568299],[-1.09289037465981,12.490535036511476],[-1.0923513854893383,12.490535036511476],[-1.0923513854893383,12.490175710397828],[-1.0921717224325143,12.490175710397828],[-1.0921717224325143,12.489996047341004],[-1.0918123963188664,12.489996047341004],[-1.0918123963188664,12.489457058170531],[-1.0914530702052188,12.489457058170531],[-1.0914530702052188,12.489277395113708],[-1.0909140810347469,12.489277395113708],[-1.0909140810347469,12.489457058170531],[-1.090734417977923,12.489457058170531],[-1.090734417977923,12.489277395113708],[-1.0905547549210992,12.489277395113708],[-1.0905547549210992,12.489457058170531],[-1.0901954288074513,12.489457058170531],[-1.0901954288074513,12.489636721227356],[-1.0896564396369797,12.489636721227356],[-1.0896564396369797,12.489816384284179],[-1.0892971135233318,12.489816384284179],[-1.0892971135233318,12.489996047341004],[-1.0887581243528601,12.489996047341004],[-1.0887581243528601,12.490175710397828],[-1.0883987982392123,12.490175710397828],[-1.0883987982392123,12.490355373454651],[-1.0880394721255644,12.490355373454651],[-1.0880394721255644,12.490535036511476],[-1.0875004829550927,12.490535036511476],[-1.0875004829550927,12.490714699568299],[-1.087320819898269,12.490714699568299],[-1.087320819898269,12.490894362625124],[-1.0864225046141494,12.490894362625124],[-1.0864225046141494,12.491074025681947],[-1.0860631785005015,12.491074025681947],[-1.0860631785005015,12.491253688738771],[-1.0855241893300298,12.491253688738771],[-1.0855241893300298,12.491433351795594],[-1.085164863216382,12.491433351795594],[-1.085164863216382,12.491613014852419],[-1.0848055371027343,12.491613014852419],[-1.0848055371027343,12.491792677909242],[-1.0844462109890864,12.491792677909242],[-1.0844462109890864,12.492511330136539],[-1.0846258740459103,12.492511330136539],[-1.0846258740459103,12.493229982363834],[-1.0848055371027343,12.493229982363834],[-1.0848055371027343,12.49394863459113],[-1.0849852001595581,12.49394863459113],[-1.0849852001595581,12.494667286818425],[-1.085164863216382,12.494667286818425],[-1.085164863216382,12.49538593904572],[-1.085344526273206,12.49538593904572],[-1.085344526273206,12.496104591273017],[-1.0855241893300298,12.496104591273017],[-1.0855241893300298,12.496823243500312],[-1.0857038523868536,12.496823243500312],[-1.0857038523868536,12.497541895727608],[-1.0858835154436777,12.497541895727608],[-1.0858835154436777,12.497002906557135],[-1.0862428415573255,12.497002906557135],[-1.0862428415573255,12.49718256961396],[-1.0864225046141494,12.49718256961396],[-1.0864225046141494,12.497002906557135],[-1.0866021676709732,12.497002906557135],[-1.0866021676709732,12.496823243500312],[-1.0867818307277972,12.496823243500312],[-1.0867818307277972,12.497002906557135],[-1.087320819898269,12.497002906557135],[-1.087320819898269,12.49718256961396],[-1.086961493784621,12.49718256961396],[-1.086961493784621,12.497362232670783],[-1.087141156841445,12.497362232670783],[-1.087141156841445,12.497541895727608],[-1.087320819898269,12.497541895727608],[-1.087320819898269,12.497362232670783],[-1.0875004829550927,12.497362232670783],[-1.0875004829550927,12.49718256961396],[-1.0876801460119168,12.49718256961396],[-1.0876801460119168,12.497002906557135],[-1.0878598090687406,12.497002906557135],[-1.0878598090687406,12.496643580443488],[-1.0880394721255644,12.496643580443488],[-1.0880394721255644,12.497002906557135],[-1.0882191351823884,12.497002906557135],[-1.0882191351823884,12.496823243500312],[-1.0883987982392123,12.496823243500312],[-1.0883987982392123,12.496643580443488],[-1.0887581243528601,12.496643580443488],[-1.0887581243528601,12.496823243500312],[-1.0885784612960363,12.496823243500312],[-1.0885784612960363,12.497002906557135],[-1.089117450466508,12.497002906557135],[-1.089117450466508,12.49718256961396],[-1.0894767765801556,12.49718256961396],[-1.0894767765801556,12.497362232670783],[-1.0896564396369797,12.497362232670783],[-1.0896564396369797,12.497541895727608],[-1.0898361026938035,12.497541895727608],[-1.0898361026938035,12.497362232670783],[-1.0900157657506275,12.497362232670783],[-1.0900157657506275,12.497721558784432],[-1.0901954288074513,12.497721558784432],[-1.0901954288074513,12.497541895727608],[-1.0903750918642752,12.497541895727608],[-1.0903750918642752,12.497721558784432],[-1.090734417977923,12.497721558784432],[-1.090734417977923,12.497541895727608],[-1.0905547549210992,12.497541895727608],[-1.0905547549210992,12.49718256961396],[-1.090734417977923,12.49718256961396],[-1.090734417977923,12.496463917386665],[-1.0909140810347469,12.496463917386665],[-1.0909140810347469,12.497002906557135],[-1.091093744091571,12.497002906557135],[-1.091093744091571,12.497541895727608],[-1.0912734071483947,12.497541895727608],[-1.0912734071483947,12.497362232670783],[-1.0914530702052188,12.497362232670783],[-1.0914530702052188,12.497541895727608],[-1.0916327332620426,12.497541895727608],[-1.0916327332620426,12.497721558784432],[-1.0918123963188664,12.497721558784432],[-1.0918123963188664,12.497901221841255],[-1.0925310485461621,12.497901221841255],[-1.0925310485461621,12.497721558784432],[-1.0923513854893383,12.497721558784432],[-1.0923513854893383,12.497541895727608],[-1.092710711602986,12.497541895727608],[-1.092710711602986,12.497721558784432],[-1.09289037465981,12.497721558784432],[-1.09289037465981,12.497901221841255],[-1.0930700377166338,12.497901221841255],[-1.0930700377166338,12.497541895727608],[-1.0932497007734576,12.497541895727608],[-1.0932497007734576,12.497362232670783],[-1.0934293638302817,12.497362232670783],[-1.0934293638302817,12.497541895727608],[-1.0936090268871055,12.497541895727608],[-1.0936090268871055,12.497721558784432],[-1.0937886899439295,12.497721558784432],[-1.0937886899439295,12.497362232670783],[-1.0936090268871055,12.497362232670783],[-1.0936090268871055,12.49718256961396],[-1.0937886899439295,12.49718256961396],[-1.0937886899439295,12.497002906557135],[-1.0939683530007533,12.497002906557135],[-1.0939683530007533,12.497362232670783],[-1.0943276791144012,12.497362232670783],[-1.0943276791144012,12.49718256961396],[-1.0946870052280488,12.49718256961396],[-1.0946870052280488,12.497362232670783],[-1.094866668284873,12.497362232670783],[-1.094866668284873,12.49718256961396],[-1.0950463313416967,12.49718256961396],[-1.0950463313416967,12.497362232670783],[-1.0952259943985208,12.497362232670783],[-1.0952259943985208,12.497901221841255],[-1.0954056574553446,12.497901221841255],[-1.0954056574553446,12.497541895727608],[-1.0955853205121684,12.497541895727608],[-1.0955853205121684,12.497901221841255],[-1.0959446466258163,12.497901221841255],[-1.0959446466258163,12.49808088489808],[-1.096663298853112,12.49808088489808],[-1.096663298853112,12.498440211011728],[-1.0968429619099358,12.498440211011728],[-1.0968429619099358,12.498799537125375],[-1.096663298853112,12.498799537125375],[-1.096663298853112,12.49861987406855],[-1.0955853205121684,12.49861987406855],[-1.0955853205121684,12.498799537125375],[-1.0957649835689924,12.498799537125375],[-1.0957649835689924,12.498979200182198],[-1.09612430968264,12.498979200182198],[-1.09612430968264,12.498799537125375],[-1.0963039727394641,12.498799537125375],[-1.0963039727394641,12.498979200182198],[-1.0968429619099358,12.498979200182198],[-1.0968429619099358,12.499158863239023],[-1.0970226249667596,12.499158863239023],[-1.0970226249667596,12.49951818935267],[-1.096663298853112,12.49951818935267],[-1.096663298853112,12.499697852409495],[-1.0970226249667596,12.499697852409495],[-1.0970226249667596,12.499877515466318],[-1.0972022880235837,12.499877515466318],[-1.0972022880235837,12.49951818935267],[-1.0975616141372315,12.49951818935267],[-1.0975616141372315,12.499697852409495],[-1.0973819510804075,12.499697852409495],[-1.0973819510804075,12.500775830750438],[-1.0975616141372315,12.500775830750438],[-1.0975616141372315,12.500955493807261],[-1.0973819510804075,12.500955493807261],[-1.0973819510804075,12.501314819920909],[-1.0975616141372315,12.501314819920909],[-1.0975616141372315,12.501674146034558],[-1.0977412771940553,12.501674146034558],[-1.0977412771940553,12.501853809091381],[-1.0981006033077032,12.501853809091381],[-1.0981006033077032,12.502213135205029],[-1.0986395924781749,12.502213135205029],[-1.0986395924781749,12.502392798261853],[-1.0988192555349987,12.502392798261853],[-1.0988192555349987,12.502213135205029],[-1.0989989185918227,12.502213135205029],[-1.0989989185918227,12.502392798261853],[-1.0991785816486466,12.502392798261853],[-1.0991785816486466,12.502213135205029],[-1.0993582447054704,12.502213135205029],[-1.0993582447054704,12.502572461318676],[-1.0995379077622944,12.502572461318676],[-1.0995379077622944,12.502392798261853],[-1.1000768969327661,12.502392798261853],[-1.1000768969327661,12.502213135205029],[-1.10025655998959,12.502213135205029],[-1.10025655998959,12.502392798261853],[-1.100436223046414,12.502392798261853],[-1.100436223046414,12.502752124375501],[-1.1007955491600616,12.502752124375501],[-1.1007955491600616,12.502572461318676],[-1.1009752122168857,12.502572461318676],[-1.1009752122168857,12.503111450489149],[-1.1007955491600616,12.503111450489149],[-1.1007955491600616,12.503291113545972],[-1.1009752122168857,12.503291113545972],[-1.1009752122168857,12.503470776602796],[-1.1011548752737095,12.503470776602796],[-1.1011548752737095,12.503650439659621],[-1.1015142013873573,12.503650439659621],[-1.1015142013873573,12.503111450489149],[-1.102053190557829,12.503111450489149],[-1.102053190557829,12.502752124375501],[-1.1022328536146528,12.502752124375501],[-1.1022328536146528,12.503111450489149],[-1.1025921797283007,12.503111450489149],[-1.1025921797283007,12.503650439659621],[-1.1027718427851247,12.503650439659621],[-1.1027718427851247,12.503470776602796],[-1.1029515058419486,12.503470776602796],[-1.1029515058419486,12.503291113545972],[-1.1031311688987724,12.503291113545972],[-1.1031311688987724,12.503111450489149],[-1.1033108319555964,12.503111450489149],[-1.1033108319555964,12.503650439659621],[-1.1031311688987724,12.503650439659621],[-1.1031311688987724,12.504009765773269],[-1.1029515058419486,12.504009765773269],[-1.1029515058419486,12.504189428830092],[-1.1033108319555964,12.504189428830092],[-1.1033108319555964,12.503830102716444],[-1.1034904950124202,12.503830102716444],[-1.1034904950124202,12.503650439659621],[-1.103849821126068,12.503650439659621],[-1.103849821126068,12.503830102716444],[-1.103670158069244,12.503830102716444],[-1.103670158069244,12.504189428830092],[-1.103849821126068,12.504189428830092],[-1.103849821126068,12.504009765773269],[-1.104209147239716,12.504009765773269],[-1.104209147239716,12.503830102716444],[-1.1043888102965398,12.503830102716444],[-1.1043888102965398,12.504189428830092],[-1.1047481364101877,12.504189428830092],[-1.1047481364101877,12.504369091886916],[-1.1051074625238353,12.504369091886916],[-1.1051074625238353,12.504189428830092],[-1.1049277994670115,12.504189428830092],[-1.1049277994670115,12.503830102716444],[-1.1052871255806593,12.503830102716444],[-1.1052871255806593,12.503650439659621],[-1.1051074625238353,12.503650439659621],[-1.1051074625238353,12.502931787432324],[-1.1049277994670115,12.502931787432324],[-1.1049277994670115,12.502752124375501],[-1.1051074625238353,12.502752124375501],[-1.1051074625238353,12.502572461318676],[-1.1049277994670115,12.502572461318676],[-1.1049277994670115,12.502392798261853],[-1.1051074625238353,12.502392798261853],[-1.1051074625238353,12.502213135205029],[-1.1052871255806593,12.502213135205029],[-1.1052871255806593,12.502033472148206],[-1.1056464516943072,12.502033472148206],[-1.1056464516943072,12.501853809091381],[-1.1060057778079548,12.501853809091381],[-1.1060057778079548,12.501674146034558],[-1.1063651039216027,12.501674146034558],[-1.1063651039216027,12.501494482977733],[-1.1065447669784267,12.501494482977733],[-1.1065447669784267,12.501314819920909],[-1.1067244300352506,12.501314819920909],[-1.1067244300352506,12.501494482977733],[-1.1069040930920744,12.501494482977733],[-1.1069040930920744,12.501314819920909],[-1.1072634192057222,12.501314819920909],[-1.1072634192057222,12.501135156864086],[-1.107443082262546,12.501135156864086],[-1.107443082262546,12.500955493807261],[-1.1072634192057222,12.500955493807261],[-1.1072634192057222,12.500596167693613],[-1.1070837561488984,12.500596167693613],[-1.1070837561488984,12.50041650463679],[-1.107802408376194,12.50041650463679],[-1.107802408376194,12.500236841579966],[-1.1081617344898418,12.500236841579966],[-1.1081617344898418,12.50041650463679],[-1.1083413975466656,12.50041650463679],[-1.1083413975466656,12.500236841579966],[-1.1085210606034896,12.500236841579966],[-1.1085210606034896,12.499877515466318],[-1.1083413975466656,12.499877515466318],[-1.1083413975466656,12.499697852409495],[-1.1081617344898418,12.499697852409495],[-1.1081617344898418,12.49951818935267],[-1.107982071433018,12.49951818935267],[-1.107982071433018,12.499338526295846],[-1.10762274531937,12.499338526295846],[-1.10762274531937,12.499158863239023],[-1.1072634192057222,12.499158863239023],[-1.1072634192057222,12.498979200182198],[-1.1070837561488984,12.498979200182198],[-1.1070837561488984,12.498799537125375],[-1.1069040930920744,12.498799537125375],[-1.1069040930920744,12.498979200182198],[-1.1067244300352506,12.498979200182198],[-1.1067244300352506,12.498799537125375],[-1.1061854408647789,12.498799537125375],[-1.1061854408647789,12.49861987406855],[-1.105826114751131,12.49861987406855],[-1.105826114751131,12.498440211011728],[-1.1051074625238353,12.498440211011728],[-1.1051074625238353,12.49861987406855],[-1.1043888102965398,12.49861987406855],[-1.1043888102965398,12.498799537125375],[-1.103670158069244,12.498799537125375],[-1.103670158069244,12.49861987406855],[-1.1029515058419486,12.49861987406855],[-1.1029515058419486,12.498260547954903],[-1.1025921797283007,12.498260547954903],[-1.1025921797283007,12.49808088489808],[-1.1024125166714769,12.49808088489808],[-1.1024125166714769,12.497721558784432],[-1.1022328536146528,12.497721558784432],[-1.1022328536146528,12.497362232670783],[-1.1018735275010052,12.497362232670783],[-1.1018735275010052,12.497002906557135],[-1.1013345383305335,12.497002906557135],[-1.1013345383305335,12.496823243500312],[-1.1011548752737095,12.496823243500312],[-1.1011548752737095,12.496463917386665],[-1.1006158861032378,12.496463917386665],[-1.1006158861032378,12.49628425432984],[-1.100436223046414,12.49628425432984],[-1.100436223046414,12.496463917386665],[-1.0997175708191183,12.496463917386665],[-1.0997175708191183,12.49628425432984],[-1.0981006033077032,12.49628425432984],[-1.0981006033077032,12.496104591273017],[-1.0975616141372315,12.496104591273017],[-1.0975616141372315,12.495745265159368],[-1.0970226249667596,12.495745265159368],[-1.0970226249667596,12.495924928216192],[-1.0968429619099358,12.495924928216192],[-1.0968429619099358,12.495745265159368],[-1.096663298853112,12.495745265159368],[-1.096663298853112,12.495924928216192],[-1.0963039727394641,12.495924928216192],[-1.0963039727394641,12.495745265159368],[-1.0957649835689924,12.495745265159368],[-1.0957649835689924,12.495206275988897],[-1.0955853205121684,12.495206275988897],[-1.0955853205121684,12.495565602102545],[-1.0954056574553446,12.495565602102545],[-1.0954056574553446,12.495206275988897],[-1.0952259943985208,12.495206275988897],[-1.0952259943985208,12.495026612932072]],[[-1.1025921797283007,12.503111450489149],[-1.1029515058419486,12.503111450489149],[-1.1029515058419486,12.502931787432324],[-1.1025921797283007,12.502931787432324],[-1.1025921797283007,12.503111450489149]],[[-1.100436223046414,12.502392798261853],[-1.1007955491600616,12.502392798261853],[-1.1007955491600616,12.502213135205029],[-1.100436223046414,12.502213135205029],[-1.100436223046414,12.502392798261853]],[[-1.0975616141372315,12.500775830750438],[-1.0979209402508792,12.500775830750438],[-1.0979209402508792,12.500596167693613],[-1.0975616141372315,12.500596167693613],[-1.0975616141372315,12.500775830750438]],[[-1.096663298853112,12.49808088489808],[-1.0968429619099358,12.49808088489808],[-1.0968429619099358,12.497901221841255],[-1.096663298853112,12.497901221841255],[-1.096663298853112,12.49808088489808]],[[-1.0937886899439295,12.497002906557135],[-1.0937886899439295,12.496823243500312],[-1.0936090268871055,12.496823243500312],[-1.0936090268871055,12.497002906557135],[-1.0937886899439295,12.497002906557135]],[[-1.092710711602986,12.497541895727608],[-1.09289037465981,12.497541895727608],[-1.09289037465981,12.497362232670783],[-1.092710711602986,12.497362232670783],[-1.092710711602986,12.497541895727608]],[[-1.0918123963188664,12.497721558784432],[-1.0921717224325143,12.497721558784432],[-1.0921717224325143,12.497541895727608],[-1.0918123963188664,12.497541895727608],[-1.0918123963188664,12.497721558784432]],[[-1.0914530702052188,12.497362232670783],[-1.0916327332620426,12.497362232670783],[-1.0916327332620426,12.49718256961396],[-1.0914530702052188,12.49718256961396],[-1.0914530702052188,12.497362232670783]],[[-1.0905547549210992,12.49718256961396],[-1.0905547549210992,12.497002906557135],[-1.0903750918642752,12.497002906557135],[-1.0903750918642752,12.49718256961396],[-1.0905547549210992,12.49718256961396]],[[-1.1043888102965398,12.502752124375501],[-1.104209147239716,12.502752124375501],[-1.104209147239716,12.502931787432324],[-1.1043888102965398,12.502931787432324],[-1.1043888102965398,12.502752124375501]],[[-1.1029515058419486,12.502572461318676],[-1.1027718427851247,12.502572461318676],[-1.1027718427851247,12.502752124375501],[-1.1029515058419486,12.502752124375501],[-1.1029515058419486,12.502572461318676]],[[-1.102053190557829,12.502392798261853],[-1.1018735275010052,12.502392798261853],[-1.1018735275010052,12.502572461318676],[-1.102053190557829,12.502572461318676],[-1.102053190557829,12.502392798261853]],[[-1.1015142013873573,12.502392798261853],[-1.1013345383305335,12.502392798261853],[-1.1013345383305335,12.502752124375501],[-1.1015142013873573,12.502752124375501],[-1.1015142013873573,12.502392798261853]],[[-1.0993582447054704,12.501853809091381],[-1.0991785816486466,12.501853809091381],[-1.0991785816486466,12.502033472148206],[-1.0993582447054704,12.502033472148206],[-1.0993582447054704,12.501853809091381]],[[-1.0984599294213508,12.501853809091381],[-1.098280266364527,12.501853809091381],[-1.098280266364527,12.502033472148206],[-1.0984599294213508,12.502033472148206],[-1.0984599294213508,12.501853809091381]],[[-1.0979209402508792,12.499697852409495],[-1.0977412771940553,12.499697852409495],[-1.0977412771940553,12.499877515466318],[-1.0979209402508792,12.499877515466318],[-1.0979209402508792,12.499697852409495]],[[-1.0975616141372315,12.499158863239023],[-1.0973819510804075,12.499158863239023],[-1.0973819510804075,12.499338526295846],[-1.0975616141372315,12.499338526295846],[-1.0975616141372315,12.499158863239023]],[[-1.0970226249667596,12.496104591273017],[-1.096663298853112,12.496104591273017],[-1.096663298853112,12.49628425432984],[-1.0970226249667596,12.49628425432984],[-1.0970226249667596,12.496104591273017]],[[-1.0968429619099358,12.496463917386665],[-1.096663298853112,12.496463917386665],[-1.096663298853112,12.496643580443488],[-1.0968429619099358,12.496643580443488],[-1.0968429619099358,12.496463917386665]],[[-1.0968429619099358,12.497002906557135],[-1.096663298853112,12.497002906557135],[-1.096663298853112,12.49718256961396],[-1.0968429619099358,12.49718256961396],[-1.0968429619099358,12.497002906557135]],[[-1.0963039727394641,12.496823243500312],[-1.09612430968264,12.496823243500312],[-1.09612430968264,12.497002906557135],[-1.0963039727394641,12.497002906557135],[-1.0963039727394641,12.496823243500312]],[[-1.09612430968264,12.496104591273017],[-1.0959446466258163,12.496104591273017],[-1.0959446466258163,12.49628425432984],[-1.09612430968264,12.49628425432984],[-1.09612430968264,12.496104591273017]],[[-1.0952259943985208,12.496643580443488],[-1.0950463313416967,12.496643580443488],[-1.0950463313416967,12.496823243500312],[-1.0952259943985208,12.496823243500312],[-1.0952259943985208,12.496643580443488]],[[-1.0941480160575772,12.496643580443488],[-1.0939683530007533,12.496643580443488],[-1.0939683530007533,12.496823243500312],[-1.0941480160575772,12.496823243500312],[-1.0941480160575772,12.496643580443488]],[[-1.0932497007734576,12.49628425432984],[-1.0930700377166338,12.49628425432984],[-1.0930700377166338,12.496463917386665],[-1.0932497007734576,12.496463917386665],[-1.0932497007734576,12.49628425432984]],[[-1.092710711602986,12.496463917386665],[-1.0923513854893383,12.496463917386665],[-1.0923513854893383,12.496643580443488],[-1.092710711602986,12.496643580443488],[-1.092710711602986,12.496463917386665]],[[-1.0923513854893383,12.496104591273017],[-1.0921717224325143,12.496104591273017],[-1.0921717224325143,12.49628425432984],[-1.0923513854893383,12.49628425432984],[-1.0923513854893383,12.496104591273017]],[[-1.0919920593756904,12.496104591273017],[-1.0918123963188664,12.496104591273017],[-1.0918123963188664,12.49628425432984],[-1.0919920593756904,12.49628425432984],[-1.0919920593756904,12.496104591273017]],[[-1.0901954288074513,12.49628425432984],[-1.0900157657506275,12.49628425432984],[-1.0900157657506275,12.496463917386665],[-1.0901954288074513,12.496463917386665],[-1.0901954288074513,12.49628425432984]],[[-1.0898361026938035,12.49628425432984],[-1.0896564396369797,12.49628425432984],[-1.0896564396369797,12.496463917386665],[-1.0898361026938035,12.496463917386665],[-1.0898361026938035,12.49628425432984]],[[-1.0898361026938035,12.497002906557135],[-1.0896564396369797,12.497002906557135],[-1.0896564396369797,12.49718256961396],[-1.0898361026938035,12.49718256961396],[-1.0898361026938035,12.497002906557135]],[[-1.089117450466508,12.496643580443488],[-1.088937787409684,12.496643580443488],[-1.088937787409684,12.496823243500312],[-1.089117450466508,12.496823243500312],[-1.089117450466508,12.496643580443488]],[[-1.0858835154436777,12.496463917386665],[-1.0857038523868536,12.496463917386665],[-1.0857038523868536,12.496643580443488],[-1.0858835154436777,12.496643580443488],[-1.0858835154436777,12.496463917386665]],[[-1.0975616141372315,12.498799537125375],[-1.0973819510804075,12.498799537125375],[-1.0973819510804075,12.498979200182198],[-1.0975616141372315,12.498979200182198],[-1.0975616141372315,12.498799537125375]],[[-1.0930700377166338,12.497002906557135],[-1.092710711602986,12.497002906557135],[-1.092710711602986,12.49718256961396],[-1.0930700377166338,12.49718256961396],[-1.0930700377166338,12.497002906557135]],[[-1.0979209402508792,12.501314819920909],[-1.0979209402508792,12.501494482977733],[-1.0981006033077032,12.501494482977733],[-1.0981006033077032,12.501314819920909],[-1.0979209402508792,12.501314819920909]],[[-1.0919920593756904,12.497002906557135],[-1.0919920593756904,12.49718256961396],[-1.0921717224325143,12.49718256961396],[-1.0921717224325143,12.497002906557135],[-1.0919920593756904,12.497002906557135]],[[-1.1043888102965398,12.503470776602796],[-1.104029484182892,12.503470776602796],[-1.104029484182892,12.503650439659621],[-1.1043888102965398,12.503650439659621],[-1.1043888102965398,12.503470776602796]],[[-1.0919920593756904,12.497002906557135],[-1.0919920593756904,12.496823243500312],[-1.0918123963188664,12.496823243500312],[-1.0918123963188664,12.497002906557135],[-1.0919920593756904,12.497002906557135]],[[-1.088937787409684,12.496104591273017],[-1.088937787409684,12.495924928216192],[-1.0887581243528601,12.495924928216192],[-1.0887581243528601,12.496104591273017],[-1.088937787409684,12.496104591273017]],[[-1.0930700377166338,12.497002906557135],[-1.0934293638302817,12.497002906557135],[-1.0934293638302817,12.496823243500312],[-1.0930700377166338,12.496823243500312],[-1.0930700377166338,12.497002906557135]],[[-1.1045684733533636,12.503291113545972],[-1.1047481364101877,12.503291113545972],[-1.1047481364101877,12.502931787432324],[-1.1045684733533636,12.502931787432324],[-1.1045684733533636,12.503291113545972]],[[-1.088937787409684,12.496104591273017],[-1.088937787409684,12.49628425432984],[-1.089117450466508,12.49628425432984],[-1.089117450466508,12.496104591273017],[-1.088937787409684,12.496104591273017]],[[-1.1043888102965398,12.503470776602796],[-1.1045684733533636,12.503470776602796],[-1.1045684733533636,12.503291113545972],[-1.1043888102965398,12.503291113545972],[-1.1043888102965398,12.503470776602796]],[[-1.0979209402508792,12.501314819920909],[-1.0979209402508792,12.501135156864086],[-1.0975616141372315,12.501135156864086],[-1.0975616141372315,12.501314819920909],[-1.0979209402508792,12.501314819920909]],[[-1.0975616141372315,12.49861987406855],[-1.0975616141372315,12.498440211011728],[-1.0972022880235837,12.498440211011728],[-1.0972022880235837,12.498260547954903],[-1.0970226249667596,12.498260547954903],[-1.0970226249667596,12.499158863239023],[-1.0972022880235837,12.499158863239023],[-1.0972022880235837,12.49861987406855],[-1.0975616141372315,12.49861987406855]],[[-1.0975616141372315,12.498799537125375],[-1.0977412771940553,12.498799537125375],[-1.0977412771940553,12.49861987406855],[-1.0975616141372315,12.49861987406855],[-1.0975616141372315,12.498799537125375]]],[[[-1.100436223046414,12.502752124375501],[-1.10025655998959,12.502752124375501],[-1.10025655998959,12.502572461318676],[-1.1000768969327661,12.502572461318676],[-1.1000768969327661,12.502752124375501],[-1.099897233875942,12.502752124375501],[-1.099897233875942,12.502931787432324],[-1.1000768969327661,12.502931787432324],[-1.1000768969327661,12.503111450489149],[-1.10025655998959,12.503111450489149],[-1.10025655998959,12.502931787432324],[-1.100436223046414,12.502931787432324],[-1.100436223046414,12.502752124375501]]],[[[-1.099897233875942,12.502931787432324],[-1.0997175708191183,12.502931787432324],[-1.0997175708191183,12.503111450489149],[-1.099897233875942,12.503111450489149],[-1.099897233875942,12.502931787432324]]],[[[-1.0975616141372315,12.501674146034558],[-1.0973819510804075,12.501674146034558],[-1.0973819510804075,12.501853809091381],[-1.0975616141372315,12.501853809091381],[-1.0975616141372315,12.501674146034558]]],[[[-1.0963039727394641,12.498979200182198],[-1.09612430968264,12.498979200182198],[-1.09612430968264,12.499338526295846],[-1.0963039727394641,12.499338526295846],[-1.0963039727394641,12.498979200182198]]],[[[-1.0866021676709732,12.497362232670783],[-1.0862428415573255,12.497362232670783],[-1.0862428415573255,12.497541895727608],[-1.0864225046141494,12.497541895727608],[-1.0864225046141494,12.497721558784432],[-1.0866021676709732,12.497721558784432],[-1.0866021676709732,12.497362232670783]]],[[[-1.0862428415573255,12.49718256961396],[-1.0860631785005015,12.49718256961396],[-1.0860631785005015,12.497362232670783],[-1.0862428415573255,12.497362232670783],[-1.0862428415573255,12.49718256961396]]]]},"id":"-6152+69599","properties":{"count":3810,"eau":1}},{"type":"Feature","geometry":{"geodesic":false,"type":"Polygon","coordinates":[[[-1.1052871255806593,12.51748449503506],[-1.1051074625238353,12.51748449503506],[-1.1051074625238353,12.517664158091884],[-1.1052871255806593,12.517664158091884],[-1.1052871255806593,12.51748449503506]]]},"id":"-6152+69672","properties":{"count":1,"eau":1}},{"type":"Feature","geometry":{"geodesic":false,"type":"MultiPolygon","coordinates":[[[[-1.105826114751131,12.517304831978237],[-1.1054667886374832,12.517304831978237],[-1.1054667886374832,12.517484495035061],[-1.105826114751131,12.517484495035061],[-1.105826114751131,12.517304831978237]]],[[[-1.105826114751131,12.517304831978237],[-1.1060057778079548,12.517304831978237],[-1.1060057778079548,12.517125168921414],[-1.1061854408647789,12.517125168921414],[-1.1061854408647789,12.516945505864589],[-1.1063651039216027,12.516945505864589],[-1.1063651039216027,12.517484495035061],[-1.1065447669784267,12.517484495035061],[-1.1065447669784267,12.517304831978237],[-1.1067244300352506,12.517304831978237],[-1.1067244300352506,12.517125168921414],[-1.1065447669784267,12.517125168921414],[-1.1065447669784267,12.516765842807766],[-1.1061854408647789,12.516765842807766],[-1.1061854408647789,12.516586179750941],[-1.105826114751131,12.516586179750941],[-1.105826114751131,12.516765842807766],[-1.1056464516943072,12.516765842807766],[-1.1056464516943072,12.516586179750941],[-1.1054667886374832,12.516586179750941],[-1.1054667886374832,12.516765842807766],[-1.1052871255806593,12.516765842807766],[-1.1052871255806593,12.516945505864589],[-1.105826114751131,12.516945505864589],[-1.105826114751131,12.517304831978237]]]]},"id":"-6154+69671","properties":{"count":19,"eau":1}},{"type":"Feature","geometry":{"geodesic":false,"type":"Polygon","coordinates":[[[-1.1065447669784265,12.513711570841759],[-1.1063651039216027,12.513711570841759],[-1.1063651039216027,12.513891233898581],[-1.1065447669784265,12.513891233898581],[-1.1065447669784265,12.513711570841759]]]},"id":"-6159+69651","properties":{"count":1,"eau":1}},{"type":"Feature","geometry":{"geodesic":false,"type":"Polygon","coordinates":[[[-1.1069040930920744,12.513531907784934],[-1.1067244300352506,12.513531907784934],[-1.1067244300352506,12.513711570841759],[-1.1069040930920744,12.513711570841759],[-1.1069040930920744,12.513531907784934]]]},"id":"-6161+69650","properties":{"count":1,"eau":1}},{"type":"Feature","geometry":{"geodesic":false,"type":"Polygon","coordinates":[[[-1.1069040930920744,12.516406516694117],[-1.1067244300352506,12.516406516694117],[-1.1067244300352506,12.516586179750941],[-1.1069040930920744,12.516586179750941],[-1.1069040930920744,12.516406516694117]]]},"id":"-6161+69666","properties":{"count":1,"eau":1}},{"type":"Feature","geometry":{"geodesic":false,"type":"Polygon","coordinates":[[[-1.1069040930920744,12.516765842807764],[-1.1067244300352506,12.516765842807764],[-1.1067244300352506,12.516945505864589],[-1.1069040930920744,12.516945505864589],[-1.1069040930920744,12.516765842807764]]]},"id":"-6161+69668","properties":{"count":1,"eau":1}},{"type":"Feature","geometry":{"geodesic":false,"type":"Polygon","coordinates":[[[-1.1079820714330177,12.517664158091884],[-1.107802408376194,12.517664158091884],[-1.107802408376194,12.517843821148707],[-1.1079820714330177,12.517843821148707],[-1.1079820714330177,12.517664158091884]]]},"id":"-6167+69673","properties":{"count":1,"eau":1}},{"type":"Feature","geometry":{"geodesic":false,"type":"Polygon","coordinates":[[[-1.1081617344898418,12.500955493807261],[-1.1079820714330177,12.500955493807261],[-1.1079820714330177,12.501135156864084],[-1.1081617344898418,12.501135156864084],[-1.1081617344898418,12.500955493807261]]]},"id":"-6168+69580","properties":{"count":1,"eau":1}},{"type":"Feature","geometry":{"geodesic":false,"type":"Polygon","coordinates":[[[-1.1083413975466656,12.514609886125879],[-1.1079820714330177,12.514609886125879],[-1.1079820714330177,12.514789549182701],[-1.1083413975466656,12.514789549182701],[-1.1083413975466656,12.514609886125879]]]},"id":"-6168+69656","properties":{"count":2,"eau":1}},{"type":"Feature","geometry":{"geodesic":false,"type":"Polygon","coordinates":[[[-1.1081617344898418,12.51514887529635],[-1.1079820714330177,12.51514887529635],[-1.1079820714330177,12.515508201409997],[-1.1081617344898418,12.515508201409997],[-1.1081617344898418,12.51514887529635]]]},"id":"-6168+69660","properties":{"count":2,"eau":1}},{"type":"Feature","geometry":{"geodesic":false,"type":"Polygon","coordinates":[[[-1.1081617344898418,12.517304831978237],[-1.1079820714330177,12.517304831978237],[-1.1079820714330177,12.51748449503506],[-1.1081617344898418,12.51748449503506],[-1.1081617344898418,12.517304831978237]]]},"id":"-6168+69671","properties":{"count":1,"eau":1}},{"type":"Feature","geometry":{"geodesic":false,"type":"Polygon","coordinates":[[[-1.1083413975466656,12.516586179750941],[-1.1081617344898418,12.516586179750941],[-1.1081617344898418,12.516765842807764],[-1.1083413975466656,12.516765842807764],[-1.1083413975466656,12.516586179750941]]]},"id":"-6169+69667","properties":{"count":1,"eau":1}},{"type":"Feature","geometry":{"geodesic":false,"type":"Polygon","coordinates":[[[-1.1083413975466656,12.518023484205532],[-1.1081617344898418,12.518023484205532],[-1.1081617344898418,12.51838281031918],[-1.1083413975466656,12.51838281031918],[-1.1083413975466656,12.518023484205532]]]},"id":"-6169+69676","properties":{"count":2,"eau":1}},{"type":"Feature","geometry":{"geodesic":false,"type":"Polygon","coordinates":[[[-1.1085210606034894,12.515328538353174],[-1.1083413975466656,12.515328538353174],[-1.1083413975466656,12.515508201409997],[-1.1085210606034894,12.515508201409997],[-1.1085210606034894,12.515328538353174]]]},"id":"-6170+69660","properties":{"count":1,"eau":1}},{"type":"Feature","geometry":{"geodesic":false,"type":"Polygon","coordinates":[[[-1.1085210606034894,12.515687864466821],[-1.1083413975466656,12.515687864466821],[-1.1083413975466656,12.515867527523644],[-1.1085210606034894,12.515867527523644],[-1.1085210606034894,12.515687864466821]]]},"id":"-6170+69662","properties":{"count":1,"eau":1}},{"type":"Feature","geometry":{"geodesic":false,"type":"Polygon","coordinates":[[[-1.1085210606034894,12.516047190580469],[-1.1083413975466656,12.516047190580469],[-1.1083413975466656,12.516226853637292],[-1.1085210606034894,12.516226853637292],[-1.1085210606034894,12.516047190580469]]]},"id":"-6170+69664","properties":{"count":1,"eau":1}},{"type":"Feature","geometry":{"geodesic":false,"type":"Polygon","coordinates":[[[-1.1087007236603135,12.512633592500814],[-1.1085210606034894,12.512633592500814],[-1.1085210606034894,12.512813255557639],[-1.1087007236603135,12.512813255557639],[-1.1087007236603135,12.512633592500814]]]},"id":"-6171+69645","properties":{"count":1,"eau":1}},{"type":"Feature","geometry":{"geodesic":false,"type":"Polygon","coordinates":[[[-1.1088803867171373,12.515508201409997],[-1.1087007236603135,12.515508201409997],[-1.1087007236603135,12.515867527523644],[-1.1088803867171373,12.515867527523644],[-1.1088803867171373,12.515508201409997]]]},"id":"-6172+69662","properties":{"count":2,"eau":1}},{"type":"Feature","geometry":{"geodesic":false,"type":"Polygon","coordinates":[[[-1.1090600497739613,12.514789549182701],[-1.1088803867171373,12.514789549182701],[-1.1088803867171373,12.514969212239526],[-1.1090600497739613,12.514969212239526],[-1.1090600497739613,12.514789549182701]]]},"id":"-6173+69657","properties":{"count":1,"eau":1}},{"type":"Feature","geometry":{"geodesic":false,"type":"Polygon","coordinates":[[[-1.1180432026151563,12.522694723682953],[-1.1178635395583325,12.522694723682953],[-1.1178635395583325,12.522874386739778],[-1.1180432026151563,12.522874386739778],[-1.1180432026151563,12.522694723682953]]]},"id":"-6223+69701","properties":{"count":1,"eau":1}},{"type":"Feature","geometry":{"geodesic":false,"type":"Polygon","coordinates":[[[-1.1198398331833954,12.529342256785437],[-1.1196601701265716,12.529342256785437],[-1.1196601701265716,12.529521919842262],[-1.1198398331833954,12.529521919842262],[-1.1198398331833954,12.529342256785437]]]},"id":"-6233+69738","properties":{"count":1,"eau":1}},{"type":"Feature","geometry":{"geodesic":false,"type":"Polygon","coordinates":[[[-1.1205584854106911,12.524491354251193],[-1.120378822353867,12.524491354251193],[-1.120378822353867,12.524671017308016],[-1.1205584854106911,12.524671017308016],[-1.1205584854106911,12.524491354251193]]]},"id":"-6237+69711","properties":{"count":1,"eau":1}},{"type":"Feature","geometry":{"geodesic":false,"type":"Polygon","coordinates":[[[-1.124151746547169,12.522155734512483],[-1.1239720834903453,12.522155734512483],[-1.1239720834903453,12.522335397569305],[-1.124151746547169,12.522335397569305],[-1.124151746547169,12.522155734512483]]]},"id":"-6257+69698","properties":{"count":1,"eau":1}},{"type":"Feature","geometry":{"geodesic":false,"type":"MultiPolygon","coordinates":[[[[-1.1239720834903453,12.52251506062613],[-1.1237924204335215,12.52251506062613],[-1.1237924204335215,12.522694723682955],[-1.1239720834903453,12.522694723682955],[-1.1239720834903453,12.52251506062613]]],[[[-1.1237924204335215,12.522874386739778],[-1.1236127573766976,12.522874386739778],[-1.1236127573766976,12.523054049796603],[-1.1237924204335215,12.523054049796603],[-1.1237924204335215,12.522874386739778]]],[[[-1.1167855612173891,12.508860668307513],[-1.1166058981605653,12.508860668307513],[-1.1166058981605653,12.509040331364337],[-1.1167855612173891,12.509040331364337],[-1.1167855612173891,12.508860668307513]]],[[[-1.1106770172853764,12.510297972762105],[-1.1106770172853764,12.51011830970528],[-1.1108566803422004,12.51011830970528],[-1.1108566803422004,12.509938646648457],[-1.1104973542285526,12.509938646648457],[-1.1104973542285526,12.510297972762105],[-1.1106770172853764,12.510297972762105]]],[[[-1.1092397128307852,12.515328538353174],[-1.1090600497739613,12.515328538353174],[-1.1090600497739613,12.515508201409999],[-1.1092397128307852,12.515508201409999],[-1.1092397128307852,12.515328538353174]]],[[[-1.1085210606034896,12.517125168921414],[-1.1083413975466656,12.517125168921414],[-1.1083413975466656,12.517304831978237],[-1.1085210606034896,12.517304831978237],[-1.1085210606034896,12.517125168921414]]],[[[-1.1085210606034896,12.517484495035061],[-1.1083413975466656,12.517484495035061],[-1.1083413975466656,12.517664158091884],[-1.1085210606034896,12.517664158091884],[-1.1085210606034896,12.517484495035061]]],[[[-1.1239720834903453,12.522694723682955],[-1.1239720834903453,12.523054049796603],[-1.1237924204335215,12.523054049796603],[-1.1237924204335215,12.523233712853425],[-1.1234330943198736,12.523233712853425],[-1.1234330943198736,12.523772702023898],[-1.1232534312630498,12.523772702023898],[-1.1232534312630498,12.524132028137545],[-1.122714442092578,12.524132028137545],[-1.122714442092578,12.524491354251193],[-1.1223551159789302,12.524491354251193],[-1.1223551159789302,12.524671017308018],[-1.1216364637516345,12.524671017308018],[-1.1216364637516345,12.524491354251193],[-1.1214568006948107,12.524491354251193],[-1.1214568006948107,12.524671017308018],[-1.1210974745811628,12.524671017308018],[-1.1210974745811628,12.52485068036484],[-1.1201991592970433,12.52485068036484],[-1.1201991592970433,12.524671017308018],[-1.1198398331833956,12.524671017308018],[-1.1198398331833956,12.52431169119437],[-1.1194805070697478,12.52431169119437],[-1.1194805070697478,12.52395236508072],[-1.1191211809561,12.52395236508072],[-1.1191211809561,12.523772702023898],[-1.118941517899276,12.523772702023898],[-1.118941517899276,12.524132028137545],[-1.118761854842452,12.524132028137545],[-1.118761854842452,12.523772702023898],[-1.1184025287288044,12.523772702023898],[-1.1184025287288044,12.523593038967073],[-1.1185821917856282,12.523593038967073],[-1.1185821917856282,12.52341337591025],[-1.1182228656719804,12.52341337591025],[-1.1182228656719804,12.523233712853425],[-1.1178635395583325,12.523233712853425],[-1.1178635395583325,12.523054049796603],[-1.1176838765015087,12.523054049796603],[-1.1176838765015087,12.522874386739778],[-1.1173245503878608,12.522874386739778],[-1.1173245503878608,12.52251506062613],[-1.117144887331037,12.52251506062613],[-1.117144887331037,12.522155734512483],[-1.1166058981605653,12.522155734512483],[-1.1166058981605653,12.521976071455658],[-1.1167855612173891,12.521976071455658],[-1.1167855612173891,12.521796408398835],[-1.1166058981605653,12.521796408398835],[-1.1166058981605653,12.521437082285187],[-1.1162465720469175,12.521437082285187],[-1.1162465720469175,12.52107775617154],[-1.1160669089900936,12.52107775617154],[-1.1160669089900936,12.520718430057892],[-1.1162465720469175,12.520718430057892],[-1.1162465720469175,12.520359103944243],[-1.1160669089900936,12.520359103944243],[-1.1160669089900936,12.52017944088742],[-1.1158872459332696,12.52017944088742],[-1.1158872459332696,12.519999777830595],[-1.1157075828764458,12.519999777830595],[-1.1157075828764458,12.519820114773772],[-1.1158872459332696,12.519820114773772],[-1.1158872459332696,12.519460788660124],[-1.1157075828764458,12.519460788660124],[-1.1157075828764458,12.5192811256033],[-1.1155279198196217,12.5192811256033],[-1.1155279198196217,12.519101462546477],[-1.1157075828764458,12.519101462546477],[-1.1157075828764458,12.518742136432829],[-1.1155279198196217,12.518742136432829],[-1.1155279198196217,12.518562473376004],[-1.115168593705974,12.518562473376004],[-1.115168593705974,12.518023484205532],[-1.11498893064915,12.518023484205532],[-1.11498893064915,12.517664158091884],[-1.115168593705974,12.517664158091884],[-1.115168593705974,12.517304831978237],[-1.1148092675923262,12.517304831978237],[-1.1148092675923262,12.516765842807766],[-1.11498893064915,12.516765842807766],[-1.11498893064915,12.516406516694117],[-1.115168593705974,12.516406516694117],[-1.115168593705974,12.516226853637294],[-1.1148092675923262,12.516226853637294],[-1.1148092675923262,12.515867527523646],[-1.11498893064915,12.515867527523646],[-1.11498893064915,12.515508201409999],[-1.115168593705974,12.515508201409999],[-1.115168593705974,12.515328538353174],[-1.11498893064915,12.515328538353174],[-1.11498893064915,12.514969212239526],[-1.1148092675923262,12.514969212239526],[-1.1148092675923262,12.514250560012231],[-1.11498893064915,12.514250560012231],[-1.11498893064915,12.512633592500816],[-1.115168593705974,12.512633592500816],[-1.115168593705974,12.512274266387168],[-1.115348256762798,12.512274266387168],[-1.115348256762798,12.511555614159873],[-1.1155279198196217,12.511555614159873],[-1.1155279198196217,12.511196288046225],[-1.1157075828764458,12.511196288046225],[-1.1157075828764458,12.510657298875753],[-1.1158872459332696,12.510657298875753],[-1.1158872459332696,12.510477635818928],[-1.1160669089900936,12.510477635818928],[-1.1160669089900936,12.509938646648457],[-1.1162465720469175,12.509938646648457],[-1.1162465720469175,12.509758983591633],[-1.1166058981605653,12.509758983591633],[-1.1166058981605653,12.509399657477985],[-1.1167855612173891,12.509399657477985],[-1.1167855612173891,12.509219994421162],[-1.1166058981605653,12.509219994421162],[-1.1166058981605653,12.509040331364337],[-1.1164262351037413,12.509040331364337],[-1.1164262351037413,12.50868100525069],[-1.1162465720469175,12.50868100525069],[-1.1162465720469175,12.508321679137042],[-1.1160669089900936,12.508321679137042],[-1.1160669089900936,12.50778268996657],[-1.1158872459332696,12.50778268996657],[-1.1158872459332696,12.507603026909747],[-1.1155279198196217,12.507603026909747],[-1.1155279198196217,12.50778268996657],[-1.115348256762798,12.50778268996657],[-1.115348256762798,12.507962353023395],[-1.115168593705974,12.507962353023395],[-1.115168593705974,12.508321679137042],[-1.11498893064915,12.508321679137042],[-1.11498893064915,12.508501342193865],[-1.1146296045355024,12.508501342193865],[-1.1146296045355024,12.508860668307513],[-1.1144499414786784,12.508860668307513],[-1.1144499414786784,12.509040331364337],[-1.1142702784218546,12.509040331364337],[-1.1142702784218546,12.509219994421162],[-1.1140906153650305,12.509219994421162],[-1.1140906153650305,12.509399657477985],[-1.1139109523082067,12.509399657477985],[-1.1139109523082067,12.50957932053481],[-1.1135516261945588,12.50957932053481],[-1.1135516261945588,12.509938646648457],[-1.1131923000809112,12.509938646648457],[-1.1131923000809112,12.51011830970528],[-1.1130126370240871,12.51011830970528],[-1.1130126370240871,12.510297972762105],[-1.1128329739672633,12.510297972762105],[-1.1128329739672633,12.510477635818928],[-1.1122939847967916,12.510477635818928],[-1.1122939847967916,12.510657298875753],[-1.1121143217399676,12.510657298875753],[-1.1121143217399676,12.510477635818928],[-1.11175499562632,12.510477635818928],[-1.11175499562632,12.510657298875753],[-1.111575332569496,12.510657298875753],[-1.111575332569496,12.510477635818928],[-1.111395669512672,12.510477635818928],[-1.111395669512672,12.510297972762105],[-1.111216006455848,12.510297972762105],[-1.111216006455848,12.510477635818928],[-1.1110363433990242,12.510477635818928],[-1.1110363433990242,12.510657298875753],[-1.1108566803422004,12.510657298875753],[-1.1108566803422004,12.510836961932576],[-1.1106770172853764,12.510836961932576],[-1.1106770172853764,12.5110166249894],[-1.1103176911717285,12.5110166249894],[-1.1103176911717285,12.511196288046225],[-1.1099583650580809,12.511196288046225],[-1.1099583650580809,12.5110166249894],[-1.109599038944433,12.5110166249894],[-1.109599038944433,12.511196288046225],[-1.1094193758876092,12.511196288046225],[-1.1094193758876092,12.511375951103048],[-1.1092397128307852,12.511375951103048],[-1.1092397128307852,12.511555614159873],[-1.109599038944433,12.511555614159873],[-1.109599038944433,12.511735277216696],[-1.1094193758876092,12.511735277216696],[-1.1094193758876092,12.512094603330343],[-1.1092397128307852,12.512094603330343],[-1.1092397128307852,12.512274266387168],[-1.1090600497739613,12.512274266387168],[-1.1090600497739613,12.512453929443991],[-1.1094193758876092,12.512453929443991],[-1.1094193758876092,12.512633592500816],[-1.1090600497739613,12.512633592500816],[-1.1090600497739613,12.512813255557639],[-1.1088803867171373,12.512813255557639],[-1.1088803867171373,12.513352244728111],[-1.1090600497739613,12.513352244728111],[-1.1090600497739613,12.513172581671288],[-1.1092397128307852,12.513172581671288],[-1.1092397128307852,12.513352244728111],[-1.1094193758876092,12.513352244728111],[-1.1094193758876092,12.513531907784936],[-1.1092397128307852,12.513531907784936],[-1.1092397128307852,12.513711570841759],[-1.1088803867171373,12.513711570841759],[-1.1088803867171373,12.514070896955406],[-1.1092397128307852,12.514070896955406],[-1.1092397128307852,12.514609886125879],[-1.1094193758876092,12.514609886125879],[-1.1094193758876092,12.514250560012231],[-1.109599038944433,12.514250560012231],[-1.109599038944433,12.514789549182703],[-1.1094193758876092,12.514789549182703],[-1.1094193758876092,12.514969212239526],[-1.1092397128307852,12.514969212239526],[-1.1092397128307852,12.515328538353174],[-1.1094193758876092,12.515328538353174],[-1.1094193758876092,12.516047190580469],[-1.1092397128307852,12.516047190580469],[-1.1092397128307852,12.516406516694117],[-1.1090600497739613,12.516406516694117],[-1.1090600497739613,12.516945505864589],[-1.1092397128307852,12.516945505864589],[-1.1092397128307852,12.517125168921414],[-1.109599038944433,12.517125168921414],[-1.109599038944433,12.517304831978237],[-1.1094193758876092,12.517304831978237],[-1.1094193758876092,12.517484495035061],[-1.1090600497739613,12.517484495035061],[-1.1090600497739613,12.517304831978237],[-1.1088803867171373,12.517304831978237],[-1.1088803867171373,12.517484495035061],[-1.1087007236603135,12.517484495035061],[-1.1087007236603135,12.517664158091884],[-1.1092397128307852,12.517664158091884],[-1.1092397128307852,12.517843821148709],[-1.1088803867171373,12.517843821148709],[-1.1088803867171373,12.518023484205532],[-1.1090600497739613,12.518023484205532],[-1.1090600497739613,12.518203147262357],[-1.1092397128307852,12.518203147262357],[-1.1092397128307852,12.51838281031918],[-1.1090600497739613,12.51838281031918],[-1.1090600497739613,12.518562473376004],[-1.1088803867171373,12.518562473376004],[-1.1088803867171373,12.518921799489652],[-1.1090600497739613,12.518921799489652],[-1.1090600497739613,12.519101462546477],[-1.1094193758876092,12.519101462546477],[-1.1094193758876092,12.5192811256033],[-1.109599038944433,12.5192811256033],[-1.109599038944433,12.519460788660124],[-1.1099583650580809,12.519460788660124],[-1.1099583650580809,12.519820114773772],[-1.1103176911717285,12.519820114773772],[-1.1103176911717285,12.519999777830595],[-1.1104973542285526,12.519999777830595],[-1.1104973542285526,12.519820114773772],[-1.1106770172853764,12.519820114773772],[-1.1106770172853764,12.52017944088742],[-1.1104973542285526,12.52017944088742],[-1.1104973542285526,12.520359103944243],[-1.1101380281149047,12.520359103944243],[-1.1101380281149047,12.520538767001067],[-1.1104973542285526,12.520538767001067],[-1.1104973542285526,12.521257419228363],[-1.1103176911717285,12.521257419228363],[-1.1103176911717285,12.521437082285187],[-1.1106770172853764,12.521437082285187],[-1.1106770172853764,12.521796408398835],[-1.1108566803422004,12.521796408398835],[-1.1108566803422004,12.521976071455658],[-1.111216006455848,12.521976071455658],[-1.111216006455848,12.522155734512483],[-1.1110363433990242,12.522155734512483],[-1.1110363433990242,12.522335397569307],[-1.1108566803422004,12.522335397569307],[-1.1108566803422004,12.52251506062613],[-1.1106770172853764,12.52251506062613],[-1.1106770172853764,12.522874386739778],[-1.1104973542285526,12.522874386739778],[-1.1104973542285526,12.523054049796603],[-1.1101380281149047,12.523054049796603],[-1.1101380281149047,12.52395236508072],[-1.1097787020012568,12.52395236508072],[-1.1097787020012568,12.524132028137545],[-1.1099583650580809,12.524132028137545],[-1.1099583650580809,12.524671017308018],[-1.1097787020012568,12.524671017308018],[-1.1097787020012568,12.52485068036484],[-1.1099583650580809,12.52485068036484],[-1.1099583650580809,12.525030343421665],[-1.1101380281149047,12.525030343421665],[-1.1101380281149047,12.525389669535313],[-1.1103176911717285,12.525389669535313],[-1.1103176911717285,12.52574899564896],[-1.1104973542285526,12.52574899564896],[-1.1104973542285526,12.526287984819433],[-1.1106770172853764,12.526287984819433],[-1.1106770172853764,12.52664731093308],[-1.1110363433990242,12.52664731093308],[-1.1110363433990242,12.526826973989904],[-1.111216006455848,12.526826973989904],[-1.111216006455848,12.527006637046728],[-1.1121143217399676,12.527006637046728],[-1.1121143217399676,12.526826973989904],[-1.1122939847967916,12.526826973989904],[-1.1122939847967916,12.52664731093308],[-1.1121143217399676,12.52664731093308],[-1.1121143217399676,12.526467647876256],[-1.1124736478536155,12.526467647876256],[-1.1124736478536155,12.526108321762608],[-1.1128329739672633,12.526108321762608],[-1.1128329739672633,12.525928658705784],[-1.1130126370240871,12.525928658705784],[-1.1130126370240871,12.525569332592136],[-1.1131923000809112,12.525569332592136],[-1.1131923000809112,12.526108321762608],[-1.113371963137735,12.526108321762608],[-1.113371963137735,12.526467647876256],[-1.1131923000809112,12.526467647876256],[-1.1131923000809112,12.527186300103551],[-1.113371963137735,12.527186300103551],[-1.113371963137735,12.527545626217199],[-1.1135516261945588,12.527545626217199],[-1.1135516261945588,12.527725289274024],[-1.113371963137735,12.527725289274024],[-1.113371963137735,12.527904952330847],[-1.1131923000809112,12.527904952330847],[-1.1131923000809112,12.528084615387671],[-1.1130126370240871,12.528084615387671],[-1.1130126370240871,12.528443941501319],[-1.1128329739672633,12.528443941501319],[-1.1128329739672633,12.528982930671791],[-1.1130126370240871,12.528982930671791],[-1.1130126370240871,12.529342256785439],[-1.1148092675923262,12.529342256785439],[-1.1148092675923262,12.529162593728614],[-1.11498893064915,12.529162593728614],[-1.11498893064915,12.529342256785439],[-1.1155279198196217,12.529342256785439],[-1.1155279198196217,12.528803267614967],[-1.1157075828764458,12.528803267614967],[-1.1157075828764458,12.528623604558144],[-1.1158872459332696,12.528623604558144],[-1.1158872459332696,12.528443941501319],[-1.1162465720469175,12.528443941501319],[-1.1162465720469175,12.528264278444496],[-1.1164262351037413,12.528264278444496],[-1.1164262351037413,12.528443941501319],[-1.1169652242742132,12.528443941501319],[-1.1169652242742132,12.528623604558144],[-1.1173245503878608,12.528623604558144],[-1.1173245503878608,12.528803267614967],[-1.1175042134446849,12.528803267614967],[-1.1175042134446849,12.529162593728614],[-1.1176838765015087,12.529162593728614],[-1.1176838765015087,12.529342256785439],[-1.1178635395583325,12.529342256785439],[-1.1178635395583325,12.529521919842262],[-1.1180432026151566,12.529521919842262],[-1.1180432026151566,12.529701582899087],[-1.1182228656719804,12.529701582899087],[-1.1182228656719804,12.529881245955911],[-1.1184025287288044,12.529881245955911],[-1.1184025287288044,12.529701582899087],[-1.1185821917856282,12.529701582899087],[-1.1185821917856282,12.529881245955911],[-1.118761854842452,12.529881245955911],[-1.118761854842452,12.530060909012734],[-1.1193008440129237,12.530060909012734],[-1.1193008440129237,12.529701582899087],[-1.1194805070697478,12.529701582899087],[-1.1194805070697478,12.529342256785439],[-1.1193008440129237,12.529342256785439],[-1.1193008440129237,12.529162593728614],[-1.1194805070697478,12.529162593728614],[-1.1194805070697478,12.528982930671791],[-1.1196601701265716,12.528982930671791],[-1.1196601701265716,12.528084615387671],[-1.1200194962402195,12.528084615387671],[-1.1200194962402195,12.527904952330847],[-1.1198398331833956,12.527904952330847],[-1.1198398331833956,12.527725289274024],[-1.1200194962402195,12.527725289274024],[-1.1200194962402195,12.527545626217199],[-1.1201991592970433,12.527545626217199],[-1.1201991592970433,12.527365963160376],[-1.1203788223538673,12.527365963160376],[-1.1203788223538673,12.527545626217199],[-1.1205584854106911,12.527545626217199],[-1.1205584854106911,12.527365963160376],[-1.1212771376379869,12.527365963160376],[-1.1212771376379869,12.527186300103551],[-1.1214568006948107,12.527186300103551],[-1.1214568006948107,12.527006637046728],[-1.1218161268084585,12.527006637046728],[-1.1218161268084585,12.527186300103551],[-1.1219957898652824,12.527186300103551],[-1.1219957898652824,12.527006637046728],[-1.122714442092578,12.527006637046728],[-1.122714442092578,12.527186300103551],[-1.1232534312630498,12.527186300103551],[-1.1232534312630498,12.527365963160376],[-1.1230737682062257,12.527365963160376],[-1.1230737682062257,12.527545626217199],[-1.1234330943198736,12.527545626217199],[-1.1234330943198736,12.527725289274024],[-1.1237924204335215,12.527725289274024],[-1.1237924204335215,12.528084615387671],[-1.1241517465471693,12.528084615387671],[-1.1241517465471693,12.527725289274024],[-1.1243314096039931,12.527725289274024],[-1.1243314096039931,12.528623604558144],[-1.124690735717641,12.528623604558144],[-1.124690735717641,12.528803267614967],[-1.1248703987744648,12.528803267614967],[-1.1248703987744648,12.528982930671791],[-1.1250500618312889,12.528982930671791],[-1.1250500618312889,12.529162593728614],[-1.1252297248881127,12.529162593728614],[-1.1252297248881127,12.529342256785439],[-1.1255890510017605,12.529342256785439],[-1.1255890510017605,12.529701582899087],[-1.1257687140585844,12.529701582899087],[-1.1257687140585844,12.529881245955911],[-1.1259483771154084,12.529881245955911],[-1.1259483771154084,12.530060909012734],[-1.1261280401722322,12.530060909012734],[-1.1261280401722322,12.530420235126382],[-1.1257687140585844,12.530420235126382],[-1.1257687140585844,12.530599898183207],[-1.1261280401722322,12.530599898183207],[-1.1261280401722322,12.531138887353677],[-1.126307703229056,12.531138887353677],[-1.126307703229056,12.531318550410502],[-1.12648736628588,12.531318550410502],[-1.12648736628588,12.531498213467325],[-1.1268466923995277,12.531498213467325],[-1.1268466923995277,12.531857539580974],[-1.1270263554563518,12.531857539580974],[-1.1270263554563518,12.53167787652415],[-1.1272060185131756,12.53167787652415],[-1.1272060185131756,12.531857539580974],[-1.1273856815699996,12.531857539580974],[-1.1273856815699996,12.532216865694622],[-1.1277450076836473,12.532216865694622],[-1.1277450076836473,12.532396528751445],[-1.1281043337972951,12.532396528751445],[-1.1281043337972951,12.53257619180827],[-1.128283996854119,12.53257619180827],[-1.128283996854119,12.532755854865092],[-1.128463659910943,12.532755854865092],[-1.128463659910943,12.532935517921917],[-1.1286433229677668,12.532935517921917],[-1.1286433229677668,12.53311518097874],[-1.1288229860245909,12.53311518097874],[-1.1288229860245909,12.533294844035565],[-1.1290026490814147,12.533294844035565],[-1.1290026490814147,12.533474507092388],[-1.1291823121382385,12.533474507092388],[-1.1291823121382385,12.533833833206037],[-1.1295416382518864,12.533833833206037],[-1.1295416382518864,12.534372822376508],[-1.1299009643655342,12.534372822376508],[-1.1299009643655342,12.53491181154698],[-1.130260290479182,12.53491181154698],[-1.130260290479182,12.535091474603803],[-1.130080627422358,12.535091474603803],[-1.130080627422358,12.535271137660628],[-1.130260290479182,12.535271137660628],[-1.130260290479182,12.535630463774275],[-1.130439953536006,12.535630463774275],[-1.130439953536006,12.5358101268311],[-1.1307992796496538,12.5358101268311],[-1.1307992796496538,12.535989789887923],[-1.1309789427064776,12.535989789887923],[-1.1309789427064776,12.536169452944748],[-1.1311586057633016,12.536169452944748],[-1.1311586057633016,12.537067768228866],[-1.1309789427064776,12.537067768228866],[-1.1309789427064776,12.53724743128569],[-1.1311586057633016,12.53724743128569],[-1.1311586057633016,12.537427094342513],[-1.1318772579905971,12.537427094342513],[-1.1318772579905971,12.53724743128569],[-1.132236584104245,12.53724743128569],[-1.132236584104245,12.537427094342513],[-1.1325959102178929,12.537427094342513],[-1.1325959102178929,12.53724743128569],[-1.1334942255020122,12.53724743128569],[-1.1334942255020122,12.537067768228866],[-1.1336738885588362,12.537067768228866],[-1.1336738885588362,12.53724743128569],[-1.134212877729308,12.53724743128569],[-1.134212877729308,12.537427094342513],[-1.1343925407861317,12.537427094342513],[-1.1343925407861317,12.537606757399338],[-1.1349315299566036,12.537606757399338],[-1.1349315299566036,12.537786420456163],[-1.1356501821838991,12.537786420456163],[-1.1356501821838991,12.537966083512986],[-1.135829845240723,12.537966083512986],[-1.135829845240723,12.53814574656981],[-1.1361891713543708,12.53814574656981],[-1.1361891713543708,12.538505072683458],[-1.1365484974680187,12.538505072683458],[-1.1365484974680187,12.538684735740281],[-1.1367281605248425,12.538684735740281],[-1.1367281605248425,12.538864398797106],[-1.1369078235816665,12.538864398797106],[-1.1369078235816665,12.539044061853929],[-1.1372671496953142,12.539044061853929],[-1.1372671496953142,12.539223724910753],[-1.137626475808962,12.539223724910753],[-1.137626475808962,12.539403387967578],[-1.137806138865786,12.539403387967578],[-1.137806138865786,12.539583051024401],[-1.13798580192261,12.539583051024401],[-1.13798580192261,12.538864398797106],[-1.1387044541499054,12.538864398797106],[-1.1387044541499054,12.539044061853929],[-1.1388841172067294,12.539044061853929],[-1.1388841172067294,12.538864398797106],[-1.1392434433203773,12.538864398797106],[-1.1392434433203773,12.538684735740281],[-1.139782432490849,12.538684735740281],[-1.139782432490849,12.538505072683458],[-1.1403214216613207,12.538505072683458],[-1.1403214216613207,12.53814574656981],[-1.1401417586044968,12.53814574656981],[-1.1401417586044968,12.537966083512986],[-1.139782432490849,12.537966083512986],[-1.139782432490849,12.537786420456163],[-1.1401417586044968,12.537786420456163],[-1.1401417586044968,12.537427094342513],[-1.1406807477749685,12.537427094342513],[-1.1406807477749685,12.53724743128569],[-1.1408604108317923,12.53724743128569],[-1.1408604108317923,12.537067768228866],[-1.1403214216613207,12.537067768228866],[-1.1403214216613207,12.536888105172043],[-1.1399620955476728,12.536888105172043],[-1.1399620955476728,12.535630463774275],[-1.1401417586044968,12.535630463774275],[-1.1401417586044968,12.535271137660628],[-1.139782432490849,12.535271137660628],[-1.139782432490849,12.535091474603803],[-1.1399620955476728,12.535091474603803],[-1.1399620955476728,12.53491181154698],[-1.139602769434025,12.53491181154698],[-1.139602769434025,12.534732148490155],[-1.1390637802635533,12.534732148490155],[-1.1390637802635533,12.534552485433332],[-1.1388841172067294,12.534552485433332],[-1.1388841172067294,12.534732148490155],[-1.1387044541499054,12.534732148490155],[-1.1387044541499054,12.534552485433332],[-1.13798580192261,12.534552485433332],[-1.13798580192261,12.534372822376508],[-1.1367281605248425,12.534372822376508],[-1.1367281605248425,12.534193159319685],[-1.1363688344111949,12.534193159319685],[-1.1363688344111949,12.533833833206037],[-1.1361891713543708,12.533833833206037],[-1.1361891713543708,12.533654170149212],[-1.1363688344111949,12.533654170149212],[-1.1363688344111949,12.533474507092388],[-1.1361891713543708,12.533474507092388],[-1.1361891713543708,12.533294844035565],[-1.136009508297547,12.533294844035565],[-1.136009508297547,12.53311518097874],[-1.135829845240723,12.53311518097874],[-1.135829845240723,12.533294844035565],[-1.1356501821838991,12.533294844035565],[-1.1356501821838991,12.532935517921917],[-1.1352908560702513,12.532935517921917],[-1.1352908560702513,12.532755854865092],[-1.1349315299566036,12.532755854865092],[-1.1349315299566036,12.53257619180827],[-1.1345722038429558,12.53257619180827],[-1.1345722038429558,12.532396528751445],[-1.1336738885588362,12.532396528751445],[-1.1336738885588362,12.532216865694622],[-1.1334942255020122,12.532216865694622],[-1.1334942255020122,12.532396528751445],[-1.1333145624451884,12.532396528751445],[-1.1333145624451884,12.532216865694622],[-1.1327755732747167,12.532216865694622],[-1.1327755732747167,12.532037202637797],[-1.1329552363315405,12.532037202637797],[-1.1329552363315405,12.531857539580974],[-1.1325959102178929,12.531857539580974],[-1.1325959102178929,12.53167787652415],[-1.1324162471610688,12.53167787652415],[-1.1324162471610688,12.531498213467325],[-1.132236584104245,12.531498213467325],[-1.132236584104245,12.531138887353677],[-1.132056921047421,12.531138887353677],[-1.132056921047421,12.530959224296854],[-1.1318772579905971,12.530959224296854],[-1.1318772579905971,12.530599898183207],[-1.1315179318769493,12.530599898183207],[-1.1315179318769493,12.530420235126382],[-1.1313382688201254,12.530420235126382],[-1.1313382688201254,12.530060909012734],[-1.1311586057633016,12.530060909012734],[-1.1311586057633016,12.529162593728614],[-1.1309789427064776,12.529162593728614],[-1.1309789427064776,12.528982930671791],[-1.1307992796496538,12.528982930671791],[-1.1307992796496538,12.528803267614967],[-1.1306196165928297,12.528803267614967],[-1.1306196165928297,12.528443941501319],[-1.130439953536006,12.528443941501319],[-1.130439953536006,12.528084615387671],[-1.130260290479182,12.528084615387671],[-1.130260290479182,12.527904952330847],[-1.130080627422358,12.527904952330847],[-1.130080627422358,12.527725289274024],[-1.130260290479182,12.527725289274024],[-1.130260290479182,12.527365963160376],[-1.130439953536006,12.527365963160376],[-1.130439953536006,12.52664731093308],[-1.1306196165928297,12.52664731093308],[-1.1306196165928297,12.525928658705784],[-1.1307992796496538,12.525928658705784],[-1.1307992796496538,12.52574899564896],[-1.1306196165928297,12.52574899564896],[-1.1306196165928297,12.525389669535313],[-1.130439953536006,12.525389669535313],[-1.130439953536006,12.52485068036484],[-1.130260290479182,12.52485068036484],[-1.130260290479182,12.524671017308018],[-1.1297213013087102,12.524671017308018],[-1.1297213013087102,12.52485068036484],[-1.1290026490814147,12.52485068036484],[-1.1290026490814147,12.524671017308018],[-1.1288229860245909,12.524671017308018],[-1.1288229860245909,12.524491354251193],[-1.128463659910943,12.524491354251193],[-1.128463659910943,12.524671017308018],[-1.1281043337972951,12.524671017308018],[-1.1281043337972951,12.524491354251193],[-1.1279246707404713,12.524491354251193],[-1.1279246707404713,12.52431169119437],[-1.1277450076836473,12.52431169119437],[-1.1277450076836473,12.524132028137545],[-1.1275653446268235,12.524132028137545],[-1.1275653446268235,12.523593038967073],[-1.1279246707404713,12.523593038967073],[-1.1279246707404713,12.523054049796603],[-1.1281043337972951,12.523054049796603],[-1.1281043337972951,12.522335397569307],[-1.1279246707404713,12.522335397569307],[-1.1279246707404713,12.522155734512483],[-1.1275653446268235,12.522155734512483],[-1.1275653446268235,12.521796408398835],[-1.1272060185131756,12.521796408398835],[-1.1272060185131756,12.52161674534201],[-1.1268466923995277,12.52161674534201],[-1.1268466923995277,12.521437082285187],[-1.1261280401722322,12.521437082285187],[-1.1261280401722322,12.52161674534201],[-1.1259483771154084,12.52161674534201],[-1.1259483771154084,12.521796408398835],[-1.1257687140585844,12.521796408398835],[-1.1257687140585844,12.52161674534201],[-1.1255890510017605,12.52161674534201],[-1.1255890510017605,12.521437082285187],[-1.1254093879449365,12.521437082285187],[-1.1254093879449365,12.52161674534201],[-1.1252297248881127,12.52161674534201],[-1.1252297248881127,12.521796408398835],[-1.1250500618312889,12.521796408398835],[-1.1250500618312889,12.521976071455658],[-1.1248703987744648,12.521976071455658],[-1.1248703987744648,12.522155734512483],[-1.124690735717641,12.522155734512483],[-1.124690735717641,12.522335397569307],[-1.124511072660817,12.522335397569307],[-1.124511072660817,12.52251506062613],[-1.1243314096039931,12.52251506062613],[-1.1243314096039931,12.522694723682955],[-1.1239720834903453,12.522694723682955]],[[-1.1252297248881127,12.529162593728614],[-1.1254093879449365,12.529162593728614],[-1.1254093879449365,12.528982930671791],[-1.1252297248881127,12.528982930671791],[-1.1252297248881127,12.529162593728614]],[[-1.1248703987744648,12.528803267614967],[-1.1250500618312889,12.528803267614967],[-1.1250500618312889,12.528623604558144],[-1.1248703987744648,12.528623604558144],[-1.1248703987744648,12.528803267614967]],[[-1.1198398331833956,12.524671017308018],[-1.1196601701265716,12.524671017308018],[-1.1196601701265716,12.525030343421665],[-1.1198398331833956,12.525030343421665],[-1.1198398331833956,12.524671017308018]],[[-1.1176838765015087,12.523054049796603],[-1.1175042134446849,12.523054049796603],[-1.1175042134446849,12.523233712853425],[-1.1176838765015087,12.523233712853425],[-1.1176838765015087,12.523054049796603]],[[-1.117144887331037,12.52251506062613],[-1.1169652242742132,12.52251506062613],[-1.1169652242742132,12.522694723682955],[-1.117144887331037,12.522694723682955],[-1.117144887331037,12.52251506062613]],[[-1.1160669089900936,12.520718430057892],[-1.1160669089900936,12.520538767001067],[-1.1158872459332696,12.520538767001067],[-1.1158872459332696,12.520718430057892],[-1.1160669089900936,12.520718430057892]],[[-1.1160669089900936,12.52107775617154],[-1.1158872459332696,12.52107775617154],[-1.1158872459332696,12.521437082285187],[-1.1160669089900936,12.521437082285187],[-1.1160669089900936,12.52107775617154]],[[-1.1110363433990242,12.522335397569307],[-1.1110363433990242,12.52251506062613],[-1.111216006455848,12.52251506062613],[-1.111216006455848,12.522335397569307],[-1.1110363433990242,12.522335397569307]],[[-1.109599038944433,12.511735277216696],[-1.109599038944433,12.512274266387168],[-1.1097787020012568,12.512274266387168],[-1.1097787020012568,12.511735277216696],[-1.109599038944433,12.511735277216696]],[[-1.1092397128307852,12.516945505864589],[-1.1094193758876092,12.516945505864589],[-1.1094193758876092,12.516765842807766],[-1.1092397128307852,12.516765842807766],[-1.1092397128307852,12.516945505864589]],[[-1.1090600497739613,12.512813255557639],[-1.1090600497739613,12.512992918614463],[-1.1092397128307852,12.512992918614463],[-1.1092397128307852,12.512813255557639],[-1.1090600497739613,12.512813255557639]],[[-1.1232534312630498,12.526467647876256],[-1.1230737682062257,12.526467647876256],[-1.1230737682062257,12.52664731093308],[-1.1232534312630498,12.52664731093308],[-1.1232534312630498,12.526467647876256]],[[-1.1185821917856282,12.52395236508072],[-1.1184025287288044,12.52395236508072],[-1.1184025287288044,12.524132028137545],[-1.1185821917856282,12.524132028137545],[-1.1185821917856282,12.52395236508072]],[[-1.1108566803422004,12.516586179750941],[-1.1106770172853764,12.516586179750941],[-1.1106770172853764,12.516765842807766],[-1.1108566803422004,12.516765842807766],[-1.1108566803422004,12.516586179750941]],[[-1.1108566803422004,12.516945505864589],[-1.1106770172853764,12.516945505864589],[-1.1106770172853764,12.517125168921414],[-1.1108566803422004,12.517125168921414],[-1.1108566803422004,12.516945505864589]],[[-1.1106770172853764,12.515328538353174],[-1.1104973542285526,12.515328538353174],[-1.1104973542285526,12.515508201409999],[-1.1106770172853764,12.515508201409999],[-1.1106770172853764,12.515328538353174]],[[-1.1104973542285526,12.523593038967073],[-1.1103176911717285,12.523593038967073],[-1.1103176911717285,12.523772702023898],[-1.1104973542285526,12.523772702023898],[-1.1104973542285526,12.523593038967073]],[[-1.1103176911717285,12.516586179750941],[-1.1101380281149047,12.516586179750941],[-1.1101380281149047,12.516765842807766],[-1.1103176911717285,12.516765842807766],[-1.1103176911717285,12.516586179750941]],[[-1.1099583650580809,12.513711570841759],[-1.109599038944433,12.513711570841759],[-1.109599038944433,12.513891233898583],[-1.1099583650580809,12.513891233898583],[-1.1099583650580809,12.513711570841759]],[[-1.1099583650580809,12.516586179750941],[-1.1097787020012568,12.516586179750941],[-1.1097787020012568,12.516765842807766],[-1.1099583650580809,12.516765842807766],[-1.1099583650580809,12.516586179750941]],[[-1.109599038944433,12.518023484205532],[-1.1094193758876092,12.518023484205532],[-1.1094193758876092,12.518203147262357],[-1.109599038944433,12.518203147262357],[-1.109599038944433,12.518023484205532]],[[-1.1094193758876092,12.518742136432829],[-1.1092397128307852,12.518742136432829],[-1.1092397128307852,12.518921799489652],[-1.1094193758876092,12.518921799489652],[-1.1094193758876092,12.518742136432829]],[[-1.1094193758876092,12.516406516694117],[-1.109599038944433,12.516406516694117],[-1.109599038944433,12.516226853637294],[-1.1094193758876092,12.516226853637294],[-1.1094193758876092,12.516406516694117]],[[-1.1094193758876092,12.518742136432829],[-1.109599038944433,12.518742136432829],[-1.109599038944433,12.518562473376004],[-1.1097787020012568,12.518562473376004],[-1.1097787020012568,12.51838281031918],[-1.1094193758876092,12.51838281031918],[-1.1094193758876092,12.518742136432829]],[[-1.1101380281149047,12.517125168921414],[-1.1101380281149047,12.517304831978237],[-1.1103176911717285,12.517304831978237],[-1.1103176911717285,12.517125168921414],[-1.1101380281149047,12.517125168921414]],[[-1.109599038944433,12.512992918614463],[-1.109599038944433,12.513172581671288],[-1.1097787020012568,12.513172581671288],[-1.1097787020012568,12.512992918614463],[-1.109599038944433,12.512992918614463]],[[-1.1099583650580809,12.516047190580469],[-1.1099583650580809,12.515867527523646],[-1.1097787020012568,12.515867527523646],[-1.1097787020012568,12.516047190580469],[-1.1099583650580809,12.516047190580469]],[[-1.115348256762798,12.518921799489652],[-1.115348256762798,12.518742136432829],[-1.115168593705974,12.518742136432829],[-1.115168593705974,12.518921799489652],[-1.115348256762798,12.518921799489652]],[[-1.1099583650580809,12.516047190580469],[-1.1099583650580809,12.516406516694117],[-1.1101380281149047,12.516406516694117],[-1.1101380281149047,12.516047190580469],[-1.1099583650580809,12.516047190580469]],[[-1.1101380281149047,12.517125168921414],[-1.1101380281149047,12.516945505864589],[-1.1097787020012568,12.516945505864589],[-1.1097787020012568,12.517125168921414],[-1.1101380281149047,12.517125168921414]],[[-1.1155279198196217,12.519101462546477],[-1.1155279198196217,12.518921799489652],[-1.115348256762798,12.518921799489652],[-1.115348256762798,12.519101462546477],[-1.1155279198196217,12.519101462546477]],[[-1.1099583650580809,12.517843821148709],[-1.1101380281149047,12.517843821148709],[-1.1101380281149047,12.517664158091884],[-1.1099583650580809,12.517664158091884],[-1.1099583650580809,12.517484495035061],[-1.1097787020012568,12.517484495035061],[-1.1097787020012568,12.517664158091884],[-1.109599038944433,12.517664158091884],[-1.109599038944433,12.517843821148709],[-1.1097787020012568,12.517843821148709],[-1.1097787020012568,12.518023484205532],[-1.1099583650580809,12.518023484205532],[-1.1099583650580809,12.517843821148709]],[[-1.109599038944433,12.512992918614463],[-1.109599038944433,12.512633592500816],[-1.1094193758876092,12.512633592500816],[-1.1094193758876092,12.512992918614463],[-1.109599038944433,12.512992918614463]],[[-1.1092397128307852,12.516406516694117],[-1.1092397128307852,12.516586179750941],[-1.1094193758876092,12.516586179750941],[-1.1094193758876092,12.516406516694117],[-1.1092397128307852,12.516406516694117]]],[[[-1.1099583650580809,12.517664158091884],[-1.1097787020012568,12.517664158091884],[-1.1097787020012568,12.517843821148709],[-1.1099583650580809,12.517843821148709],[-1.1099583650580809,12.517664158091884]]],[[[-1.1106770172853764,12.510297972762105],[-1.1106770172853764,12.510477635818928],[-1.1104973542285526,12.510477635818928],[-1.1104973542285526,12.510657298875753],[-1.1108566803422004,12.510657298875753],[-1.1108566803422004,12.510297972762105],[-1.1106770172853764,12.510297972762105]]],[[[-1.1092397128307852,12.513352244728111],[-1.1090600497739613,12.513352244728111],[-1.1090600497739613,12.513531907784936],[-1.1092397128307852,12.513531907784936],[-1.1092397128307852,12.513352244728111]]],[[[-1.1087007236603135,12.517304831978237],[-1.1085210606034896,12.517304831978237],[-1.1085210606034896,12.517484495035061],[-1.1087007236603135,12.517484495035061],[-1.1087007236603135,12.517304831978237]]]]},"id":"-6334+69794","properties":{"count":7627,"eau":1}},{"type":"Feature","geometry":{"geodesic":false,"type":"MultiPolygon","coordinates":[[[[-1.1388841172067294,12.48801975371594],[-1.1385247910930816,12.48801975371594],[-1.1385247910930816,12.487840090659116],[-1.1383451280362578,12.487840090659116],[-1.1383451280362578,12.48801975371594],[-1.1381654649794337,12.48801975371594],[-1.1381654649794337,12.488379079829588],[-1.1383451280362578,12.488379079829588],[-1.1383451280362578,12.488558742886413],[-1.1385247910930816,12.488558742886413],[-1.1385247910930816,12.488738405943236],[-1.1388841172067294,12.488738405943236],[-1.1388841172067294,12.488558742886413],[-1.1390637802635533,12.488558742886413],[-1.1390637802635533,12.488199416772764],[-1.1388841172067294,12.488199416772764],[-1.1388841172067294,12.48801975371594]]],[[[-1.1390637802635533,12.487840090659116],[-1.1388841172067294,12.487840090659116],[-1.1388841172067294,12.48801975371594],[-1.1390637802635533,12.48801975371594],[-1.1390637802635533,12.487840090659116]]]]},"id":"-6338+69511","properties":{"count":17,"eau":1}},{"type":"Feature","geometry":{"geodesic":false,"type":"Polygon","coordinates":[[[-1.1606233470824217,12.4824501989544],[-1.1606233470824217,12.48209087284075],[-1.1611623362528936,12.48209087284075],[-1.1611623362528936,12.481911209783927],[-1.161880988480189,12.481911209783927],[-1.161880988480189,12.481731546727103],[-1.162060651537013,12.481731546727103],[-1.162060651537013,12.48155188367028],[-1.162240314593837,12.48155188367028],[-1.162240314593837,12.481192557556632],[-1.1624199776506607,12.481192557556632],[-1.1624199776506607,12.48065356838616],[-1.162240314593837,12.48065356838616],[-1.162240314593837,12.480294242272512],[-1.162060651537013,12.480294242272512],[-1.162060651537013,12.480114579215687],[-1.162240314593837,12.480114579215687],[-1.162240314593837,12.479934916158864],[-1.1625996407074848,12.479934916158864],[-1.1625996407074848,12.479575590045217],[-1.1627793037643086,12.479575590045217],[-1.1627793037643086,12.479395926988392],[-1.1624199776506607,12.479395926988392],[-1.1624199776506607,12.479575590045217],[-1.1613419993097174,12.479575590045217],[-1.1613419993097174,12.47975525310204],[-1.1609826731960695,12.47975525310204],[-1.1609826731960695,12.479934916158864],[-1.1606233470824217,12.479934916158864],[-1.1606233470824217,12.480294242272512],[-1.1604436840255978,12.480294242272512],[-1.1604436840255978,12.480833231442984],[-1.160264020968774,12.480833231442984],[-1.160264020968774,12.481372220613455],[-1.16008435791195,12.481372220613455],[-1.16008435791195,12.481911209783927],[-1.160264020968774,12.481911209783927],[-1.160264020968774,12.48209087284075],[-1.1604436840255978,12.48209087284075],[-1.1604436840255978,12.4824501989544],[-1.1606233470824217,12.4824501989544]]]},"id":"-6460+69476","properties":{"count":141,"eau":1}},{"type":"Feature","geometry":{"geodesic":false,"type":"MultiPolygon","coordinates":[[[[-1.2112883291067629,12.61683816545868],[-1.2112883291067629,12.616478839345032],[-1.2116476552204107,12.616478839345032],[-1.2116476552204107,12.616299176288209],[-1.2118273182772346,12.616299176288209],[-1.2118273182772346,12.615939850174561],[-1.2121866443908824,12.615939850174561],[-1.2121866443908824,12.615760187117736],[-1.2120069813340584,12.615760187117736],[-1.2120069813340584,12.615580524060913],[-1.2118273182772346,12.615580524060913],[-1.2118273182772346,12.615400861004089],[-1.2116476552204107,12.615400861004089],[-1.2116476552204107,12.615580524060913],[-1.2114679921635867,12.615580524060913],[-1.2114679921635867,12.615041534890441],[-1.2112883291067629,12.615041534890441],[-1.2112883291067629,12.614861871833616],[-1.2114679921635867,12.614861871833616],[-1.2114679921635867,12.614682208776793],[-1.2111086660499388,12.614682208776793],[-1.2111086660499388,12.614502545719969],[-1.210929002993115,12.614502545719969],[-1.210929002993115,12.614682208776793],[-1.2105696768794671,12.614682208776793],[-1.2105696768794671,12.614502545719969],[-1.2103900138226433,12.614502545719969],[-1.2103900138226433,12.614322882663146],[-1.2098510246521716,12.614322882663146],[-1.2098510246521716,12.614502545719969],[-1.2094916985385238,12.614502545719969],[-1.2094916985385238,12.614682208776793],[-1.2093120354817,12.614682208776793],[-1.2093120354817,12.614861871833616],[-1.208952709368052,12.614861871833616],[-1.208952709368052,12.615041534890441],[-1.2087730463112283,12.615041534890441],[-1.2087730463112283,12.616119513231384],[-1.208952709368052,12.616119513231384],[-1.208952709368052,12.616299176288209],[-1.2093120354817,12.616299176288209],[-1.2093120354817,12.616478839345032],[-1.2094916985385238,12.616478839345032],[-1.2094916985385238,12.617017828515504],[-1.2096713615953476,12.617017828515504],[-1.2096713615953476,12.617197491572329],[-1.2094916985385238,12.617197491572329],[-1.2094916985385238,12.617377154629152],[-1.2096713615953476,12.617377154629152],[-1.2096713615953476,12.6177364807428],[-1.2098510246521716,12.6177364807428],[-1.2098510246521716,12.617556817685976],[-1.2100306877089955,12.617556817685976],[-1.2100306877089955,12.6177364807428],[-1.210929002993115,12.6177364807428],[-1.210929002993115,12.617916143799624],[-1.2111086660499388,12.617916143799624],[-1.2111086660499388,12.617017828515504],[-1.210929002993115,12.617017828515504],[-1.210929002993115,12.61683816545868],[-1.2112883291067629,12.61683816545868]]],[[[-1.2112883291067629,12.61683816545868],[-1.2112883291067629,12.617017828515504],[-1.2114679921635867,12.617017828515504],[-1.2114679921635867,12.617197491572329],[-1.2116476552204107,12.617197491572329],[-1.2116476552204107,12.61683816545868],[-1.2112883291067629,12.61683816545868]]]]},"id":"-6741+70230","properties":{"count":228,"eau":1}},{"type":"Feature","geometry":{"geodesic":false,"type":"MultiPolygon","coordinates":[[[[-1.2118273182772346,12.615041534890441],[-1.2116476552204107,12.615041534890441],[-1.2116476552204107,12.615221197947266],[-1.2118273182772346,12.615221197947266],[-1.2118273182772346,12.615041534890441]]],[[[-1.2120069813340584,12.614861871833616],[-1.2118273182772346,12.614861871833616],[-1.2118273182772346,12.615041534890441],[-1.2120069813340584,12.615041534890441],[-1.2120069813340584,12.614861871833616]]]]},"id":"-6745+70215","properties":{"count":2,"eau":1}},{"type":"Feature","geometry":{"geodesic":false,"type":"Polygon","coordinates":[[[-1.2197324927774862,12.159595685841843],[-1.2197324927774862,12.159236359728196],[-1.2208104711184298,12.159236359728196],[-1.2208104711184298,12.158877033614548],[-1.2211697972320774,12.158877033614548],[-1.2211697972320774,12.158697370557723],[-1.2209901341752536,12.158697370557723],[-1.2209901341752536,12.158517707500899],[-1.2206308080616057,12.158517707500899],[-1.2206308080616057,12.158338044444076],[-1.220091818891134,12.158338044444076],[-1.220091818891134,12.158158381387251],[-1.2195528297206624,12.158158381387251],[-1.2195528297206624,12.157978718330428],[-1.2193731666638385,12.157978718330428],[-1.2193731666638385,12.158158381387251],[-1.2190138405501907,12.158158381387251],[-1.2190138405501907,12.158338044444076],[-1.2186545144365428,12.158338044444076],[-1.2186545144365428,12.158517707500899],[-1.218474851379719,12.158517707500899],[-1.218474851379719,12.159056696671371],[-1.2188341774933666,12.159056696671371],[-1.2188341774933666,12.159236359728196],[-1.2190138405501907,12.159236359728196],[-1.2190138405501907,12.159595685841843],[-1.2197324927774862,12.159595685841843]],[[-1.2191935036070145,12.159236359728196],[-1.2195528297206624,12.159236359728196],[-1.2195528297206624,12.159056696671371],[-1.2191935036070145,12.159056696671371],[-1.2191935036070145,12.159236359728196]]]},"id":"-6786+67679","properties":{"count":77,"eau":1}},{"type":"Feature","geometry":{"geodesic":false,"type":"Polygon","coordinates":[[[-1.2208104711184298,12.159416022785019],[-1.220451145004782,12.159416022785019],[-1.220451145004782,12.159595685841843],[-1.2208104711184298,12.159595685841843],[-1.2208104711184298,12.159416022785019]]]},"id":"-6794+67679","properties":{"count":2,"eau":1}},{"type":"Feature","geometry":{"geodesic":false,"type":"Polygon","coordinates":[[[-1.2342852003802225,12.091503387305583],[-1.2341055373233987,12.091503387305583],[-1.2341055373233987,12.091683050362407],[-1.2342852003802225,12.091683050362407],[-1.2342852003802225,12.091503387305583]]]},"id":"-6870+67301","properties":{"count":1,"eau":1}},{"type":"Feature","geometry":{"geodesic":false,"type":"Polygon","coordinates":[[[-1.2350038526075182,12.093300017873823],[-1.2350038526075182,12.092940691760175],[-1.235183515664342,12.092940691760175],[-1.235183515664342,12.092581365646527],[-1.2350038526075182,12.092581365646527],[-1.2350038526075182,12.09186271341923],[-1.2341055373233987,12.09186271341923],[-1.2341055373233987,12.092042376476055],[-1.2339258742665746,12.092042376476055],[-1.2339258742665746,12.092401702589703],[-1.2341055373233987,12.092401702589703],[-1.2341055373233987,12.092581365646527],[-1.2342852003802225,12.092581365646527],[-1.2342852003802225,12.09276102870335],[-1.2344648634370463,12.09276102870335],[-1.2344648634370463,12.093120354816998],[-1.2346445264938704,12.093120354816998],[-1.2346445264938704,12.093300017873823],[-1.2350038526075182,12.093300017873823]]]},"id":"-6873+67310","properties":{"count":36,"eau":1}},{"type":"Feature","geometry":{"geodesic":false,"type":"Polygon","coordinates":[[[-1.241112396539531,12.379682930451125],[-1.241112396539531,12.379503267394302],[-1.2416513857100027,12.379503267394302],[-1.2416513857100027,12.379682930451125],[-1.2418310487668265,12.379682930451125],[-1.2418310487668265,12.379323604337477],[-1.2420107118236503,12.379323604337477],[-1.2420107118236503,12.378784615167007],[-1.2421903748804743,12.378784615167007],[-1.2421903748804743,12.378604952110182],[-1.2423700379372982,12.378604952110182],[-1.2423700379372982,12.378245625996534],[-1.2420107118236503,12.378245625996534],[-1.2420107118236503,12.37806596293971],[-1.2423700379372982,12.37806596293971],[-1.2423700379372982,12.377167647655591],[-1.2425497009941222,12.377167647655591],[-1.2425497009941222,12.376987984598767],[-1.242729364050946,12.376987984598767],[-1.242729364050946,12.376448995428296],[-1.2423700379372982,12.376448995428296],[-1.2423700379372982,12.376269332371471],[-1.2420107118236503,12.376269332371471],[-1.2420107118236503,12.376089669314647],[-1.2418310487668265,12.376089669314647],[-1.2418310487668265,12.375910006257824],[-1.241112396539531,12.375910006257824],[-1.241112396539531,12.375730343200999],[-1.240573407369059,12.375730343200999],[-1.240573407369059,12.375910006257824],[-1.2402140812554114,12.375910006257824],[-1.2402140812554114,12.376089669314647],[-1.2403937443122353,12.376089669314647],[-1.2403937443122353,12.376628658485119],[-1.240573407369059,12.376628658485119],[-1.240573407369059,12.37806596293971],[-1.2407530704258831,12.37806596293971],[-1.2407530704258831,12.379503267394302],[-1.240932733482707,12.379503267394302],[-1.240932733482707,12.379682930451125],[-1.241112396539531,12.379682930451125]]]},"id":"-6908+68904","properties":{"count":192,"eau":1}},{"type":"Feature","geometry":{"geodesic":false,"type":"Polygon","coordinates":[[[-1.2493768971534305,12.198223243058981],[-1.2491972340966067,12.198223243058981],[-1.2491972340966067,12.198402906115806],[-1.2493768971534305,12.198402906115806],[-1.2493768971534305,12.198223243058981]]]},"id":"-6954+67895","properties":{"count":1,"eau":1}},{"type":"Feature","geometry":{"geodesic":false,"type":"MultiPolygon","coordinates":[[[[-1.2797399537566705,12.604082088424184],[-1.2793806276430226,12.604082088424184],[-1.2793806276430226,12.604261751481006],[-1.2797399537566705,12.604261751481006],[-1.2797399537566705,12.604082088424184]]],[[[-1.2799196168134943,12.604261751481006],[-1.2797399537566705,12.604261751481006],[-1.2797399537566705,12.604441414537831],[-1.2799196168134943,12.604441414537831],[-1.2799196168134943,12.604261751481006]]]]},"id":"-7124+70155","properties":{"count":3,"eau":1}},{"type":"Feature","geometry":{"geodesic":false,"type":"MultiPolygon","coordinates":[[[[-1.28800445437057,12.04299436196313],[-1.2871061390864504,12.04299436196313],[-1.2871061390864504,12.043174025019953],[-1.28800445437057,12.043174025019953],[-1.28800445437057,12.04299436196313]]],[[[-1.285848497688683,12.042455372792658],[-1.2854891715750354,12.042455372792658],[-1.2854891715750354,12.042635035849482],[-1.285848497688683,12.042635035849482],[-1.285848497688683,12.042455372792658]]],[[[-1.2853095085182114,12.039041774713004],[-1.2851298454613875,12.039041774713004],[-1.2851298454613875,12.039221437769827],[-1.2853095085182114,12.039221437769827],[-1.2853095085182114,12.039041774713004]]],[[[-1.2851298454613875,12.039221437769827],[-1.2845908562909159,12.039221437769827],[-1.2845908562909159,12.039041774713004],[-1.284231530177268,12.039041774713004],[-1.284231530177268,12.039221437769827],[-1.2840518671204442,12.039221437769827],[-1.2840518671204442,12.039401100826652],[-1.2838722040636201,12.039401100826652],[-1.2838722040636201,12.039580763883475],[-1.2836925410067963,12.039580763883475],[-1.2836925410067963,12.0397604269403],[-1.2835128779499725,12.0397604269403],[-1.2835128779499725,12.039940089997124],[-1.2833332148931484,12.039940089997124],[-1.2833332148931484,12.040119753053947],[-1.2827942257226768,12.040119753053947],[-1.2827942257226768,12.040299416110772],[-1.282614562665853,12.040299416110772],[-1.282614562665853,12.04065874222442],[-1.2815365843249094,12.04065874222442],[-1.2815365843249094,12.040479079167595],[-1.2809975951544377,12.040479079167595],[-1.2809975951544377,12.040299416110772],[-1.2806382690407898,12.040299416110772],[-1.2806382690407898,12.040119753053947],[-1.2800992798703181,12.040119753053947],[-1.2800992798703181,12.039940089997124],[-1.2793806276430226,12.039940089997124],[-1.2793806276430226,12.040119753053947],[-1.278482312358903,12.040119753053947],[-1.278482312358903,12.039940089997124],[-1.278302649302079,12.039940089997124],[-1.278302649302079,12.0397604269403],[-1.2781229862452552,12.0397604269403],[-1.2781229862452552,12.039580763883475],[-1.2779433231884314,12.039580763883475],[-1.2779433231884314,12.039221437769827],[-1.2775839970747835,12.039221437769827],[-1.2775839970747835,12.039401100826652],[-1.2774043340179597,12.039401100826652],[-1.2774043340179597,12.039580763883475],[-1.2772246709611357,12.039580763883475],[-1.2772246709611357,12.0397604269403],[-1.276685681790664,12.0397604269403],[-1.276685681790664,12.039940089997124],[-1.2763263556770161,12.039940089997124],[-1.2763263556770161,12.040119753053947],[-1.2759670295633685,12.040119753053947],[-1.2759670295633685,12.040299416110772],[-1.2756077034497206,12.040299416110772],[-1.2756077034497206,12.040479079167595],[-1.2754280403928966,12.040479079167595],[-1.2754280403928966,12.040299416110772],[-1.2752483773360728,12.040299416110772],[-1.2752483773360728,12.041018068338067],[-1.275068714279249,12.041018068338067],[-1.275068714279249,12.042275709735835],[-1.2754280403928966,12.042275709735835],[-1.2754280403928966,12.042635035849482],[-1.2756077034497206,12.042635035849482],[-1.2756077034497206,12.042814698906305],[-1.2757873665065445,12.042814698906305],[-1.2757873665065445,12.04299436196313],[-1.2759670295633685,12.04299436196313],[-1.2759670295633685,12.042635035849482],[-1.2765060187338402,12.042635035849482],[-1.2765060187338402,12.042455372792658],[-1.276685681790664,12.042455372792658],[-1.276685681790664,12.042635035849482],[-1.2772246709611357,12.042635035849482],[-1.2772246709611357,12.042455372792658],[-1.278841638472551,12.042455372792658],[-1.278841638472551,12.042635035849482],[-1.2790213015293748,12.042635035849482],[-1.2790213015293748,12.042814698906305],[-1.2793806276430226,12.042814698906305],[-1.2793806276430226,12.042635035849482],[-1.2808179320976139,12.042635035849482],[-1.2808179320976139,12.042814698906305],[-1.2811772582112617,12.042814698906305],[-1.2811772582112617,12.04299436196313],[-1.2813569212680855,12.04299436196313],[-1.2813569212680855,12.043353688076778],[-1.2815365843249094,12.043353688076778],[-1.2815365843249094,12.043533351133602],[-1.282075573495381,12.043533351133602],[-1.282075573495381,12.043353688076778],[-1.282255236552205,12.043353688076778],[-1.282255236552205,12.043174025019953],[-1.282434899609029,12.043174025019953],[-1.282434899609029,12.04299436196313],[-1.2831535518363246,12.04299436196313],[-1.2831535518363246,12.042814698906305],[-1.2838722040636201,12.042814698906305],[-1.2838722040636201,12.04299436196313],[-1.2840518671204442,12.04299436196313],[-1.2840518671204442,12.043174025019953],[-1.284231530177268,12.043174025019953],[-1.284231530177268,12.04299436196313],[-1.2847705193477397,12.04299436196313],[-1.2847705193477397,12.042814698906305],[-1.2851298454613875,12.042814698906305],[-1.2851298454613875,12.042455372792658],[-1.2849501824045637,12.042455372792658],[-1.2849501824045637,12.04209604667901],[-1.2853095085182114,12.04209604667901],[-1.2853095085182114,12.042455372792658],[-1.2854891715750354,12.042455372792658],[-1.2854891715750354,12.041736720565362],[-1.2856688346318592,12.041736720565362],[-1.2856688346318592,12.04155705750854],[-1.286207823802331,12.04155705750854],[-1.286207823802331,12.041736720565362],[-1.286387486859155,12.041736720565362],[-1.286387486859155,12.042275709735835],[-1.2865671499159788,12.042275709735835],[-1.2865671499159788,12.042635035849482],[-1.2867468129728026,12.042635035849482],[-1.2867468129728026,12.04299436196313],[-1.2871061390864504,12.04299436196313],[-1.2871061390864504,12.042814698906305],[-1.2869264760296266,12.042814698906305],[-1.2869264760296266,12.042455372792658],[-1.2867468129728026,12.042455372792658],[-1.2867468129728026,12.04209604667901],[-1.2865671499159788,12.04209604667901],[-1.2865671499159788,12.041916383622187],[-1.2867468129728026,12.041916383622187],[-1.2867468129728026,12.041736720565362],[-1.2865671499159788,12.041736720565362],[-1.2865671499159788,12.041377394451715],[-1.286387486859155,12.041377394451715],[-1.286387486859155,12.04119773139489],[-1.2865671499159788,12.04119773139489],[-1.2865671499159788,12.041018068338067],[-1.2853095085182114,12.041018068338067],[-1.2853095085182114,12.040838405281242],[-1.2851298454613875,12.040838405281242],[-1.2851298454613875,12.04065874222442],[-1.2853095085182114,12.04065874222442],[-1.2853095085182114,12.040479079167595],[-1.2849501824045637,12.040479079167595],[-1.2849501824045637,12.0397604269403],[-1.2851298454613875,12.0397604269403],[-1.2851298454613875,12.039221437769827]]]]},"id":"-7134+67033","properties":{"count":919,"eau":1}},{"type":"Feature","geometry":{"geodesic":false,"type":"Polygon","coordinates":[[[-1.287465465200098,12.465382208556129],[-1.2872858021432743,12.465382208556129],[-1.2872858021432743,12.465561871612952],[-1.287465465200098,12.465561871612952],[-1.287465465200098,12.465382208556129]]]},"id":"-7166+69382","properties":{"count":1,"eau":1}},{"type":"Feature","geometry":{"geodesic":false,"type":"Polygon","coordinates":[[[-1.2889027696546895,12.221220114332443],[-1.2887231065978655,12.221220114332443],[-1.2887231065978655,12.221399777389266],[-1.2889027696546895,12.221399777389266],[-1.2889027696546895,12.221220114332443]]]},"id":"-7174+68023","properties":{"count":1,"eau":1}},{"type":"Feature","geometry":{"geodesic":false,"type":"Polygon","coordinates":[[[-1.3018385097460106,12.549284856092891],[-1.3014791836323627,12.549284856092891],[-1.3014791836323627,12.549464519149716],[-1.3018385097460106,12.549464519149716],[-1.3018385097460106,12.549284856092891]]]},"id":"-7245+69849","properties":{"count":2,"eau":1}},{"type":"Feature","geometry":{"geodesic":false,"type":"Polygon","coordinates":[[[-1.302916488086954,12.214033592059486],[-1.30273682503013,12.214033592059486],[-1.30273682503013,12.21421325511631],[-1.302916488086954,12.21421325511631],[-1.302916488086954,12.214033592059486]]]},"id":"-7252+67983","properties":{"count":1,"eau":1}},{"type":"Feature","geometry":{"geodesic":false,"type":"Polygon","coordinates":[[[-1.3039944664278973,12.499697852409493],[-1.3036351403142497,12.499697852409493],[-1.3036351403142497,12.499877515466318],[-1.3039944664278973,12.499877515466318],[-1.3039944664278973,12.499697852409493]]]},"id":"-7257+69573","properties":{"count":2,"eau":1}},{"type":"Feature","geometry":{"geodesic":false,"type":"MultiPolygon","coordinates":[[[[-1.3251947071331183,12.215470896514077],[-1.325374370189942,12.215470896514077],[-1.325374370189942,12.21511157040043],[-1.32573369630359,12.21511157040043],[-1.32573369630359,12.214931907343606],[-1.3260930224172376,12.214931907343606],[-1.3260930224172376,12.21511157040043],[-1.3266320115877095,12.21511157040043],[-1.3266320115877095,12.215470896514077],[-1.3268116746445333,12.215470896514077],[-1.3268116746445333,12.215291233457254],[-1.327350663815005,12.215291233457254],[-1.327350663815005,12.214931907343606],[-1.3271710007581812,12.214931907343606],[-1.3271710007581812,12.21511157040043],[-1.3268116746445333,12.21511157040043],[-1.3268116746445333,12.214752244286782],[-1.3266320115877095,12.214752244286782],[-1.3266320115877095,12.214931907343606],[-1.3262726854740616,12.214931907343606],[-1.3262726854740616,12.214752244286782],[-1.3260930224172376,12.214752244286782],[-1.3260930224172376,12.214572581229959],[-1.3259133593604138,12.214572581229959],[-1.3259133593604138,12.214213255116311],[-1.325554033246766,12.214213255116311],[-1.325554033246766,12.214392918173134],[-1.3251947071331183,12.214392918173134],[-1.3251947071331183,12.215470896514077]]],[[[-1.3212421198829922,12.214033592059486],[-1.3210624568261684,12.214033592059486],[-1.3210624568261684,12.214213255116311],[-1.3212421198829922,12.214213255116311],[-1.3212421198829922,12.214033592059486]]],[[[-1.3205234676556967,12.217626853195965],[-1.3203438045988727,12.217626853195965],[-1.3203438045988727,12.21780651625279],[-1.3205234676556967,12.21780651625279],[-1.3205234676556967,12.217626853195965]]],[[[-1.3251947071331183,12.215470896514077],[-1.3250150440762942,12.215470896514077],[-1.3250150440762942,12.215291233457254],[-1.3246557179626464,12.215291233457254],[-1.3246557179626464,12.214752244286782],[-1.3250150440762942,12.214752244286782],[-1.3250150440762942,12.214392918173134],[-1.3242963918489987,12.214392918173134],[-1.3242963918489987,12.214572581229959],[-1.3239370657353509,12.214572581229959],[-1.3239370657353509,12.214752244286782],[-1.3226794243375835,12.214752244286782],[-1.3226794243375835,12.214572581229959],[-1.3228590873944075,12.214572581229959],[-1.3228590873944075,12.214213255116311],[-1.3224997612807596,12.214213255116311],[-1.3224997612807596,12.214392918173134],[-1.3223200982239358,12.214392918173134],[-1.3223200982239358,12.214572581229959],[-1.3221404351671118,12.214572581229959],[-1.3221404351671118,12.214752244286782],[-1.321960772110288,12.214752244286782],[-1.321960772110288,12.214931907343606],[-1.32160144599664,12.214931907343606],[-1.32160144599664,12.214752244286782],[-1.3212421198829922,12.214752244286782],[-1.3212421198829922,12.214572581229959],[-1.3210624568261684,12.214572581229959],[-1.3210624568261684,12.214213255116311],[-1.3205234676556967,12.214213255116311],[-1.3205234676556967,12.214392918173134],[-1.3201641415420489,12.214392918173134],[-1.3201641415420489,12.214572581229959],[-1.3194454893147531,12.214572581229959],[-1.3194454893147531,12.214392918173134],[-1.3190861632011055,12.214392918173134],[-1.3190861632011055,12.214213255116311],[-1.3187268370874576,12.214213255116311],[-1.3187268370874576,12.214392918173134],[-1.3185471740306338,12.214392918173134],[-1.3185471740306338,12.214213255116311],[-1.318187847916986,12.214213255116311],[-1.318187847916986,12.214392918173134],[-1.318008184860162,12.214392918173134],[-1.318008184860162,12.214213255116311],[-1.3176488587465143,12.214213255116311],[-1.3176488587465143,12.214033592059486],[-1.3174691956896902,12.214033592059486],[-1.3174691956896902,12.213853929002664],[-1.3169302065192185,12.213853929002664],[-1.3169302065192185,12.213674265945839],[-1.316031891235099,12.213674265945839],[-1.316031891235099,12.213494602889014],[-1.3153132390078035,12.213494602889014],[-1.3153132390078035,12.213314939832191],[-1.3147742498373318,12.213314939832191],[-1.3147742498373318,12.213135276775366],[-1.3138759345532123,12.213135276775366],[-1.3138759345532123,12.212955613718544],[-1.3135166084395644,12.212955613718544],[-1.3135166084395644,12.212775950661719],[-1.3131572823259166,12.212775950661719],[-1.3131572823259166,12.212955613718544],[-1.3126182931554449,12.212955613718544],[-1.3126182931554449,12.213135276775366],[-1.312258967041797,12.213135276775366],[-1.312258967041797,12.213314939832191],[-1.3117199778713253,12.213314939832191],[-1.3117199778713253,12.213674265945839],[-1.3115403148145015,12.213674265945839],[-1.3115403148145015,12.213853929002664],[-1.3113606517576775,12.213853929002664],[-1.3113606517576775,12.214033592059486],[-1.3111809887008536,12.214033592059486],[-1.3111809887008536,12.214213255116311],[-1.3110013256440298,12.214213255116311],[-1.3110013256440298,12.214392918173134],[-1.3108216625872058,12.214392918173134],[-1.3108216625872058,12.214572581229959],[-1.310282673416734,12.214572581229959],[-1.310282673416734,12.214752244286782],[-1.3090250320189667,12.214752244286782],[-1.3090250320189667,12.214931907343606],[-1.308665705905319,12.214931907343606],[-1.308665705905319,12.21511157040043],[-1.3083063797916712,12.21511157040043],[-1.3083063797916712,12.215291233457254],[-1.3077673906211995,12.215291233457254],[-1.3077673906211995,12.215470896514077],[-1.3074080645075516,12.215470896514077],[-1.3074080645075516,12.215650559570902],[-1.3072284014507278,12.215650559570902],[-1.3072284014507278,12.215470896514077],[-1.306509749223432,12.215470896514077],[-1.306509749223432,12.215650559570902],[-1.3059707600529604,12.215650559570902],[-1.3059707600529604,12.215830222627726],[-1.3057910969961366,12.215830222627726],[-1.3057910969961366,12.215650559570902],[-1.3054317708824887,12.215650559570902],[-1.3054317708824887,12.215470896514077],[-1.3043537925415454,12.215470896514077],[-1.3043537925415454,12.215291233457254],[-1.3041741294847213,12.215291233457254],[-1.3041741294847213,12.21511157040043],[-1.3039944664278975,12.21511157040043],[-1.3039944664278975,12.214392918173134],[-1.3041741294847213,12.214392918173134],[-1.3041741294847213,12.214213255116311],[-1.3043537925415454,12.214213255116311],[-1.3043537925415454,12.214033592059486],[-1.3039944664278975,12.214033592059486],[-1.3039944664278975,12.213853929002664],[-1.3038148033710735,12.213853929002664],[-1.3038148033710735,12.213674265945839],[-1.3036351403142497,12.213674265945839],[-1.3036351403142497,12.213853929002664],[-1.3034554772574258,12.213853929002664],[-1.3034554772574258,12.214033592059486],[-1.3032758142006018,12.214033592059486],[-1.3032758142006018,12.214213255116311],[-1.303096151143778,12.214213255116311],[-1.303096151143778,12.214572581229959],[-1.30273682503013,12.214572581229959],[-1.30273682503013,12.214392918173134],[-1.3025571619733063,12.214392918173134],[-1.3025571619733063,12.214572581229959],[-1.3023774989164822,12.214572581229959],[-1.3023774989164822,12.214392918173134],[-1.3020181728028346,12.214392918173134],[-1.3020181728028346,12.214213255116311],[-1.3014791836323627,12.214213255116311],[-1.3014791836323627,12.214392918173134],[-1.3012995205755389,12.214392918173134],[-1.3012995205755389,12.214572581229959],[-1.300940194461891,12.214572581229959],[-1.300940194461891,12.214392918173134],[-1.3004012052914193,12.214392918173134],[-1.3004012052914193,12.214213255116311],[-1.3002215422345955,12.214213255116311],[-1.3002215422345955,12.214033592059486],[-1.2998622161209477,12.214033592059486],[-1.2998622161209477,12.214213255116311],[-1.2995028900072998,12.214213255116311],[-1.2995028900072998,12.213674265945839],[-1.299323226950476,12.213674265945839],[-1.299323226950476,12.213494602889014],[-1.2991435638936522,12.213494602889014],[-1.2991435638936522,12.213314939832191],[-1.299323226950476,12.213314939832191],[-1.299323226950476,12.212955613718544],[-1.2991435638936522,12.212955613718544],[-1.2991435638936522,12.213135276775366],[-1.2987842377800043,12.213135276775366],[-1.2987842377800043,12.213314939832191],[-1.2989639008368281,12.213314939832191],[-1.2989639008368281,12.213674265945839],[-1.2991435638936522,12.213674265945839],[-1.2991435638936522,12.214033592059486],[-1.299323226950476,12.214033592059486],[-1.299323226950476,12.214572581229959],[-1.2991435638936522,12.214572581229959],[-1.2991435638936522,12.214752244286782],[-1.2987842377800043,12.214752244286782],[-1.2987842377800043,12.214931907343606],[-1.297706259439061,12.214931907343606],[-1.297706259439061,12.21511157040043],[-1.297167270268589,12.21511157040043],[-1.297167270268589,12.215291233457254],[-1.2968079441549414,12.215291233457254],[-1.2968079441549414,12.215470896514077],[-1.2966282810981173,12.215470896514077],[-1.2966282810981173,12.215650559570902],[-1.2964486180412935,12.215650559570902],[-1.2964486180412935,12.215830222627726],[-1.2962689549844695,12.215830222627726],[-1.2962689549844695,12.216189548741374],[-1.2960892919276457,12.216189548741374],[-1.2960892919276457,12.216369211798197],[-1.2959096288708218,12.216369211798197],[-1.2959096288708218,12.216548874855022],[-1.2957299658139978,12.216548874855022],[-1.2957299658139978,12.217087864025492],[-1.295550302757174,12.217087864025492],[-1.295550302757174,12.21744719013914],[-1.2953706397003502,12.21744719013914],[-1.2953706397003502,12.217267527082317],[-1.2951909766435261,12.217267527082317],[-1.2951909766435261,12.21690820096867],[-1.2948316505298783,12.21690820096867],[-1.2948316505298783,12.217087864025492],[-1.2944723244162306,12.217087864025492],[-1.2944723244162306,12.21744719013914],[-1.2946519874730544,12.21744719013914],[-1.2946519874730544,12.21780651625279],[-1.2948316505298783,12.21780651625279],[-1.2948316505298783,12.218165842366437],[-1.2950113135867023,12.218165842366437],[-1.2950113135867023,12.218525168480085],[-1.2951909766435261,12.218525168480085],[-1.2951909766435261,12.218884494593732],[-1.2953706397003502,12.218884494593732],[-1.2953706397003502,12.21924382070738],[-1.295550302757174,12.21924382070738],[-1.295550302757174,12.219423483764203],[-1.2957299658139978,12.219423483764203],[-1.2957299658139978,12.219603146821028],[-1.2959096288708218,12.219603146821028],[-1.2959096288708218,12.219782809877852],[-1.2960892919276457,12.219782809877852],[-1.2960892919276457,12.219962472934675],[-1.2962689549844695,12.219962472934675],[-1.2962689549844695,12.2201421359915],[-1.2964486180412935,12.2201421359915],[-1.2964486180412935,12.220321799048323],[-1.2966282810981173,12.220321799048323],[-1.2966282810981173,12.220501462105148],[-1.2978859224958847,12.220501462105148],[-1.2978859224958847,12.220321799048323],[-1.2984249116663564,12.220321799048323],[-1.2984249116663564,12.219962472934675],[-1.2987842377800043,12.219962472934675],[-1.2987842377800043,12.219782809877852],[-1.2991435638936522,12.219782809877852],[-1.2991435638936522,12.219603146821028],[-1.2995028900072998,12.219603146821028],[-1.2995028900072998,12.219782809877852],[-1.2998622161209477,12.219782809877852],[-1.2998622161209477,12.219962472934675],[-1.3005808683482434,12.219962472934675],[-1.3005808683482434,12.219603146821028],[-1.3007605314050672,12.219603146821028],[-1.3007605314050672,12.219423483764203],[-1.300940194461891,12.219423483764203],[-1.300940194461891,12.219064157650555],[-1.301119857518715,12.219064157650555],[-1.301119857518715,12.218704831536908],[-1.3014791836323627,12.218704831536908],[-1.3014791836323627,12.218525168480085],[-1.3018385097460106,12.218525168480085],[-1.3018385097460106,12.218704831536908],[-1.3021978358596584,12.218704831536908],[-1.3021978358596584,12.219064157650555],[-1.3023774989164822,12.219064157650555],[-1.3023774989164822,12.21924382070738],[-1.3025571619733063,12.21924382070738],[-1.3025571619733063,12.219423483764203],[-1.30273682503013,12.219423483764203],[-1.30273682503013,12.219603146821028],[-1.3029164880869541,12.219603146821028],[-1.3029164880869541,12.219782809877852],[-1.303096151143778,12.219782809877852],[-1.303096151143778,12.219962472934675],[-1.3032758142006018,12.219962472934675],[-1.3032758142006018,12.2201421359915],[-1.3036351403142497,12.2201421359915],[-1.3036351403142497,12.220321799048323],[-1.3038148033710735,12.220321799048323],[-1.3038148033710735,12.220501462105148],[-1.3041741294847213,12.220501462105148],[-1.3041741294847213,12.22068112516197],[-1.3043537925415454,12.22068112516197],[-1.3043537925415454,12.220860788218795],[-1.304713118655193,12.220860788218795],[-1.304713118655193,12.221220114332443],[-1.3052521078256647,12.221220114332443],[-1.3052521078256647,12.221040451275618],[-1.3056114339393126,12.221040451275618],[-1.3056114339393126,12.220860788218795],[-1.3057910969961366,12.220860788218795],[-1.3057910969961366,12.22068112516197],[-1.3061504231097842,12.22068112516197],[-1.3061504231097842,12.220501462105148],[-1.3063300861666083,12.220501462105148],[-1.3063300861666083,12.220321799048323],[-1.306689412280256,12.220321799048323],[-1.306689412280256,12.2201421359915],[-1.30686907533708,12.2201421359915],[-1.30686907533708,12.219962472934675],[-1.3074080645075516,12.219962472934675],[-1.3074080645075516,12.2201421359915],[-1.3075877275643755,12.2201421359915],[-1.3075877275643755,12.219962472934675],[-1.3081267167348474,12.219962472934675],[-1.3081267167348474,12.219782809877852],[-1.3090250320189667,12.219782809877852],[-1.3090250320189667,12.219962472934675],[-1.3092046950757907,12.219962472934675],[-1.3092046950757907,12.219782809877852],[-1.3093843581326146,12.219782809877852],[-1.3093843581326146,12.21924382070738],[-1.3095640211894386,12.21924382070738],[-1.3095640211894386,12.218884494593732],[-1.3097436842462624,12.218884494593732],[-1.3097436842462624,12.218704831536908],[-1.310462336473558,12.218704831536908],[-1.310462336473558,12.218525168480085],[-1.3108216625872058,12.218525168480085],[-1.3108216625872058,12.21834550542326],[-1.3113606517576775,12.21834550542326],[-1.3113606517576775,12.218165842366437],[-1.3115403148145015,12.218165842366437],[-1.3115403148145015,12.217986179309612],[-1.3117199778713253,12.217986179309612],[-1.3117199778713253,12.217267527082317],[-1.3118996409281494,12.217267527082317],[-1.3118996409281494,12.21690820096867],[-1.3120793039849732,12.21690820096867],[-1.3120793039849732,12.216728537911845],[-1.3131572823259166,12.216728537911845],[-1.3131572823259166,12.21690820096867],[-1.3138759345532123,12.21690820096867],[-1.3138759345532123,12.217087864025492],[-1.314055597610036,12.217087864025492],[-1.314055597610036,12.217626853195965],[-1.314414923723684,12.217626853195965],[-1.314414923723684,12.217267527082317],[-1.3149539128941556,12.217267527082317],[-1.3149539128941556,12.21744719013914],[-1.3151335759509795,12.21744719013914],[-1.3151335759509795,12.217267527082317],[-1.3153132390078035,12.217267527082317],[-1.3153132390078035,12.217087864025492],[-1.3156725651214511,12.217087864025492],[-1.3156725651214511,12.217267527082317],[-1.3163912173487469,12.217267527082317],[-1.3163912173487469,12.21744719013914],[-1.3169302065192185,12.21744719013914],[-1.3169302065192185,12.217626853195965],[-1.3171098695760426,12.217626853195965],[-1.3171098695760426,12.21744719013914],[-1.3172895326328664,12.21744719013914],[-1.3172895326328664,12.217267527082317],[-1.3174691956896902,12.217267527082317],[-1.3174691956896902,12.21744719013914],[-1.3176488587465143,12.21744719013914],[-1.3176488587465143,12.217626853195965],[-1.3185471740306338,12.217626853195965],[-1.3185471740306338,12.21780651625279],[-1.3189065001442815,12.21780651625279],[-1.3189065001442815,12.217626853195965],[-1.3203438045988727,12.217626853195965],[-1.3203438045988727,12.21744719013914],[-1.3201641415420489,12.21744719013914],[-1.3201641415420489,12.217267527082317],[-1.3210624568261684,12.217267527082317],[-1.3210624568261684,12.217626853195965],[-1.32160144599664,12.217626853195965],[-1.32160144599664,12.21744719013914],[-1.321960772110288,12.21744719013914],[-1.321960772110288,12.217267527082317],[-1.3232184135080551,12.217267527082317],[-1.3232184135080551,12.217087864025492],[-1.323577739621703,12.217087864025492],[-1.323577739621703,12.217267527082317],[-1.3241167287921747,12.217267527082317],[-1.3241167287921747,12.217087864025492],[-1.3246557179626464,12.217087864025492],[-1.3246557179626464,12.21690820096867],[-1.3251947071331183,12.21690820096867],[-1.3251947071331183,12.216548874855022],[-1.3250150440762942,12.216548874855022],[-1.3250150440762942,12.216728537911845],[-1.3246557179626464,12.216728537911845],[-1.3246557179626464,12.216189548741374],[-1.3248353810194704,12.216189548741374],[-1.3248353810194704,12.216369211798197],[-1.325374370189942,12.216369211798197],[-1.325374370189942,12.216189548741374],[-1.3251947071331183,12.216189548741374],[-1.3251947071331183,12.21600988568455],[-1.3250150440762942,12.21600988568455],[-1.3250150440762942,12.215650559570902],[-1.3251947071331183,12.215650559570902],[-1.3251947071331183,12.215470896514077]],[[-1.321960772110288,12.214931907343606],[-1.321960772110288,12.21511157040043],[-1.3221404351671118,12.21511157040043],[-1.3221404351671118,12.214931907343606],[-1.321960772110288,12.214931907343606]],[[-1.3201641415420489,12.214572581229959],[-1.3201641415420489,12.214752244286782],[-1.3203438045988727,12.214752244286782],[-1.3203438045988727,12.214572581229959],[-1.3201641415420489,12.214572581229959]],[[-1.3244760549058225,12.216548874855022],[-1.3242963918489987,12.216548874855022],[-1.3242963918489987,12.216728537911845],[-1.3244760549058225,12.216728537911845],[-1.3244760549058225,12.216548874855022]],[[-1.3232184135080551,12.214931907343606],[-1.3230387504512313,12.214931907343606],[-1.3230387504512313,12.21511157040043],[-1.3232184135080551,12.21511157040043],[-1.3232184135080551,12.214931907343606]],[[-1.3239370657353509,12.21600988568455],[-1.3239370657353509,12.215650559570902],[-1.3242963918489987,12.215650559570902],[-1.3242963918489987,12.215830222627726],[-1.3244760549058225,12.215830222627726],[-1.3244760549058225,12.214931907343606],[-1.3242963918489987,12.214931907343606],[-1.3242963918489987,12.21511157040043],[-1.3241167287921747,12.21511157040043],[-1.3241167287921747,12.214931907343606],[-1.323577739621703,12.214931907343606],[-1.323577739621703,12.21511157040043],[-1.3233980765648792,12.21511157040043],[-1.3233980765648792,12.215470896514077],[-1.323577739621703,12.215470896514077],[-1.323577739621703,12.215650559570902],[-1.323757402678527,12.215650559570902],[-1.323757402678527,12.21600988568455],[-1.3239370657353509,12.21600988568455]],[[-1.3239370657353509,12.21600988568455],[-1.3239370657353509,12.216189548741374],[-1.3241167287921747,12.216189548741374],[-1.3241167287921747,12.21600988568455],[-1.3239370657353509,12.21600988568455]]]]},"id":"-7263+68022","properties":{"count":3870,"eau":1}},{"type":"Feature","geometry":{"geodesic":false,"type":"MultiPolygon","coordinates":[[[[-1.306509749223432,12.703615421904626],[-1.306509749223432,12.703256095790978],[-1.3063300861666083,12.703256095790978],[-1.3063300861666083,12.703076432734154],[-1.3061504231097842,12.703076432734154],[-1.3061504231097842,12.703256095790978],[-1.3059707600529604,12.703256095790978],[-1.3059707600529604,12.703435758847801],[-1.3057910969961366,12.703435758847801],[-1.3057910969961366,12.703615421904626],[-1.3056114339393126,12.703615421904626],[-1.3056114339393126,12.703974748018274],[-1.3057910969961366,12.703974748018274],[-1.3057910969961366,12.704334074131921],[-1.3059707600529604,12.704334074131921],[-1.3059707600529604,12.703974748018274],[-1.3063300861666083,12.703974748018274],[-1.3063300861666083,12.703615421904626],[-1.306509749223432,12.703615421904626]]],[[[-1.306689412280256,12.703615421904626],[-1.306509749223432,12.703615421904626],[-1.306509749223432,12.703795084961449],[-1.306689412280256,12.703795084961449],[-1.306689412280256,12.703615421904626]]]]},"id":"-7269+70711","properties":{"count":19,"eau":1}},{"type":"Feature","geometry":{"geodesic":false,"type":"MultiPolygon","coordinates":[[[[-1.3129776192690927,12.47005344803355],[-1.3127979562122687,12.47005344803355],[-1.3127979562122687,12.470233111090375],[-1.3129776192690927,12.470233111090375],[-1.3129776192690927,12.47005344803355]]],[[[-1.3129776192690927,12.47005344803355],[-1.3131572823259166,12.47005344803355],[-1.3131572823259166,12.469873784976727],[-1.3133369453827406,12.469873784976727],[-1.3133369453827406,12.469694121919902],[-1.31423526066686,12.469694121919902],[-1.31423526066686,12.469873784976727],[-1.314414923723684,12.469873784976727],[-1.314414923723684,12.468795806635782],[-1.3145945867805078,12.468795806635782],[-1.3145945867805078,12.468436480522135],[-1.314414923723684,12.468436480522135],[-1.314414923723684,12.468256817465312],[-1.3145945867805078,12.468256817465312],[-1.3145945867805078,12.468077154408487],[-1.3153132390078035,12.468077154408487],[-1.3153132390078035,12.46771782829484],[-1.3151335759509795,12.46771782829484],[-1.3151335759509795,12.467358502181192],[-1.3147742498373318,12.467358502181192],[-1.3147742498373318,12.467178839124367],[-1.314055597610036,12.467178839124367],[-1.314055597610036,12.46771782829484],[-1.3138759345532123,12.46771782829484],[-1.3138759345532123,12.467897491351664],[-1.3135166084395644,12.467897491351664],[-1.3135166084395644,12.468077154408487],[-1.3131572823259166,12.468077154408487],[-1.3131572823259166,12.468436480522135],[-1.3129776192690927,12.468436480522135],[-1.3129776192690927,12.46861614357896],[-1.3127979562122687,12.46861614357896],[-1.3127979562122687,12.468795806635782],[-1.3126182931554449,12.468795806635782],[-1.3126182931554449,12.469873784976727],[-1.3129776192690927,12.469873784976727],[-1.3129776192690927,12.47005344803355]],[[-1.31423526066686,12.46861614357896],[-1.3138759345532123,12.46861614357896],[-1.3138759345532123,12.468975469692607],[-1.314055597610036,12.468975469692607],[-1.314055597610036,12.468795806635782],[-1.31423526066686,12.468795806635782],[-1.31423526066686,12.46861614357896]],[[-1.31423526066686,12.46861614357896],[-1.314414923723684,12.46861614357896],[-1.314414923723684,12.468436480522135],[-1.31423526066686,12.468436480522135],[-1.31423526066686,12.46861614357896]]]]},"id":"-7308+69408","properties":{"count":121,"eau":1}},{"type":"Feature","geometry":{"geodesic":false,"type":"Polygon","coordinates":[[[-1.314055597610036,12.147558261034641],[-1.3136962714963882,12.147558261034641],[-1.3136962714963882,12.147917587148289],[-1.314055597610036,12.147917587148289],[-1.314055597610036,12.147558261034641]]]},"id":"-7313+67614","properties":{"count":4,"eau":1}},{"type":"Feature","geometry":{"geodesic":false,"type":"Polygon","coordinates":[[[-1.3145945867805078,12.147917587148289],[-1.31423526066686,12.147917587148289],[-1.31423526066686,12.148276913261936],[-1.3145945867805078,12.148276913261936],[-1.3145945867805078,12.147917587148289]]]},"id":"-7316+67616","properties":{"count":4,"eau":1}},{"type":"Feature","geometry":{"geodesic":false,"type":"Polygon","coordinates":[[[-1.3149539128941556,12.148097250205113],[-1.3147742498373316,12.148097250205113],[-1.3147742498373316,12.148276913261936],[-1.3149539128941556,12.148276913261936],[-1.3149539128941556,12.148097250205113]]]},"id":"-7319+67616","properties":{"count":1,"eau":1}},{"type":"Feature","geometry":{"geodesic":false,"type":"Polygon","coordinates":[[[-1.3172895326328664,12.497901221841255],[-1.3172895326328664,12.497541895727608],[-1.3171098695760424,12.497541895727608],[-1.3171098695760424,12.497362232670783],[-1.3167505434623945,12.497362232670783],[-1.3167505434623945,12.49772155878443],[-1.3171098695760424,12.49772155878443],[-1.3171098695760424,12.497901221841255],[-1.3172895326328664,12.497901221841255]]]},"id":"-7332+69562","properties":{"count":6,"eau":1}},{"type":"Feature","geometry":{"geodesic":false,"type":"Polygon","coordinates":[[[-1.317828521803338,12.497901221841255],[-1.317828521803338,12.49772155878443],[-1.317648858746514,12.49772155878443],[-1.317648858746514,12.497541895727608],[-1.3174691956896902,12.497541895727608],[-1.3174691956896902,12.497901221841255],[-1.317828521803338,12.497901221841255]]]},"id":"-7334+69562","properties":{"count":3,"eau":1}},{"type":"Feature","geometry":{"geodesic":false,"type":"Polygon","coordinates":[[[-1.3183675109738098,12.680079561460694],[-1.3181878479169857,12.680079561460694],[-1.3181878479169857,12.680438887574342],[-1.3183675109738098,12.680438887574342],[-1.3183675109738098,12.680079561460694]]]},"id":"-7338+70578","properties":{"count":2,"eau":1}},{"type":"Feature","geometry":{"geodesic":false,"type":"Polygon","coordinates":[[[-1.3226794243375835,12.21744719013914],[-1.3224997612807596,12.21744719013914],[-1.3224997612807596,12.217626853195965],[-1.3226794243375835,12.217626853195965],[-1.3226794243375835,12.21744719013914]]]},"id":"-7362+68002","properties":{"count":1,"eau":1}},{"type":"Feature","geometry":{"geodesic":false,"type":"Polygon","coordinates":[[[-1.3237574026785268,12.129771618409075],[-1.3237574026785268,12.12959195535225],[-1.3242963918489985,12.12959195535225],[-1.3242963918489985,12.129412292295427],[-1.3259133593604138,12.129412292295427],[-1.3259133593604138,12.129232629238603],[-1.3260930224172376,12.129232629238603],[-1.3260930224172376,12.128513977011307],[-1.3262726854740614,12.128513977011307],[-1.3262726854740614,12.127615661727187],[-1.325554033246766,12.127615661727187],[-1.325554033246766,12.127795324784012],[-1.325374370189942,12.127795324784012],[-1.325374370189942,12.127974987840835],[-1.3250150440762942,12.127974987840835],[-1.3250150440762942,12.12815465089766],[-1.3244760549058225,12.12815465089766],[-1.3244760549058225,12.128334313954483],[-1.3242963918489985,12.128334313954483],[-1.3242963918489985,12.128513977011307],[-1.3241167287921747,12.128513977011307],[-1.3241167287921747,12.128693640068132],[-1.3237574026785268,12.128693640068132],[-1.3237574026785268,12.128873303124955],[-1.3232184135080551,12.128873303124955],[-1.3232184135080551,12.12905296618178],[-1.3230387504512313,12.12905296618178],[-1.3230387504512313,12.129232629238603],[-1.323577739621703,12.129232629238603],[-1.323577739621703,12.129412292295427],[-1.323398076564879,12.129412292295427],[-1.323398076564879,12.129771618409075],[-1.3237574026785268,12.129771618409075]]]},"id":"-7367+67513","properties":{"count":114,"eau":1}},{"type":"Feature","geometry":{"geodesic":false,"type":"MultiPolygon","coordinates":[[[[-1.3259133593604138,12.215470896514077],[-1.32573369630359,12.215470896514077],[-1.32573369630359,12.215650559570902],[-1.3259133593604138,12.215650559570902],[-1.3259133593604138,12.215470896514077]]],[[[-1.3260930224172376,12.215291233457254],[-1.3259133593604138,12.215291233457254],[-1.3259133593604138,12.215470896514077],[-1.3260930224172376,12.215470896514077],[-1.3260930224172376,12.215291233457254]]]]},"id":"-7380+67991","properties":{"count":2,"eau":1}},{"type":"Feature","geometry":{"geodesic":false,"type":"MultiPolygon","coordinates":[[[[-1.3262726854740616,12.214213255116311],[-1.3260930224172376,12.214213255116311],[-1.3260930224172376,12.214392918173134],[-1.3262726854740616,12.214392918173134],[-1.3262726854740616,12.214213255116311]]],[[[-1.3266320115877095,12.214033592059486],[-1.3262726854740616,12.214033592059486],[-1.3262726854740616,12.214213255116311],[-1.3266320115877095,12.214213255116311],[-1.3266320115877095,12.214033592059486]]]]},"id":"-7382+67984","properties":{"count":3,"eau":1}},{"type":"Feature","geometry":{"geodesic":false,"type":"Polygon","coordinates":[[[-1.327171000758181,12.21421325511631],[-1.3269913377013571,12.21421325511631],[-1.3269913377013571,12.214392918173134],[-1.327171000758181,12.214392918173134],[-1.327171000758181,12.21421325511631]]]},"id":"-7387+67984","properties":{"count":1,"eau":1}},{"type":"Feature","geometry":{"geodesic":false,"type":"Polygon","coordinates":[[[-1.3295066204968917,12.307817707721563],[-1.3295066204968917,12.30763804466474],[-1.3296862835537158,12.30763804466474],[-1.3296862835537158,12.307458381607915],[-1.3298659466105396,12.307458381607915],[-1.3298659466105396,12.307278718551093],[-1.3300456096673634,12.307278718551093],[-1.3300456096673634,12.306021077153325],[-1.3302252727241874,12.306021077153325],[-1.3302252727241874,12.3058414140965],[-1.3304049357810113,12.3058414140965],[-1.3304049357810113,12.305661751039677],[-1.3305845988378353,12.305661751039677],[-1.3305845988378353,12.305482087982853],[-1.3307642618946591,12.305482087982853],[-1.3307642618946591,12.30530242492603],[-1.330943924951483,12.30530242492603],[-1.330943924951483,12.305122761869205],[-1.331123588008307,12.305122761869205],[-1.331123588008307,12.304943098812382],[-1.3313032510651308,12.304943098812382],[-1.3313032510651308,12.304583772698734],[-1.3316625771787787,12.304583772698734],[-1.3316625771787787,12.30440410964191],[-1.3318422402356025,12.30440410964191],[-1.3318422402356025,12.304224446585085],[-1.3320219032924265,12.304224446585085],[-1.3320219032924265,12.304044783528262],[-1.3322015663492504,12.304044783528262],[-1.3322015663492504,12.303865120471437],[-1.3323812294060742,12.303865120471437],[-1.3323812294060742,12.30350579435779],[-1.332920218576546,12.30350579435779],[-1.332920218576546,12.302966805187319],[-1.33309988163337,12.302966805187319],[-1.33309988163337,12.302787142130494],[-1.3332795446901937,12.302787142130494],[-1.3332795446901937,12.302607479073671],[-1.3336388708038416,12.302607479073671],[-1.3336388708038416,12.302427816016847],[-1.3338185338606654,12.302427816016847],[-1.3338185338606654,12.3020684899032],[-1.3336388708038416,12.3020684899032],[-1.3336388708038416,12.301888826846374],[-1.3334592077470178,12.301888826846374],[-1.3334592077470178,12.301709163789551],[-1.3332795446901937,12.301709163789551],[-1.3332795446901937,12.301529500732727],[-1.3334592077470178,12.301529500732727],[-1.3334592077470178,12.301349837675904],[-1.332920218576546,12.301349837675904],[-1.332920218576546,12.301529500732727],[-1.3325608924628982,12.301529500732727],[-1.3325608924628982,12.301349837675904],[-1.3323812294060742,12.301349837675904],[-1.3323812294060742,12.301529500732727],[-1.3320219032924265,12.301529500732727],[-1.3320219032924265,12.301709163789551],[-1.3316625771787787,12.301709163789551],[-1.3316625771787787,12.3020684899032],[-1.3314829141219549,12.3020684899032],[-1.3314829141219549,12.302427816016847],[-1.3313032510651308,12.302427816016847],[-1.3313032510651308,12.302787142130494],[-1.3307642618946591,12.302787142130494],[-1.3307642618946591,12.302966805187319],[-1.3305845988378353,12.302966805187319],[-1.3305845988378353,12.303146468244142],[-1.3302252727241874,12.303146468244142],[-1.3302252727241874,12.30350579435779],[-1.3300456096673634,12.30350579435779],[-1.3300456096673634,12.304044783528262],[-1.3295066204968917,12.304044783528262],[-1.3295066204968917,12.304224446585085],[-1.3278896529854767,12.304224446585085],[-1.3278896529854767,12.30440410964191],[-1.3277099899286529,12.30440410964191],[-1.3277099899286529,12.304583772698734],[-1.3275303268718288,12.304583772698734],[-1.3275303268718288,12.304763435755557],[-1.327350663815005,12.304763435755557],[-1.327350663815005,12.304943098812382],[-1.3275303268718288,12.304943098812382],[-1.3275303268718288,12.30530242492603],[-1.3277099899286529,12.30530242492603],[-1.3277099899286529,12.305661751039677],[-1.3278896529854767,12.305661751039677],[-1.3278896529854767,12.3058414140965],[-1.3280693160423005,12.3058414140965],[-1.3280693160423005,12.306200740210148],[-1.3282489790991245,12.306200740210148],[-1.3282489790991245,12.306380403266973],[-1.3284286421559484,12.306380403266973],[-1.3284286421559484,12.30673972938062],[-1.3286083052127722,12.30673972938062],[-1.3286083052127722,12.307099055494268],[-1.3287879682695962,12.307099055494268],[-1.3287879682695962,12.307278718551093],[-1.32896763132642,12.307278718551093],[-1.32896763132642,12.30763804466474],[-1.329147294383244,12.30763804466474],[-1.329147294383244,12.307817707721563],[-1.3295066204968917,12.307817707721563]],[[-1.3332795446901937,12.3020684899032],[-1.3334592077470178,12.3020684899032],[-1.3334592077470178,12.301888826846374],[-1.3332795446901937,12.301888826846374],[-1.3332795446901937,12.3020684899032]]]},"id":"-7399+68504","properties":{"count":447,"eau":1}},{"type":"Feature","geometry":{"geodesic":false,"type":"MultiPolygon","coordinates":[[[[-1.3271710007581812,12.213314939832191],[-1.3277099899286529,12.213314939832191],[-1.3277099899286529,12.213494602889014],[-1.3282489790991245,12.213494602889014],[-1.3282489790991245,12.213674265945839],[-1.3286083052127724,12.213674265945839],[-1.3286083052127724,12.213853929002664],[-1.3289676313264203,12.213853929002664],[-1.3289676313264203,12.214033592059486],[-1.329147294383244,12.214033592059486],[-1.329147294383244,12.213674265945839],[-1.329326957440068,12.213674265945839],[-1.329326957440068,12.214213255116311],[-1.329506620496892,12.214213255116311],[-1.329506620496892,12.214392918173134],[-1.3296862835537158,12.214392918173134],[-1.3296862835537158,12.214572581229959],[-1.3300456096673636,12.214572581229959],[-1.3300456096673636,12.214752244286782],[-1.3304049357810115,12.214752244286782],[-1.3304049357810115,12.214931907343606],[-1.3309439249514832,12.214931907343606],[-1.3309439249514832,12.214752244286782],[-1.3305845988378353,12.214752244286782],[-1.3305845988378353,12.214572581229959],[-1.3302252727241874,12.214572581229959],[-1.3302252727241874,12.214392918173134],[-1.3300456096673636,12.214392918173134],[-1.3300456096673636,12.214213255116311],[-1.3298659466105396,12.214213255116311],[-1.3298659466105396,12.214033592059486],[-1.329506620496892,12.214033592059486],[-1.329506620496892,12.213853929002664],[-1.3296862835537158,12.213853929002664],[-1.3296862835537158,12.213135276775366],[-1.3289676313264203,12.213135276775366],[-1.3289676313264203,12.213314939832191],[-1.3284286421559484,12.213314939832191],[-1.3284286421559484,12.213135276775366],[-1.3278896529854767,12.213135276775366],[-1.3278896529854767,12.212955613718544],[-1.3277099899286529,12.212955613718544],[-1.3277099899286529,12.213135276775366],[-1.327530326871829,12.213135276775366],[-1.327530326871829,12.212955613718544],[-1.327350663815005,12.212955613718544],[-1.327350663815005,12.213135276775366],[-1.3271710007581812,12.213135276775366],[-1.3271710007581812,12.213314939832191]]],[[[-1.3268116746445333,12.213494602889014],[-1.3266320115877095,12.213494602889014],[-1.3266320115877095,12.213674265945839],[-1.3268116746445333,12.213674265945839],[-1.3268116746445333,12.213494602889014]]],[[[-1.3271710007581812,12.213314939832191],[-1.3268116746445333,12.213314939832191],[-1.3268116746445333,12.213494602889014],[-1.3271710007581812,12.213494602889014],[-1.3271710007581812,12.213314939832191]]]]},"id":"-7406+67987","properties":{"count":57,"eau":1}},{"type":"Feature","geometry":{"geodesic":false,"type":"Polygon","coordinates":[[[-1.330943924951483,12.21421325511631],[-1.3307642618946591,12.21421325511631],[-1.3307642618946591,12.214392918173134],[-1.330943924951483,12.214392918173134],[-1.330943924951483,12.21421325511631]]]},"id":"-7408+67984","properties":{"count":1,"eau":1}},{"type":"Feature","geometry":{"geodesic":false,"type":"MultiPolygon","coordinates":[[[[-1.3320219032924265,12.214572581229959],[-1.3314829141219549,12.214572581229959],[-1.3314829141219549,12.214752244286782],[-1.3316625771787787,12.214752244286782],[-1.3316625771787787,12.214931907343606],[-1.3320219032924265,12.214931907343606],[-1.3320219032924265,12.21511157040043],[-1.3322015663492504,12.21511157040043],[-1.3322015663492504,12.214752244286782],[-1.3320219032924265,12.214752244286782],[-1.3320219032924265,12.214572581229959]]],[[[-1.3322015663492504,12.214392918173134],[-1.3320219032924265,12.214392918173134],[-1.3320219032924265,12.214572581229959],[-1.3322015663492504,12.214572581229959],[-1.3322015663492504,12.214392918173134]]]]},"id":"-7415+67988","properties":{"count":8,"eau":1}},{"type":"Feature","geometry":{"geodesic":false,"type":"Polygon","coordinates":[[[-1.3336388708038416,12.215650559570902],[-1.3336388708038416,12.215291233457252],[-1.3332795446901937,12.215291233457252],[-1.3332795446901937,12.215470896514077],[-1.332740555519722,12.215470896514077],[-1.332740555519722,12.215650559570902],[-1.3336388708038416,12.215650559570902]]]},"id":"-7419+67991","properties":{"count":7,"eau":1}},{"type":"Feature","geometry":{"geodesic":false,"type":"MultiPolygon","coordinates":[[[[-1.3388490994517348,12.207925048127473],[-1.338669436394911,12.207925048127473],[-1.338669436394911,12.208104711184298],[-1.3388490994517348,12.208104711184298],[-1.3388490994517348,12.207925048127473]]],[[[-1.338669436394911,12.208104711184298],[-1.3383101102812631,12.208104711184298],[-1.3383101102812631,12.208464037297945],[-1.3381304472244393,12.208464037297945],[-1.3381304472244393,12.20864370035477],[-1.3384897733380872,12.20864370035477],[-1.3384897733380872,12.208464037297945],[-1.338669436394911,12.208464037297945],[-1.338669436394911,12.208104711184298]]],[[[-1.3381304472244393,12.20864370035477],[-1.3375914580539676,12.20864370035477],[-1.3375914580539676,12.209003026468418],[-1.3374117949971436,12.209003026468418],[-1.3374117949971436,12.20918268952524],[-1.3379507841676155,12.20918268952524],[-1.3379507841676155,12.208823363411593],[-1.3381304472244393,12.208823363411593],[-1.3381304472244393,12.20864370035477]]],[[[-1.3374117949971436,12.20918268952524],[-1.336872805826672,12.20918268952524],[-1.336872805826672,12.209362352582065],[-1.3374117949971436,12.209362352582065],[-1.3374117949971436,12.20918268952524]]],[[[-1.336872805826672,12.209362352582065],[-1.3363338166562002,12.209362352582065],[-1.3363338166562002,12.209542015638888],[-1.3361541535993764,12.209542015638888],[-1.3361541535993764,12.209721678695713],[-1.3356151644289047,12.209721678695713],[-1.3356151644289047,12.21008100480936],[-1.3354355013720807,12.21008100480936],[-1.3354355013720807,12.210619993979833],[-1.3352558383152568,12.210619993979833],[-1.3352558383152568,12.21097932009348],[-1.3350761752584328,12.21097932009348],[-1.3350761752584328,12.211158983150304],[-1.334896512201609,12.211158983150304],[-1.334896512201609,12.211877635377599],[-1.3347168491447852,12.211877635377599],[-1.3347168491447852,12.212416624548071],[-1.3345371860879611,12.212416624548071],[-1.3345371860879611,12.212775950661719],[-1.3347168491447852,12.212775950661719],[-1.3347168491447852,12.212955613718544],[-1.334896512201609,12.212955613718544],[-1.334896512201609,12.213135276775366],[-1.3350761752584328,12.213135276775366],[-1.3350761752584328,12.213314939832191],[-1.3352558383152568,12.213314939832191],[-1.3352558383152568,12.213674265945839],[-1.3354355013720807,12.213674265945839],[-1.3354355013720807,12.213853929002664],[-1.3356151644289047,12.213853929002664],[-1.3356151644289047,12.213674265945839],[-1.3357948274857285,12.213674265945839],[-1.3357948274857285,12.213494602889014],[-1.3356151644289047,12.213494602889014],[-1.3356151644289047,12.213135276775366],[-1.3361541535993764,12.213135276775366],[-1.3361541535993764,12.212775950661719],[-1.3359744905425524,12.212775950661719],[-1.3359744905425524,12.212596287604896],[-1.3357948274857285,12.212596287604896],[-1.3357948274857285,12.211338646207128],[-1.3359744905425524,12.211338646207128],[-1.3359744905425524,12.21097932009348],[-1.3361541535993764,12.21097932009348],[-1.3361541535993764,12.210799657036656],[-1.3356151644289047,12.210799657036656],[-1.3356151644289047,12.210440330923008],[-1.3357948274857285,12.210440330923008],[-1.3357948274857285,12.210619993979833],[-1.3359744905425524,12.210619993979833],[-1.3359744905425524,12.210440330923008],[-1.3361541535993764,12.210440330923008],[-1.3361541535993764,12.210260667866185],[-1.3363338166562002,12.210260667866185],[-1.3363338166562002,12.21008100480936],[-1.3365134797130243,12.21008100480936],[-1.3365134797130243,12.209901341752536],[-1.336693142769848,12.209901341752536],[-1.336693142769848,12.209721678695713],[-1.336872805826672,12.209721678695713],[-1.336872805826672,12.209362352582065]],[[-1.3359744905425524,12.212775950661719],[-1.3357948274857285,12.212775950661719],[-1.3357948274857285,12.212955613718544],[-1.3359744905425524,12.212955613718544],[-1.3359744905425524,12.212775950661719]],[[-1.3357948274857285,12.211338646207128],[-1.3357948274857285,12.211158983150304],[-1.3356151644289047,12.211158983150304],[-1.3356151644289047,12.211338646207128],[-1.3357948274857285,12.211338646207128]],[[-1.3354355013720807,12.211158983150304],[-1.3352558383152568,12.211158983150304],[-1.3352558383152568,12.211338646207128],[-1.3354355013720807,12.211338646207128],[-1.3354355013720807,12.211158983150304]]]]},"id":"-7434+67981","properties":{"count":134,"eau":1}},{"type":"Feature","geometry":{"geodesic":false,"type":"Polygon","coordinates":[[[-1.336693142769848,12.214392918173134],[-1.3363338166562002,12.214392918173134],[-1.3363338166562002,12.214752244286782],[-1.336693142769848,12.214752244286782],[-1.336693142769848,12.214392918173134]]]},"id":"-7439+67986","properties":{"count":4,"eau":1}},{"type":"Feature","geometry":{"geodesic":false,"type":"Polygon","coordinates":[[[-1.336872805826672,12.212775950661719],[-1.336872805826672,12.212596287604894],[-1.3370524688834957,12.212596287604894],[-1.3370524688834957,12.212236961491246],[-1.336872805826672,12.212236961491246],[-1.336872805826672,12.211877635377599],[-1.3372321319403198,12.211877635377599],[-1.3372321319403198,12.212057298434424],[-1.3375914580539674,12.212057298434424],[-1.3375914580539674,12.211877635377599],[-1.3377711211107914,12.211877635377599],[-1.3377711211107914,12.211697972320776],[-1.3375914580539674,12.211697972320776],[-1.3375914580539674,12.211518309263951],[-1.3374117949971436,12.211518309263951],[-1.3374117949971436,12.211338646207127],[-1.3372321319403198,12.211338646207127],[-1.3372321319403198,12.211158983150304],[-1.336872805826672,12.211158983150304],[-1.336872805826672,12.210979320093479],[-1.336693142769848,12.210979320093479],[-1.336693142769848,12.211338646207127],[-1.3370524688834957,12.211338646207127],[-1.3370524688834957,12.211518309263951],[-1.336693142769848,12.211518309263951],[-1.336693142769848,12.211877635377599],[-1.336513479713024,12.211877635377599],[-1.336513479713024,12.212057298434424],[-1.3363338166562002,12.212057298434424],[-1.3363338166562002,12.212416624548071],[-1.336513479713024,12.212416624548071],[-1.336513479713024,12.212596287604894],[-1.336693142769848,12.212596287604894],[-1.336693142769848,12.212775950661719],[-1.336872805826672,12.212775950661719]]]},"id":"-7441+67975","properties":{"count":32,"eau":1}},{"type":"Feature","geometry":{"geodesic":false,"type":"Polygon","coordinates":[[[-1.3435203389291563,12.180436600433415],[-1.3435203389291563,12.180256937376592],[-1.3447779803269237,12.180256937376592],[-1.3447779803269237,12.180077274319768],[-1.3454966325542193,12.180077274319768],[-1.3454966325542193,12.179897611262945],[-1.3451373064405714,12.179897611262945],[-1.3451373064405714,12.179538285149297],[-1.3454966325542193,12.179538285149297],[-1.3454966325542193,12.17971794820612],[-1.345676295611043,12.17971794820612],[-1.345676295611043,12.179358622092472],[-1.3458559586678671,12.179358622092472],[-1.3458559586678671,12.178999295978825],[-1.346215284781515,12.178999295978825],[-1.346215284781515,12.178639969865177],[-1.3463949478383388,12.178639969865177],[-1.3463949478383388,12.178100980694705],[-1.346215284781515,12.178100980694705],[-1.346215284781515,12.177023002353762],[-1.3465746108951626,12.177023002353762],[-1.3465746108951626,12.176843339296937],[-1.3467542739519867,12.176843339296937],[-1.3467542739519867,12.176663676240114],[-1.3469339370088105,12.176663676240114],[-1.3469339370088105,12.17648401318329],[-1.3471136000656345,12.17648401318329],[-1.3471136000656345,12.176304350126467],[-1.3474729261792822,12.176304350126467],[-1.3474729261792822,12.176124687069642],[-1.3476525892361062,12.176124687069642],[-1.3476525892361062,12.175765360955994],[-1.34783225229293,12.175765360955994],[-1.34783225229293,12.175406034842347],[-1.3481915784065779,12.175406034842347],[-1.3481915784065779,12.175226371785522],[-1.3487305675770496,12.175226371785522],[-1.3487305675770496,12.175406034842347],[-1.3492695567475212,12.175406034842347],[-1.3492695567475212,12.175226371785522],[-1.349628882861169,12.175226371785522],[-1.349628882861169,12.175046708728699],[-1.349449219804345,12.175046708728699],[-1.349449219804345,12.174687382615051],[-1.349628882861169,12.174687382615051],[-1.349628882861169,12.174328056501404],[-1.349449219804345,12.174328056501404],[-1.349449219804345,12.174148393444579],[-1.3492695567475212,12.174148393444579],[-1.3492695567475212,12.173968730387756],[-1.3490898936906974,12.173968730387756],[-1.3490898936906974,12.174148393444579],[-1.3489102306338734,12.174148393444579],[-1.3489102306338734,12.173429741217284],[-1.3487305675770496,12.173429741217284],[-1.3487305675770496,12.172890752046811],[-1.3481915784065779,12.172890752046811],[-1.3481915784065779,12.172711088989988],[-1.3480119153497538,12.172711088989988],[-1.3480119153497538,12.17235176287634],[-1.34783225229293,12.17235176287634],[-1.34783225229293,12.172172099819516],[-1.3476525892361062,12.172172099819516],[-1.3476525892361062,12.171992436762693],[-1.3474729261792822,12.171992436762693],[-1.3474729261792822,12.171633110649044],[-1.3472932631224583,12.171633110649044],[-1.3472932631224583,12.170734795364925],[-1.3471136000656345,12.170734795364925],[-1.3471136000656345,12.170016143137628],[-1.3469339370088105,12.170016143137628],[-1.3469339370088105,12.169297490910333],[-1.3471136000656345,12.169297490910333],[-1.3471136000656345,12.168758501739863],[-1.3472932631224583,12.168758501739863],[-1.3472932631224583,12.168578838683038],[-1.3474729261792822,12.168578838683038],[-1.3474729261792822,12.168399175626215],[-1.3476525892361062,12.168399175626215],[-1.3476525892361062,12.16821951256939],[-1.3480119153497538,12.16821951256939],[-1.3480119153497538,12.168039849512565],[-1.3483712414634017,12.168039849512565],[-1.3483712414634017,12.167860186455743],[-1.3481915784065779,12.167860186455743],[-1.3481915784065779,12.167680523398918],[-1.3480119153497538,12.167680523398918],[-1.3480119153497538,12.167500860342095],[-1.3481915784065779,12.167500860342095],[-1.3481915784065779,12.1667822081148],[-1.3483712414634017,12.1667822081148],[-1.3483712414634017,12.166602545057975],[-1.3485509045202257,12.166602545057975],[-1.3485509045202257,12.166422882001152],[-1.3483712414634017,12.166422882001152],[-1.3483712414634017,12.166243218944327],[-1.3481915784065779,12.166243218944327],[-1.3481915784065779,12.166422882001152],[-1.3480119153497538,12.166422882001152],[-1.3480119153497538,12.166602545057975],[-1.34783225229293,12.166602545057975],[-1.34783225229293,12.1667822081148],[-1.3474729261792822,12.1667822081148],[-1.3474729261792822,12.166602545057975],[-1.3476525892361062,12.166602545057975],[-1.3476525892361062,12.166422882001152],[-1.34783225229293,12.166422882001152],[-1.34783225229293,12.166063555887503],[-1.3480119153497538,12.166063555887503],[-1.3480119153497538,12.16588389283068],[-1.34783225229293,12.16588389283068],[-1.34783225229293,12.165704229773855],[-1.3476525892361062,12.165704229773855],[-1.3476525892361062,12.166063555887503],[-1.3474729261792822,12.166063555887503],[-1.3474729261792822,12.166422882001152],[-1.3472932631224583,12.166422882001152],[-1.3472932631224583,12.166602545057975],[-1.3471136000656345,12.166602545057975],[-1.3471136000656345,12.16732119728527],[-1.3469339370088105,12.16732119728527],[-1.3469339370088105,12.167500860342095],[-1.3467542739519867,12.167500860342095],[-1.3467542739519867,12.167860186455743],[-1.346215284781515,12.167860186455743],[-1.346215284781515,12.168039849512565],[-1.346035621724691,12.168039849512565],[-1.346035621724691,12.16821951256939],[-1.3458559586678671,12.16821951256939],[-1.3458559586678671,12.168399175626215],[-1.345676295611043,12.168399175626215],[-1.345676295611043,12.168758501739863],[-1.3451373064405714,12.168758501739863],[-1.3451373064405714,12.168938164796685],[-1.3449576433837476,12.168938164796685],[-1.3449576433837476,12.168758501739863],[-1.3445983172700997,12.168758501739863],[-1.3445983172700997,12.168938164796685],[-1.3447779803269237,12.168938164796685],[-1.3447779803269237,12.16911782785351],[-1.3451373064405714,12.16911782785351],[-1.3451373064405714,12.169297490910333],[-1.3453169694973954,12.169297490910333],[-1.3453169694973954,12.169477153967158],[-1.3454966325542193,12.169477153967158],[-1.3454966325542193,12.16965681702398],[-1.345676295611043,12.16965681702398],[-1.345676295611043,12.170375469251278],[-1.3454966325542193,12.170375469251278],[-1.3454966325542193,12.170914458421748],[-1.3458559586678671,12.170914458421748],[-1.3458559586678671,12.171094121478573],[-1.346035621724691,12.171094121478573],[-1.346035621724691,12.171992436762693],[-1.3458559586678671,12.171992436762693],[-1.3458559586678671,12.172531425933164],[-1.3447779803269237,12.172531425933164],[-1.3447779803269237,12.172711088989988],[-1.3445983172700997,12.172711088989988],[-1.3445983172700997,12.173070415103636],[-1.3444186542132759,12.173070415103636],[-1.3444186542132759,12.173429741217284],[-1.344059328099628,12.173429741217284],[-1.344059328099628,12.173609404274107],[-1.3438796650428042,12.173609404274107],[-1.3438796650428042,12.173429741217284],[-1.3435203389291563,12.173429741217284],[-1.3435203389291563,12.173609404274107],[-1.3429813497586847,12.173609404274107],[-1.3429813497586847,12.173789067330931],[-1.3428016867018606,12.173789067330931],[-1.3428016867018606,12.173609404274107],[-1.342262697531389,12.173609404274107],[-1.342262697531389,12.173789067330931],[-1.342442360588213,12.173789067330931],[-1.342442360588213,12.173968730387756],[-1.3426220236450368,12.173968730387756],[-1.3426220236450368,12.174148393444579],[-1.3428016867018606,12.174148393444579],[-1.3428016867018606,12.174687382615051],[-1.3429813497586847,12.174687382615051],[-1.3429813497586847,12.175226371785522],[-1.3428016867018606,12.175226371785522],[-1.3428016867018606,12.175406034842347],[-1.3426220236450368,12.175406034842347],[-1.3426220236450368,12.17558569789917],[-1.342442360588213,12.17558569789917],[-1.342442360588213,12.175945024012819],[-1.3426220236450368,12.175945024012819],[-1.3426220236450368,12.176124687069642],[-1.3428016867018606,12.176124687069642],[-1.3428016867018606,12.176663676240114],[-1.3426220236450368,12.176663676240114],[-1.3426220236450368,12.177023002353762],[-1.342442360588213,12.177023002353762],[-1.342442360588213,12.177202665410585],[-1.3426220236450368,12.177202665410585],[-1.3426220236450368,12.177741654581057],[-1.3419033714177413,12.177741654581057],[-1.3419033714177413,12.177561991524232],[-1.3417237083609173,12.177561991524232],[-1.3417237083609173,12.177741654581057],[-1.3415440453040934,12.177741654581057],[-1.3415440453040934,12.177921317637882],[-1.3413643822472694,12.177921317637882],[-1.3413643822472694,12.178100980694705],[-1.3419033714177413,12.178100980694705],[-1.3419033714177413,12.17828064375153],[-1.3420830344745651,12.17828064375153],[-1.3420830344745651,12.178639969865177],[-1.3417237083609173,12.178639969865177],[-1.3417237083609173,12.179358622092472],[-1.3415440453040934,12.179358622092472],[-1.3415440453040934,12.179538285149297],[-1.3411847191904456,12.179538285149297],[-1.3411847191904456,12.17971794820612],[-1.3410050561336218,12.17971794820612],[-1.3410050561336218,12.179897611262945],[-1.3415440453040934,12.179897611262945],[-1.3415440453040934,12.180077274319768],[-1.3419033714177413,12.180077274319768],[-1.3419033714177413,12.180256937376592],[-1.3420830344745651,12.180256937376592],[-1.3420830344745651,12.180436600433415],[-1.3435203389291563,12.180436600433415]],[[-1.3453169694973954,12.177202665410585],[-1.3454966325542193,12.177202665410585],[-1.3454966325542193,12.177023002353762],[-1.3453169694973954,12.177023002353762],[-1.3453169694973954,12.177202665410585]],[[-1.3442389911564518,12.179358622092472],[-1.3445983172700997,12.179358622092472],[-1.3445983172700997,12.179178959035648],[-1.3442389911564518,12.179178959035648],[-1.3442389911564518,12.179358622092472]]]},"id":"-7471+67795","properties":{"count":1451,"eau":1}},{"type":"Feature","geometry":{"geodesic":false,"type":"Polygon","coordinates":[[[-1.3483712414634017,12.165704229773855],[-1.3481915784065779,12.165704229773855],[-1.3481915784065779,12.16588389283068],[-1.3483712414634017,12.16588389283068],[-1.3483712414634017,12.165704229773855]]]},"id":"-7505+67714","properties":{"count":1,"eau":1}},{"type":"Feature","geometry":{"geodesic":false,"type":"Polygon","coordinates":[[[-1.349808545917993,12.231460908571405],[-1.349628882861169,12.231460908571405],[-1.349628882861169,12.231640571628228],[-1.349808545917993,12.231640571628228],[-1.349808545917993,12.231460908571405]]]},"id":"-7513+68080","properties":{"count":1,"eau":1}},{"type":"Feature","geometry":{"geodesic":false,"type":"Polygon","coordinates":[[[-1.349988208974817,12.174328056501404],[-1.349808545917993,12.174328056501404],[-1.349808545917993,12.174507719558227],[-1.349988208974817,12.174507719558227],[-1.349988208974817,12.174328056501404]]]},"id":"-7514+67762","properties":{"count":1,"eau":1}},{"type":"Feature","geometry":{"geodesic":false,"type":"Polygon","coordinates":[[[-1.3503475350884646,12.203253808650052],[-1.3503475350884646,12.203074145593227],[-1.3501678720316408,12.203074145593227],[-1.3501678720316408,12.20271481947958],[-1.349988208974817,12.20271481947958],[-1.349988208974817,12.202894482536404],[-1.349808545917993,12.202894482536404],[-1.349808545917993,12.203253808650052],[-1.3503475350884646,12.203253808650052]]]},"id":"-7514+67922","properties":{"count":6,"eau":1}},{"type":"Feature","geometry":{"geodesic":false,"type":"Polygon","coordinates":[[[-1.3501678720316408,12.225891353809864],[-1.349988208974817,12.225891353809864],[-1.349988208974817,12.226071016866687],[-1.3501678720316408,12.226071016866687],[-1.3501678720316408,12.225891353809864]]]},"id":"-7515+68049","properties":{"count":1,"eau":1}},{"type":"Feature","geometry":{"geodesic":false,"type":"Polygon","coordinates":[[[-1.3541204592817666,12.234335517480586],[-1.3539407962249428,12.234335517480586],[-1.3539407962249428,12.234694843594236],[-1.3541204592817666,12.234694843594236],[-1.3541204592817666,12.234335517480586]]]},"id":"-7537+68097","properties":{"count":2,"eau":1}},{"type":"Feature","geometry":{"geodesic":false,"type":"MultiPolygon","coordinates":[[[[-1.3548391115090623,12.233796528310116],[-1.3546594484522385,12.233796528310116],[-1.3546594484522385,12.23397619136694],[-1.3548391115090623,12.23397619136694],[-1.3548391115090623,12.233796528310116]]],[[[-1.3548391115090623,12.23397619136694],[-1.3548391115090623,12.234155854423763],[-1.3546594484522385,12.234155854423763],[-1.3546594484522385,12.234335517480588],[-1.3544797853954145,12.234335517480588],[-1.3544797853954145,12.234155854423763],[-1.3543001223385907,12.234155854423763],[-1.3543001223385907,12.23451518053741],[-1.3551984376227102,12.23451518053741],[-1.3551984376227102,12.234155854423763],[-1.3550187745658864,12.234155854423763],[-1.3550187745658864,12.23397619136694],[-1.3548391115090623,12.23397619136694]]]]},"id":"-7539+68096","properties":{"count":11,"eau":1}},{"type":"Feature","geometry":{"geodesic":false,"type":"Polygon","coordinates":[[[-1.3557374267931819,12.234335517480586],[-1.3555577637363578,12.234335517480586],[-1.3555577637363578,12.23451518053741],[-1.3557374267931819,12.23451518053741],[-1.3557374267931819,12.234335517480586]]]},"id":"-7546+68096","properties":{"count":1,"eau":1}},{"type":"Feature","geometry":{"geodesic":false,"type":"MultiPolygon","coordinates":[[[[-1.3544797853954145,12.23307787608282],[-1.3543001223385907,12.23307787608282],[-1.3543001223385907,12.233257539139645],[-1.3544797853954145,12.233257539139645],[-1.3544797853954145,12.23307787608282]]],[[[-1.349988208974817,12.231101582457757],[-1.3498085459179932,12.231101582457757],[-1.3498085459179932,12.231281245514582],[-1.349988208974817,12.231281245514582],[-1.349988208974817,12.231101582457757]]],[[[-1.349988208974817,12.231281245514582],[-1.349988208974817,12.23164057162823],[-1.3505271981452887,12.23164057162823],[-1.3505271981452887,12.231460908571405],[-1.3503475350884648,12.231460908571405],[-1.3503475350884648,12.231101582457757],[-1.3507068612021127,12.231101582457757],[-1.3507068612021127,12.23164057162823],[-1.3508865242589365,12.23164057162823],[-1.3508865242589365,12.231460908571405],[-1.3510661873157603,12.231460908571405],[-1.3510661873157603,12.231281245514582],[-1.3519645025998799,12.231281245514582],[-1.3519645025998799,12.231101582457757],[-1.3525034917703516,12.231101582457757],[-1.3525034917703516,12.2321795607987],[-1.3523238287135277,12.2321795607987],[-1.3523238287135277,12.232359223855525],[-1.353401807054471,12.232359223855525],[-1.353401807054471,12.232538886912348],[-1.3539407962249428,12.232538886912348],[-1.3539407962249428,12.234155854423763],[-1.3541204592817668,12.234155854423763],[-1.3541204592817668,12.23307787608282],[-1.3543001223385907,12.23307787608282],[-1.3543001223385907,12.232898213025997],[-1.3546594484522385,12.232898213025997],[-1.3546594484522385,12.23307787608282],[-1.3548391115090623,12.23307787608282],[-1.3548391115090623,12.233257539139645],[-1.3551984376227102,12.233257539139645],[-1.3551984376227102,12.233437202196468],[-1.355557763736358,12.233437202196468],[-1.355557763736358,12.233616865253293],[-1.3557374267931819,12.233616865253293],[-1.3557374267931819,12.233796528310116],[-1.355917089850006,12.233796528310116],[-1.355917089850006,12.23397619136694],[-1.3562764159636536,12.23397619136694],[-1.3562764159636536,12.234335517480588],[-1.3569950681909493,12.234335517480588],[-1.3569950681909493,12.23451518053741],[-1.357174731247773,12.23451518053741],[-1.357174731247773,12.234694843594236],[-1.357534057361421,12.234694843594236],[-1.357534057361421,12.234155854423763],[-1.3573543943045971,12.234155854423763],[-1.3573543943045971,12.23397619136694],[-1.357174731247773,12.23397619136694],[-1.357174731247773,12.233796528310116],[-1.3568154051341252,12.233796528310116],[-1.3568154051341252,12.233437202196468],[-1.3564560790204776,12.233437202196468],[-1.3564560790204776,12.233257539139645],[-1.355917089850006,12.233257539139645],[-1.355917089850006,12.23307787608282],[-1.3557374267931819,12.23307787608282],[-1.3557374267931819,12.232898213025997],[-1.355557763736358,12.232898213025997],[-1.355557763736358,12.232538886912348],[-1.355378100679534,12.232538886912348],[-1.355378100679534,12.2321795607987],[-1.3551984376227102,12.2321795607987],[-1.3551984376227102,12.231999897741877],[-1.3550187745658864,12.231999897741877],[-1.3550187745658864,12.231820234685053],[-1.3548391115090623,12.231820234685053],[-1.3548391115090623,12.23074225634411],[-1.3546594484522385,12.23074225634411],[-1.3546594484522385,12.230203267173637],[-1.3548391115090623,12.230203267173637],[-1.3548391115090623,12.22984394105999],[-1.3546594484522385,12.22984394105999],[-1.3546594484522385,12.229664278003167],[-1.3543001223385907,12.229664278003167],[-1.3543001223385907,12.229484614946342],[-1.3541204592817668,12.229484614946342],[-1.3541204592817668,12.228945625775872],[-1.3543001223385907,12.228945625775872],[-1.3543001223385907,12.228765962719047],[-1.3548391115090623,12.228765962719047],[-1.3548391115090623,12.228586299662222],[-1.3550187745658864,12.228586299662222],[-1.3550187745658864,12.2284066366054],[-1.3551984376227102,12.2284066366054],[-1.3551984376227102,12.227687984378104],[-1.3550187745658864,12.227687984378104],[-1.3550187745658864,12.227328658264456],[-1.3548391115090623,12.227328658264456],[-1.3548391115090623,12.22661000603716],[-1.355378100679534,12.22661000603716],[-1.355378100679534,12.226250679923512],[-1.355557763736358,12.226250679923512],[-1.355557763736358,12.225891353809864],[-1.355378100679534,12.225891353809864],[-1.355378100679534,12.225711690753041],[-1.3551984376227102,12.225711690753041],[-1.3551984376227102,12.225532027696216],[-1.3543001223385907,12.225532027696216],[-1.3543001223385907,12.225711690753041],[-1.353761133168119,12.225711690753041],[-1.353761133168119,12.225891353809864],[-1.3530424809408232,12.225891353809864],[-1.3530424809408232,12.226071016866689],[-1.3525034917703516,12.226071016866689],[-1.3525034917703516,12.226250679923512],[-1.3519645025998799,12.226250679923512],[-1.3519645025998799,12.226430342980336],[-1.3514255134294082,12.226430342980336],[-1.3514255134294082,12.22661000603716],[-1.3507068612021127,12.22661000603716],[-1.3507068612021127,12.226789669093984],[-1.3501678720316408,12.226789669093984],[-1.3501678720316408,12.226969332150807],[-1.3498085459179932,12.226969332150807],[-1.3498085459179932,12.227148995207632],[-1.3494492198043453,12.227148995207632],[-1.3494492198043453,12.227328658264456],[-1.3490898936906974,12.227328658264456],[-1.3490898936906974,12.22750832132128],[-1.3492695567475212,12.22750832132128],[-1.3492695567475212,12.227867647434927],[-1.3490898936906974,12.227867647434927],[-1.3490898936906974,12.2284066366054],[-1.349628882861169,12.2284066366054],[-1.349628882861169,12.228226973548574],[-1.349988208974817,12.228226973548574],[-1.349988208974817,12.228047310491752],[-1.3507068612021127,12.228047310491752],[-1.3507068612021127,12.229125288832694],[-1.3505271981452887,12.229125288832694],[-1.3505271981452887,12.22930495188952],[-1.3503475350884648,12.22930495188952],[-1.3503475350884648,12.230203267173637],[-1.3505271981452887,12.230203267173637],[-1.3505271981452887,12.230562593287285],[-1.3503475350884648,12.230562593287285],[-1.3503475350884648,12.23074225634411],[-1.3501678720316408,12.23074225634411],[-1.3501678720316408,12.231281245514582],[-1.349988208974817,12.231281245514582]],[[-1.3546594484522385,12.22750832132128],[-1.3544797853954145,12.22750832132128],[-1.3544797853954145,12.227687984378104],[-1.3546594484522385,12.227687984378104],[-1.3546594484522385,12.22750832132128]]]]},"id":"-7555+68097","properties":{"count":937,"eau":1}},{"type":"Feature","geometry":{"geodesic":false,"type":"MultiPolygon","coordinates":[[[[-1.3657985579753205,12.111805312726686],[-1.3656188949184966,12.111805312726686],[-1.3656188949184966,12.111984975783509],[-1.3657985579753205,12.111984975783509],[-1.3657985579753205,12.111805312726686]]],[[[-1.3661578840889683,12.116296889147282],[-1.3663375471457924,12.116296889147282],[-1.3663375471457924,12.115937563033635],[-1.3661578840889683,12.115937563033635],[-1.3661578840889683,12.115757899976812],[-1.3659782210321445,12.115757899976812],[-1.3659782210321445,12.115578236919987],[-1.3657985579753205,12.115578236919987],[-1.3657985579753205,12.114679921635867],[-1.3659782210321445,12.114679921635867],[-1.3659782210321445,12.11432059552222],[-1.3661578840889683,12.11432059552222],[-1.3661578840889683,12.113961269408572],[-1.3663375471457924,12.113961269408572],[-1.3663375471457924,12.113242617181276],[-1.3659782210321445,12.113242617181276],[-1.3659782210321445,12.112883291067629],[-1.3661578840889683,12.112883291067629],[-1.3661578840889683,12.113062954124452],[-1.3663375471457924,12.113062954124452],[-1.3663375471457924,12.112523964953981],[-1.3659782210321445,12.112523964953981],[-1.3659782210321445,12.112703628010804],[-1.3656188949184966,12.112703628010804],[-1.3656188949184966,12.112523964953981],[-1.365079905748025,12.112523964953981],[-1.365079905748025,12.112344301897156],[-1.3652595688048488,12.112344301897156],[-1.3652595688048488,12.112164638840333],[-1.3656188949184966,12.112164638840333],[-1.3656188949184966,12.111984975783509],[-1.365079905748025,12.111984975783509],[-1.365079905748025,12.112164638840333],[-1.3649002426912011,12.112164638840333],[-1.3649002426912011,12.112344301897156],[-1.364720579634377,12.112344301897156],[-1.364720579634377,12.112883291067629],[-1.3645409165775533,12.112883291067629],[-1.3645409165775533,12.1134222802381],[-1.3643612535207292,12.1134222802381],[-1.3643612535207292,12.113601943294924],[-1.3641815904639054,12.113601943294924],[-1.3641815904639054,12.113961269408572],[-1.3640019274070816,12.113961269408572],[-1.3640019274070816,12.114140932465396],[-1.3638222643502576,12.114140932465396],[-1.3638222643502576,12.114679921635867],[-1.3636426012934337,12.114679921635867],[-1.3636426012934337,12.115039247749515],[-1.3634629382366097,12.115039247749515],[-1.3634629382366097,12.11521891080634],[-1.3632832751797859,12.11521891080634],[-1.3632832751797859,12.115398573863164],[-1.363103612122962,12.115398573863164],[-1.363103612122962,12.115578236919987],[-1.3625646229524904,12.115578236919987],[-1.3625646229524904,12.11611722609046],[-1.3627442860093142,12.11611722609046],[-1.3627442860093142,12.116476552204107],[-1.362923949066138,12.116476552204107],[-1.362923949066138,12.117195204431402],[-1.363103612122962,12.117195204431402],[-1.363103612122962,12.11755453054505],[-1.3632832751797859,12.11755453054505],[-1.3632832751797859,12.117734193601875],[-1.3634629382366097,12.117734193601875],[-1.3634629382366097,12.117913856658697],[-1.3636426012934337,12.117913856658697],[-1.3636426012934337,12.118093519715522],[-1.3640019274070816,12.118093519715522],[-1.3640019274070816,12.118273182772345],[-1.3641815904639054,12.118273182772345],[-1.3641815904639054,12.118093519715522],[-1.3643612535207292,12.118093519715522],[-1.3643612535207292,12.117374867488227],[-1.364720579634377,12.117374867488227],[-1.364720579634377,12.117195204431402],[-1.365079905748025,12.117195204431402],[-1.365079905748025,12.117015541374577],[-1.3661578840889683,12.117015541374577],[-1.3661578840889683,12.116835878317755],[-1.3665172102026162,12.116835878317755],[-1.3665172102026162,12.116476552204107],[-1.3661578840889683,12.116476552204107],[-1.3661578840889683,12.116296889147282]],[[-1.3661578840889683,12.116296889147282],[-1.3661578840889683,12.11611722609046],[-1.3657985579753205,12.11611722609046],[-1.3657985579753205,12.116296889147282],[-1.3661578840889683,12.116296889147282]]]]},"id":"-7593+67449","properties":{"count":400,"eau":1}},{"type":"Feature","geometry":{"geodesic":false,"type":"MultiPolygon","coordinates":[[[[-1.3751410369301635,12.199121558343103],[-1.3753206999869876,12.199121558343103],[-1.3753206999869876,12.198941895286278],[-1.3755003630438114,12.198941895286278],[-1.3755003630438114,12.199121558343103],[-1.3758596891574593,12.199121558343103],[-1.3758596891574593,12.198762232229456],[-1.3755003630438114,12.198762232229456],[-1.3755003630438114,12.19858256917263],[-1.3746020477596919,12.19858256917263],[-1.3746020477596919,12.198762232229456],[-1.3751410369301635,12.198762232229456],[-1.3751410369301635,12.199121558343103]]],[[[-1.3702901343959182,12.203972460877347],[-1.3701104713390944,12.203972460877347],[-1.3701104713390944,12.204152123934172],[-1.3702901343959182,12.204152123934172],[-1.3702901343959182,12.203972460877347]]],[[[-1.3751410369301635,12.199121558343103],[-1.3738833955323961,12.199121558343103],[-1.3738833955323961,12.199301221399926],[-1.3735240694187485,12.199301221399926],[-1.3735240694187485,12.19948088445675],[-1.3733444063619245,12.19948088445675],[-1.3733444063619245,12.198762232229456],[-1.3731647433051006,12.198762232229456],[-1.3731647433051006,12.19858256917263],[-1.372625754134629,12.19858256917263],[-1.372625754134629,12.198762232229456],[-1.372446091077805,12.198762232229456],[-1.372446091077805,12.198941895286278],[-1.3720867649641573,12.198941895286278],[-1.3720867649641573,12.198762232229456],[-1.3711884496800377,12.198762232229456],[-1.3711884496800377,12.198941895286278],[-1.3710087866232137,12.198941895286278],[-1.3710087866232137,12.199301221399926],[-1.3708291235663899,12.199301221399926],[-1.3708291235663899,12.19948088445675],[-1.370469797452742,12.19948088445675],[-1.370469797452742,12.199660547513574],[-1.3690324929981508,12.199660547513574],[-1.3690324929981508,12.199840210570398],[-1.368852829941327,12.199840210570398],[-1.368852829941327,12.200019873627221],[-1.368673166884503,12.200019873627221],[-1.368673166884503,12.200199536684046],[-1.368493503827679,12.200199536684046],[-1.368493503827679,12.200558862797694],[-1.3681341777140312,12.200558862797694],[-1.3681341777140312,12.200918188911341],[-1.3679545146572074,12.200918188911341],[-1.3679545146572074,12.201097851968166],[-1.3677748516003836,12.201097851968166],[-1.3677748516003836,12.200918188911341],[-1.3674155254867357,12.200918188911341],[-1.3674155254867357,12.200738525854518],[-1.365079905748025,12.200738525854518],[-1.365079905748025,12.200558862797694],[-1.3643612535207292,12.200558862797694],[-1.3643612535207292,12.200738525854518],[-1.3640019274070816,12.200738525854518],[-1.3640019274070816,12.200918188911341],[-1.3638222643502576,12.200918188911341],[-1.3638222643502576,12.200738525854518],[-1.3636426012934337,12.200738525854518],[-1.3636426012934337,12.200918188911341],[-1.363103612122962,12.200918188911341],[-1.363103612122962,12.201097851968166],[-1.3625646229524904,12.201097851968166],[-1.3625646229524904,12.200918188911341],[-1.3622052968388425,12.200918188911341],[-1.3622052968388425,12.201097851968166],[-1.3618459707251946,12.201097851968166],[-1.3618459707251946,12.201277515024989],[-1.3616663076683708,12.201277515024989],[-1.3616663076683708,12.201457178081814],[-1.3611273184978991,12.201457178081814],[-1.3611273184978991,12.201636841138637],[-1.360947655441075,12.201636841138637],[-1.360947655441075,12.201996167252284],[-1.3607679923842513,12.201996167252284],[-1.3607679923842513,12.202175830309109],[-1.3605883293274272,12.202175830309109],[-1.3605883293274272,12.202355493365932],[-1.3598696771001317,12.202355493365932],[-1.3598696771001317,12.202535156422757],[-1.3596900140433077,12.202535156422757],[-1.3596900140433077,12.202714819479581],[-1.35933068792966,12.202714819479581],[-1.35933068792966,12.202535156422757],[-1.359151024872836,12.202535156422757],[-1.359151024872836,12.202894482536404],[-1.3589713618160122,12.202894482536404],[-1.3589713618160122,12.203074145593229],[-1.3587916987591884,12.203074145593229],[-1.3587916987591884,12.202894482536404],[-1.3577137204182448,12.202894482536404],[-1.3577137204182448,12.202714819479581],[-1.3573543943045971,12.202714819479581],[-1.3573543943045971,12.202894482536404],[-1.3569950681909493,12.202894482536404],[-1.3569950681909493,12.203074145593229],[-1.3562764159636536,12.203074145593229],[-1.3562764159636536,12.202894482536404],[-1.3560967529068297,12.202894482536404],[-1.3560967529068297,12.203074145593229],[-1.3557374267931819,12.203074145593229],[-1.3557374267931819,12.203253808650052],[-1.355378100679534,12.203253808650052],[-1.355378100679534,12.203074145593229],[-1.3550187745658864,12.203074145593229],[-1.3550187745658864,12.202894482536404],[-1.352144165656704,12.202894482536404],[-1.352144165656704,12.202714819479581],[-1.3519645025998799,12.202714819479581],[-1.3519645025998799,12.202894482536404],[-1.351784839543056,12.202894482536404],[-1.351784839543056,12.203433471706877],[-1.3519645025998799,12.203433471706877],[-1.3519645025998799,12.204152123934172],[-1.351784839543056,12.204152123934172],[-1.351784839543056,12.20451145004782],[-1.352144165656704,12.20451145004782],[-1.352144165656704,12.204691113104644],[-1.3519645025998799,12.204691113104644],[-1.3519645025998799,12.205050439218292],[-1.3523238287135277,12.205050439218292],[-1.3523238287135277,12.205230102275115],[-1.353401807054471,12.205230102275115],[-1.353401807054471,12.20540976533194],[-1.3535814701112951,12.20540976533194],[-1.3535814701112951,12.205230102275115],[-1.3544797853954145,12.205230102275115],[-1.3544797853954145,12.20540976533194],[-1.3546594484522385,12.20540976533194],[-1.3546594484522385,12.205230102275115],[-1.3550187745658864,12.205230102275115],[-1.3550187745658864,12.205050439218292],[-1.3560967529068297,12.205050439218292],[-1.3560967529068297,12.205230102275115],[-1.3564560790204776,12.205230102275115],[-1.3564560790204776,12.205050439218292],[-1.3566357420773014,12.205050439218292],[-1.3566357420773014,12.205230102275115],[-1.3568154051341252,12.205230102275115],[-1.3568154051341252,12.205050439218292],[-1.3595103509864839,12.205050439218292],[-1.3595103509864839,12.205230102275115],[-1.3604086662706034,12.205230102275115],[-1.3604086662706034,12.205050439218292],[-1.3605883293274272,12.205050439218292],[-1.3605883293274272,12.204870776161467],[-1.3607679923842513,12.204870776161467],[-1.3607679923842513,12.204691113104644],[-1.360947655441075,12.204691113104644],[-1.360947655441075,12.20451145004782],[-1.3611273184978991,12.20451145004782],[-1.3611273184978991,12.204331786990997],[-1.361306981554723,12.204331786990997],[-1.361306981554723,12.204152123934172],[-1.3616663076683708,12.204152123934172],[-1.3616663076683708,12.203972460877347],[-1.3620256337820185,12.203972460877347],[-1.3620256337820185,12.203792797820524],[-1.3622052968388425,12.203792797820524],[-1.3622052968388425,12.2036131347637],[-1.3627442860093142,12.2036131347637],[-1.3627442860093142,12.203433471706877],[-1.3632832751797859,12.203433471706877],[-1.3632832751797859,12.203253808650052],[-1.3643612535207292,12.203253808650052],[-1.3643612535207292,12.203074145593229],[-1.364720579634377,12.203074145593229],[-1.364720579634377,12.203253808650052],[-1.365079905748025,12.203253808650052],[-1.365079905748025,12.203433471706877],[-1.3654392318616728,12.203433471706877],[-1.3654392318616728,12.2036131347637],[-1.3656188949184966,12.2036131347637],[-1.3656188949184966,12.203972460877347],[-1.3657985579753205,12.203972460877347],[-1.3657985579753205,12.204331786990997],[-1.3659782210321445,12.204331786990997],[-1.3659782210321445,12.205050439218292],[-1.3663375471457924,12.205050439218292],[-1.3663375471457924,12.205230102275115],[-1.3661578840889683,12.205230102275115],[-1.3661578840889683,12.205589428388762],[-1.3663375471457924,12.205589428388762],[-1.3663375471457924,12.205769091445587],[-1.368493503827679,12.205769091445587],[-1.368493503827679,12.20594875450241],[-1.368673166884503,12.20594875450241],[-1.368673166884503,12.205050439218292],[-1.3690324929981508,12.205050439218292],[-1.3690324929981508,12.204870776161467],[-1.3692121560549748,12.204870776161467],[-1.3692121560549748,12.204691113104644],[-1.3697511452254465,12.204691113104644],[-1.3697511452254465,12.20451145004782],[-1.3699308082822703,12.20451145004782],[-1.3699308082822703,12.204331786990997],[-1.3701104713390944,12.204331786990997],[-1.3701104713390944,12.204152123934172],[-1.3697511452254465,12.204152123934172],[-1.3697511452254465,12.203972460877347],[-1.3693918191117986,12.203972460877347],[-1.3693918191117986,12.203433471706877],[-1.3695714821686225,12.203433471706877],[-1.3695714821686225,12.203253808650052],[-1.3697511452254465,12.203253808650052],[-1.3697511452254465,12.203433471706877],[-1.3699308082822703,12.203433471706877],[-1.3699308082822703,12.203253808650052],[-1.370469797452742,12.203253808650052],[-1.370469797452742,12.203074145593229],[-1.370649460509566,12.203074145593229],[-1.370649460509566,12.202894482536404],[-1.3711884496800377,12.202894482536404],[-1.3711884496800377,12.202714819479581],[-1.3713681127368615,12.202714819479581],[-1.3713681127368615,12.202355493365932],[-1.3717274388505094,12.202355493365932],[-1.3717274388505094,12.202175830309109],[-1.3719071019073332,12.202175830309109],[-1.3719071019073332,12.201996167252284],[-1.372266428020981,12.201996167252284],[-1.372266428020981,12.202355493365932],[-1.372446091077805,12.202355493365932],[-1.372446091077805,12.202714819479581],[-1.3729850802482768,12.202714819479581],[-1.3729850802482768,12.202894482536404],[-1.3731647433051006,12.202894482536404],[-1.3731647433051006,12.202535156422757],[-1.3733444063619245,12.202535156422757],[-1.3733444063619245,12.201636841138637],[-1.3731647433051006,12.201636841138637],[-1.3731647433051006,12.201277515024989],[-1.3729850802482768,12.201277515024989],[-1.3729850802482768,12.201097851968166],[-1.3728054171914528,12.201097851968166],[-1.3728054171914528,12.201277515024989],[-1.372625754134629,12.201277515024989],[-1.372625754134629,12.200918188911341],[-1.3733444063619245,12.200918188911341],[-1.3733444063619245,12.200738525854518],[-1.3737037324755723,12.200738525854518],[-1.3737037324755723,12.200918188911341],[-1.3740630585892202,12.200918188911341],[-1.3740630585892202,12.200738525854518],[-1.374242721646044,12.200738525854518],[-1.374242721646044,12.200558862797694],[-1.3746020477596919,12.200558862797694],[-1.3746020477596919,12.200379199740869],[-1.3749613738733397,12.200379199740869],[-1.3749613738733397,12.200019873627221],[-1.3751410369301635,12.200019873627221],[-1.3751410369301635,12.199121558343103]],[[-1.372625754134629,12.200918188911341],[-1.372625754134629,12.200738525854518],[-1.372446091077805,12.200738525854518],[-1.372446091077805,12.200918188911341],[-1.372625754134629,12.200918188911341]],[[-1.3728054171914528,12.199301221399926],[-1.372625754134629,12.199301221399926],[-1.372625754134629,12.199121558343103],[-1.372266428020981,12.199121558343103],[-1.372266428020981,12.19948088445675],[-1.3728054171914528,12.19948088445675],[-1.3728054171914528,12.199301221399926]],[[-1.3719071019073332,12.200918188911341],[-1.3717274388505094,12.200918188911341],[-1.3717274388505094,12.201097851968166],[-1.3719071019073332,12.201097851968166],[-1.3719071019073332,12.200918188911341]],[[-1.3697511452254465,12.200019873627221],[-1.3695714821686225,12.200019873627221],[-1.3695714821686225,12.200379199740869],[-1.3697511452254465,12.200379199740869],[-1.3697511452254465,12.200019873627221]]]]},"id":"-7618+67937","properties":{"count":2122,"eau":1}},{"type":"Feature","geometry":{"geodesic":false,"type":"MultiPolygon","coordinates":[[[[-1.3729850802482768,12.349679199961534],[-1.3728054171914528,12.349679199961534],[-1.3728054171914528,12.349858863018358],[-1.3729850802482768,12.349858863018358],[-1.3729850802482768,12.349679199961534]]],[[[-1.372266428020981,12.34949953690471],[-1.3715477757936856,12.34949953690471],[-1.3715477757936856,12.349679199961534],[-1.3713681127368615,12.349679199961534],[-1.3713681127368615,12.350038526075181],[-1.3710087866232137,12.350038526075181],[-1.3710087866232137,12.350218189132006],[-1.3708291235663899,12.350218189132006],[-1.3708291235663899,12.35039785218883],[-1.3702901343959182,12.35039785218883],[-1.3702901343959182,12.350577515245654],[-1.3697511452254465,12.350577515245654],[-1.3697511452254465,12.350757178302478],[-1.3695714821686225,12.350757178302478],[-1.3695714821686225,12.350936841359301],[-1.3692121560549748,12.350936841359301],[-1.3692121560549748,12.351116504416126],[-1.368852829941327,12.351116504416126],[-1.368852829941327,12.352194482757069],[-1.3692121560549748,12.352194482757069],[-1.3692121560549748,12.352374145813894],[-1.3693918191117986,12.352374145813894],[-1.3693918191117986,12.352553808870717],[-1.3695714821686225,12.352553808870717],[-1.3695714821686225,12.352374145813894],[-1.3697511452254465,12.352374145813894],[-1.3697511452254465,12.352553808870717],[-1.3699308082822703,12.352553808870717],[-1.3699308082822703,12.352194482757069],[-1.3701104713390944,12.352194482757069],[-1.3701104713390944,12.352014819700246],[-1.3702901343959182,12.352014819700246],[-1.3702901343959182,12.351835156643421],[-1.370649460509566,12.351835156643421],[-1.370649460509566,12.351655493586597],[-1.3708291235663899,12.351655493586597],[-1.3708291235663899,12.351475830529774],[-1.3710087866232137,12.351475830529774],[-1.3710087866232137,12.351296167472949],[-1.3713681127368615,12.351296167472949],[-1.3713681127368615,12.351116504416126],[-1.3715477757936856,12.351116504416126],[-1.3715477757936856,12.350936841359301],[-1.3717274388505094,12.350936841359301],[-1.3717274388505094,12.350757178302478],[-1.3719071019073332,12.350757178302478],[-1.3719071019073332,12.350577515245654],[-1.3720867649641573,12.350577515245654],[-1.3720867649641573,12.35039785218883],[-1.372266428020981,12.35039785218883],[-1.372266428020981,12.350038526075181],[-1.3720867649641573,12.350038526075181],[-1.3720867649641573,12.349858863018358],[-1.372266428020981,12.349858863018358],[-1.372266428020981,12.34949953690471]]],[[[-1.3728054171914528,12.349319873847886],[-1.372625754134629,12.349319873847886],[-1.372625754134629,12.349679199961534],[-1.3728054171914528,12.349679199961534],[-1.3728054171914528,12.349319873847886]]],[[[-1.372266428020981,12.34949953690471],[-1.372446091077805,12.34949953690471],[-1.372446091077805,12.349319873847886],[-1.372625754134629,12.349319873847886],[-1.372625754134629,12.349140210791063],[-1.372446091077805,12.349140210791063],[-1.372446091077805,12.348960547734238],[-1.372266428020981,12.348960547734238],[-1.372266428020981,12.34949953690471]]]]},"id":"-7623+68753","properties":{"count":150,"eau":1}},{"type":"Feature","geometry":{"geodesic":false,"type":"Polygon","coordinates":[[[-1.3708291235663899,12.349499536904709],[-1.370469797452742,12.349499536904709],[-1.370469797452742,12.349679199961534],[-1.3708291235663899,12.349679199961534],[-1.3708291235663899,12.349499536904709]]]},"id":"-7629+68737","properties":{"count":2,"eau":1}},{"type":"Feature","geometry":{"geodesic":false,"type":"Polygon","coordinates":[[[-1.3715477757936854,12.454782088203517],[-1.3715477757936854,12.454602425146694],[-1.3717274388505094,12.454602425146694],[-1.3717274388505094,12.45442276208987],[-1.3719071019073332,12.45442276208987],[-1.3719071019073332,12.453883772919397],[-1.3717274388505094,12.453883772919397],[-1.3717274388505094,12.454063435976222],[-1.3713681127368615,12.454063435976222],[-1.3713681127368615,12.45442276208987],[-1.3710087866232137,12.45442276208987],[-1.3710087866232137,12.454602425146694],[-1.3713681127368615,12.454602425146694],[-1.3713681127368615,12.454782088203517],[-1.3715477757936854,12.454782088203517]]]},"id":"-7634+69322","properties":{"count":12,"eau":1}},{"type":"Feature","geometry":{"geodesic":false,"type":"Polygon","coordinates":[[[-1.372446091077805,12.451548153180687],[-1.372446091077805,12.451368490123864],[-1.372266428020981,12.451368490123864],[-1.372266428020981,12.451188827067039],[-1.3719071019073332,12.451188827067039],[-1.3719071019073332,12.451368490123864],[-1.372086764964157,12.451368490123864],[-1.372086764964157,12.451548153180687],[-1.372446091077805,12.451548153180687]]]},"id":"-7638+69304","properties":{"count":4,"eau":1}},{"type":"Feature","geometry":{"geodesic":false,"type":"MultiPolygon","coordinates":[[[[-1.372625754134629,12.453165120692104],[-1.3729850802482768,12.453165120692104],[-1.3729850802482768,12.453524446805751],[-1.3731647433051006,12.453524446805751],[-1.3731647433051006,12.452805794578456],[-1.3728054171914528,12.452805794578456],[-1.3728054171914528,12.452985457635279],[-1.372625754134629,12.452985457635279],[-1.372625754134629,12.453165120692104]]],[[[-1.3729850802482768,12.453524446805751],[-1.372625754134629,12.453524446805751],[-1.372625754134629,12.453165120692104],[-1.372266428020981,12.453165120692104],[-1.372266428020981,12.453344783748927],[-1.3720867649641573,12.453344783748927],[-1.3720867649641573,12.453165120692104],[-1.3719071019073332,12.453165120692104],[-1.3719071019073332,12.453524446805751],[-1.3720867649641573,12.453524446805751],[-1.3720867649641573,12.453704109862574],[-1.372266428020981,12.453704109862574],[-1.372266428020981,12.454243099033047],[-1.3728054171914528,12.454243099033047],[-1.3728054171914528,12.453883772919399],[-1.3729850802482768,12.453883772919399],[-1.3729850802482768,12.453524446805751]],[[-1.372266428020981,12.453344783748927],[-1.372266428020981,12.453524446805751],[-1.372446091077805,12.453524446805751],[-1.372446091077805,12.453344783748927],[-1.372266428020981,12.453344783748927]]]]},"id":"-7639+69319","properties":{"count":28,"eau":1}},{"type":"Feature","geometry":{"geodesic":false,"type":"Polygon","coordinates":[[[-1.3749613738733395,12.20271481947958],[-1.3749613738733395,12.201996167252284],[-1.3747817108165157,12.201996167252284],[-1.3747817108165157,12.20181650419546],[-1.3746020477596919,12.20181650419546],[-1.3746020477596919,12.201996167252284],[-1.3744223847028678,12.201996167252284],[-1.3744223847028678,12.202355493365932],[-1.374242721646044,12.202355493365932],[-1.374242721646044,12.202535156422757],[-1.37406305858922,12.202535156422757],[-1.37406305858922,12.20271481947958],[-1.3749613738733395,12.20271481947958]]]},"id":"-7649+67919","properties":{"count":16,"eau":1}},{"type":"Feature","geometry":{"geodesic":false,"type":"Polygon","coordinates":[[[-1.3767580044415786,12.199301221399926],[-1.3767580044415786,12.198941895286278],[-1.3769376674984026,12.198941895286278],[-1.3769376674984026,12.198762232229454],[-1.3767580044415786,12.198762232229454],[-1.3767580044415786,12.19858256917263],[-1.3769376674984026,12.19858256917263],[-1.3769376674984026,12.198402906115806],[-1.3765783413847548,12.198402906115806],[-1.3765783413847548,12.198762232229454],[-1.3763986783279307,12.198762232229454],[-1.3763986783279307,12.19858256917263],[-1.376039352214283,12.19858256917263],[-1.376039352214283,12.199121558343101],[-1.376219015271107,12.199121558343101],[-1.376219015271107,12.199301221399926],[-1.3767580044415786,12.199301221399926]]]},"id":"-7661+67900","properties":{"count":17,"eau":1}},{"type":"Feature","geometry":{"geodesic":false,"type":"MultiPolygon","coordinates":[[[[-1.3767580044415788,12.203792797820524],[-1.3765783413847548,12.203792797820524],[-1.3765783413847548,12.203972460877347],[-1.3767580044415788,12.203972460877347],[-1.3767580044415788,12.203792797820524]]],[[[-1.3769376674984026,12.2036131347637],[-1.3767580044415788,12.2036131347637],[-1.3767580044415788,12.203792797820524],[-1.3769376674984026,12.203792797820524],[-1.3769376674984026,12.2036131347637]]]]},"id":"-7663+67926","properties":{"count":2,"eau":1}},{"type":"Feature","geometry":{"geodesic":false,"type":"Polygon","coordinates":[[[-1.3772969936120503,12.19858256917263],[-1.3771173305552264,12.19858256917263],[-1.3771173305552264,12.198762232229454],[-1.3772969936120503,12.198762232229454],[-1.3772969936120503,12.19858256917263]]]},"id":"-7666+67897","properties":{"count":1,"eau":1}},{"type":"Feature","geometry":{"geodesic":false,"type":"Polygon","coordinates":[[[-1.3776563197256981,12.264878237140652],[-1.3776563197256981,12.264159584913354],[-1.377835982782522,12.264159584913354],[-1.377835982782522,12.263979921856532],[-1.3776563197256981,12.263979921856532],[-1.3776563197256981,12.263800258799707],[-1.3774766566688743,12.263800258799707],[-1.3774766566688743,12.263979921856532],[-1.3772969936120503,12.263979921856532],[-1.3772969936120503,12.264159584913354],[-1.3769376674984026,12.264159584913354],[-1.3769376674984026,12.264518911027002],[-1.3771173305552264,12.264518911027002],[-1.3771173305552264,12.264698574083827],[-1.3772969936120503,12.264698574083827],[-1.3772969936120503,12.264878237140652],[-1.3776563197256981,12.264878237140652]]]},"id":"-7667+68265","properties":{"count":17,"eau":1}},{"type":"Feature","geometry":{"geodesic":false,"type":"Polygon","coordinates":[[[-1.3792732872371132,12.2036131347637],[-1.3792732872371132,12.203433471706875],[-1.3794529502939372,12.203433471706875],[-1.3794529502939372,12.203253808650052],[-1.3790936241802894,12.203253808650052],[-1.3790936241802894,12.203433471706875],[-1.3789139611234655,12.203433471706875],[-1.3789139611234655,12.2036131347637],[-1.3792732872371132,12.2036131347637]]]},"id":"-7676+67924","properties":{"count":4,"eau":1}},{"type":"Feature","geometry":{"geodesic":false,"type":"Polygon","coordinates":[[[-1.379632613350761,12.19858256917263],[-1.3794529502939372,12.19858256917263],[-1.3794529502939372,12.198762232229454],[-1.379632613350761,12.198762232229454],[-1.379632613350761,12.19858256917263]]]},"id":"-7679+67897","properties":{"count":1,"eau":1}},{"type":"Feature","geometry":{"geodesic":false,"type":"Polygon","coordinates":[[[-1.3801716025212327,12.198762232229454],[-1.3801716025212327,12.19858256917263],[-1.3805309286348806,12.19858256917263],[-1.3805309286348806,12.198402906115806],[-1.379812276407585,12.198402906115806],[-1.379812276407585,12.19858256917263],[-1.379991939464409,12.19858256917263],[-1.379991939464409,12.198762232229454],[-1.3801716025212327,12.198762232229454]]]},"id":"-7682+67897","properties":{"count":5,"eau":1}},{"type":"Feature","geometry":{"geodesic":false,"type":"Polygon","coordinates":[[[-1.3812495808621763,12.428012292736756],[-1.3812495808621763,12.427652966623109],[-1.3810699178053523,12.427652966623109],[-1.3810699178053523,12.427473303566284],[-1.3808902547485284,12.427473303566284],[-1.3808902547485284,12.42729364050946],[-1.3807105916917046,12.42729364050946],[-1.3807105916917046,12.427473303566284],[-1.3805309286348806,12.427473303566284],[-1.3805309286348806,12.427832629679932],[-1.3803512655780568,12.427832629679932],[-1.3803512655780568,12.428012292736756],[-1.3812495808621763,12.428012292736756]]]},"id":"-7684+69173","properties":{"count":13,"eau":1}},{"type":"Feature","geometry":{"geodesic":false,"type":"Polygon","coordinates":[[[-1.3825072222599435,12.561142617843268],[-1.3821478961462959,12.561142617843268],[-1.3821478961462959,12.561322280900093],[-1.3825072222599435,12.561322280900093],[-1.3825072222599435,12.561142617843268]]]},"id":"-7694+69915","properties":{"count":2,"eau":1}},{"type":"Feature","geometry":{"geodesic":false,"type":"Polygon","coordinates":[[[-1.3846631789418304,12.300451522391784],[-1.3846631789418304,12.30027185933496],[-1.3848428419986543,12.30027185933496],[-1.3848428419986543,12.300092196278136],[-1.3850225050554783,12.300092196278136],[-1.3850225050554783,12.299553207107664],[-1.3846631789418304,12.299553207107664],[-1.3846631789418304,12.300092196278136],[-1.3844835158850064,12.300092196278136],[-1.3844835158850064,12.300451522391784],[-1.3846631789418304,12.300451522391784]]]},"id":"-7707+68463","properties":{"count":9,"eau":1}},{"type":"Feature","geometry":{"geodesic":false,"type":"Polygon","coordinates":[[[-1.3861004833964217,12.563478237581979],[-1.3861004833964217,12.563298574525156],[-1.3862801464532455,12.563298574525156],[-1.3862801464532455,12.563118911468331],[-1.3864598095100695,12.563118911468331],[-1.3864598095100695,12.562759585354684],[-1.3866394725668933,12.562759585354684],[-1.3866394725668933,12.56257992229786],[-1.3868191356237172,12.56257992229786],[-1.3868191356237172,12.562400259241036],[-1.3869987986805412,12.562400259241036],[-1.3869987986805412,12.562040933127388],[-1.387178461737365,12.562040933127388],[-1.387178461737365,12.561861270070564],[-1.387358124794189,12.561861270070564],[-1.387358124794189,12.561501943956916],[-1.387537787851013,12.561501943956916],[-1.387537787851013,12.56078329172962],[-1.3877174509078367,12.56078329172962],[-1.3877174509078367,12.560603628672798],[-1.387537787851013,12.560603628672798],[-1.387537787851013,12.560423965615973],[-1.387178461737365,12.560423965615973],[-1.387178461737365,12.56024430255915],[-1.3869987986805412,12.56024430255915],[-1.3869987986805412,12.560064639502325],[-1.3868191356237172,12.560064639502325],[-1.3868191356237172,12.559705313388678],[-1.3866394725668933,12.559705313388678],[-1.3866394725668933,12.559525650331853],[-1.3869987986805412,12.559525650331853],[-1.3869987986805412,12.559166324218205],[-1.3864598095100695,12.559166324218205],[-1.3864598095100695,12.55934598727503],[-1.3862801464532455,12.55934598727503],[-1.3862801464532455,12.5598849764455],[-1.3861004833964217,12.5598849764455],[-1.3861004833964217,12.560064639502325],[-1.3862801464532455,12.560064639502325],[-1.3862801464532455,12.56024430255915],[-1.3861004833964217,12.56024430255915],[-1.3861004833964217,12.560423965615973],[-1.3859208203395978,12.560423965615973],[-1.3859208203395978,12.560603628672798],[-1.3857411572827738,12.560603628672798],[-1.3857411572827738,12.560423965615973],[-1.38556149422595,12.560423965615973],[-1.38556149422595,12.56024430255915],[-1.385381831169126,12.56024430255915],[-1.385381831169126,12.560423965615973],[-1.3850225050554783,12.560423965615973],[-1.3850225050554783,12.56024430255915],[-1.3848428419986543,12.56024430255915],[-1.3848428419986543,12.560064639502325],[-1.3844835158850064,12.560064639502325],[-1.3844835158850064,12.559705313388678],[-1.3843038528281826,12.559705313388678],[-1.3843038528281826,12.559525650331853],[-1.3841241897713588,12.559525650331853],[-1.3841241897713588,12.5598849764455],[-1.3839445267145347,12.5598849764455],[-1.3839445267145347,12.559525650331853],[-1.383405537544063,12.559525650331853],[-1.383405537544063,12.559166324218205],[-1.3832258744872392,12.559166324218205],[-1.3832258744872392,12.55934598727503],[-1.3828665483735914,12.55934598727503],[-1.3828665483735914,12.559166324218205],[-1.3826868853167675,12.559166324218205],[-1.3826868853167675,12.559525650331853],[-1.3825072222599435,12.559525650331853],[-1.3825072222599435,12.55934598727503],[-1.3823275592031197,12.55934598727503],[-1.3823275592031197,12.559705313388678],[-1.381788570032648,12.559705313388678],[-1.381788570032648,12.559525650331853],[-1.381608906975824,12.559525650331853],[-1.381608906975824,12.55934598727503],[-1.3814292439190001,12.55934598727503],[-1.3814292439190001,12.5598849764455],[-1.3812495808621763,12.5598849764455],[-1.3812495808621763,12.56024430255915],[-1.381608906975824,12.56024430255915],[-1.381608906975824,12.560423965615973],[-1.3821478961462959,12.560423965615973],[-1.3821478961462959,12.560603628672798],[-1.3826868853167675,12.560603628672798],[-1.3826868853167675,12.56078329172962],[-1.3828665483735914,12.56078329172962],[-1.3828665483735914,12.560962954786445],[-1.3830462114304152,12.560962954786445],[-1.3830462114304152,12.56078329172962],[-1.3832258744872392,12.56078329172962],[-1.3832258744872392,12.560962954786445],[-1.3839445267145347,12.560962954786445],[-1.3839445267145347,12.561142617843268],[-1.3841241897713588,12.561142617843268],[-1.3841241897713588,12.561501943956916],[-1.3844835158850064,12.561501943956916],[-1.3844835158850064,12.56168160701374],[-1.3846631789418304,12.56168160701374],[-1.3846631789418304,12.561861270070564],[-1.3848428419986543,12.561861270070564],[-1.3848428419986543,12.562040933127388],[-1.3852021681123021,12.562040933127388],[-1.3852021681123021,12.562400259241036],[-1.385381831169126,12.562400259241036],[-1.385381831169126,12.562759585354684],[-1.3852021681123021,12.562759585354684],[-1.3852021681123021,12.562939248411508],[-1.385381831169126,12.562939248411508],[-1.385381831169126,12.563298574525156],[-1.38556149422595,12.563298574525156],[-1.38556149422595,12.563478237581979],[-1.3861004833964217,12.563478237581979]],[[-1.3839445267145347,12.56024430255915],[-1.3841241897713588,12.56024430255915],[-1.3841241897713588,12.560064639502325],[-1.3839445267145347,12.560064639502325],[-1.3839445267145347,12.56024430255915]]]},"id":"-7713+69927","properties":{"count":359,"eau":1}},{"type":"Feature","geometry":{"geodesic":false,"type":"Polygon","coordinates":[[[-1.3900530706465475,12.199840210570397],[-1.3898734075897237,12.199840210570397],[-1.3898734075897237,12.200019873627221],[-1.3900530706465475,12.200019873627221],[-1.3900530706465475,12.199840210570397]]]},"id":"-7737+67904","properties":{"count":1,"eau":1}},{"type":"Feature","geometry":{"geodesic":false,"type":"Polygon","coordinates":[[[-1.3990362234877427,12.239725409185304],[-1.3990362234877427,12.23954574612848],[-1.3999345387718622,12.23954574612848],[-1.3999345387718622,12.239366083071657],[-1.4001142018286863,12.239366083071657],[-1.4001142018286863,12.239186420014832],[-1.3999345387718622,12.239186420014832],[-1.3999345387718622,12.239006756958009],[-1.3997548757150384,12.239006756958009],[-1.3997548757150384,12.238827093901184],[-1.4001142018286863,12.238827093901184],[-1.4001142018286863,12.238647430844361],[-1.3999345387718622,12.238647430844361],[-1.3999345387718622,12.238467767787537],[-1.3997548757150384,12.238467767787537],[-1.3997548757150384,12.238108441673889],[-1.3995752126582144,12.238108441673889],[-1.3995752126582144,12.237928778617064],[-1.3993955496013906,12.237928778617064],[-1.3993955496013906,12.237569452503417],[-1.3992158865445667,12.237569452503417],[-1.3992158865445667,12.237389789446594],[-1.3993955496013906,12.237389789446594],[-1.3993955496013906,12.237210126389769],[-1.3992158865445667,12.237210126389769],[-1.3992158865445667,12.236850800276121],[-1.3990362234877427,12.236850800276121],[-1.3990362234877427,12.236671137219298],[-1.3988565604309189,12.236671137219298],[-1.3988565604309189,12.237210126389769],[-1.3986768973740948,12.237210126389769],[-1.3986768973740948,12.237030463332946],[-1.398497234317271,12.237030463332946],[-1.398497234317271,12.236850800276121],[-1.3983175712604472,12.236850800276121],[-1.3983175712604472,12.236671137219298],[-1.398497234317271,12.236671137219298],[-1.398497234317271,12.236491474162474],[-1.3990362234877427,12.236491474162474],[-1.3990362234877427,12.236132148048826],[-1.3988565604309189,12.236132148048826],[-1.3988565604309189,12.235772821935178],[-1.3986768973740948,12.235772821935178],[-1.3986768973740948,12.23541349582153],[-1.3983175712604472,12.23541349582153],[-1.3983175712604472,12.235593158878354],[-1.3974192559763277,12.235593158878354],[-1.3974192559763277,12.235772821935178],[-1.3972395929195036,12.235772821935178],[-1.3972395929195036,12.235952484992001],[-1.3970599298626798,12.235952484992001],[-1.3970599298626798,12.236132148048826],[-1.396880266805856,12.236132148048826],[-1.396880266805856,12.23631181110565],[-1.3965209406922081,12.23631181110565],[-1.3965209406922081,12.236491474162474],[-1.3963412776353843,12.236491474162474],[-1.3963412776353843,12.236671137219298],[-1.3961616145785603,12.236671137219298],[-1.3961616145785603,12.236850800276121],[-1.3959819515217364,12.236850800276121],[-1.3959819515217364,12.237569452503417],[-1.3961616145785603,12.237569452503417],[-1.3961616145785603,12.237749115560241],[-1.3959819515217364,12.237749115560241],[-1.3959819515217364,12.237928778617064],[-1.3961616145785603,12.237928778617064],[-1.3961616145785603,12.238288104730714],[-1.3963412776353843,12.238288104730714],[-1.3963412776353843,12.238647430844361],[-1.3965209406922081,12.238647430844361],[-1.3965209406922081,12.238827093901184],[-1.396700603749032,12.238827093901184],[-1.396700603749032,12.239006756958009],[-1.3972395929195036,12.239006756958009],[-1.3972395929195036,12.239186420014832],[-1.3977785820899755,12.239186420014832],[-1.3977785820899755,12.239366083071657],[-1.3981379082036232,12.239366083071657],[-1.3981379082036232,12.239725409185304],[-1.3990362234877427,12.239725409185304]]]},"id":"-7783+68125","properties":{"count":344,"eau":1}},{"type":"Feature","geometry":{"geodesic":false,"type":"MultiPolygon","coordinates":[[[[-1.417541518340605,12.189958742445084],[-1.417361855283781,12.189958742445084],[-1.417361855283781,12.190138405501907],[-1.4168228661133093,12.190138405501907],[-1.4168228661133093,12.190318068558732],[-1.4166432030564855,12.190318068558732],[-1.4166432030564855,12.190138405501907],[-1.4162838769428376,12.190138405501907],[-1.4162838769428376,12.18977907938826],[-1.4161042138860138,12.18977907938826],[-1.4161042138860138,12.189419753274612],[-1.4159245508291898,12.189419753274612],[-1.4159245508291898,12.189240090217789],[-1.415744887772366,12.189240090217789],[-1.415744887772366,12.18888076410414],[-1.4155652247155421,12.18888076410414],[-1.4155652247155421,12.188701101047316],[-1.415385561658718,12.188701101047316],[-1.415385561658718,12.188521437990492],[-1.4152058986018943,12.188521437990492],[-1.4152058986018943,12.188341774933669],[-1.4148465724882464,12.188341774933669],[-1.4148465724882464,12.188521437990492],[-1.4144872463745986,12.188521437990492],[-1.4144872463745986,12.188701101047316],[-1.4128702788631835,12.188701101047316],[-1.4128702788631835,12.18888076410414],[-1.4123312896927118,12.18888076410414],[-1.4123312896927118,12.189060427160964],[-1.4117923005222401,12.189060427160964],[-1.4117923005222401,12.189240090217789],[-1.4110736482949444,12.189240090217789],[-1.4110736482949444,12.189419753274612],[-1.4108939852381206,12.189419753274612],[-1.4108939852381206,12.189599416331436],[-1.4107143221812966,12.189599416331436],[-1.4107143221812966,12.18977907938826],[-1.410354996067649,12.18977907938826],[-1.410354996067649,12.189599416331436],[-1.4096363438403532,12.189599416331436],[-1.4096363438403532,12.189419753274612],[-1.4090973546698815,12.189419753274612],[-1.4090973546698815,12.189599416331436],[-1.4087380285562336,12.189599416331436],[-1.4087380285562336,12.18977907938826],[-1.4085583654994098,12.18977907938826],[-1.4085583654994098,12.189958742445084],[-1.408199039385762,12.189958742445084],[-1.408199039385762,12.190138405501907],[-1.4080193763289381,12.190138405501907],[-1.4080193763289381,12.190318068558732],[-1.4071210610448186,12.190318068558732],[-1.4071210610448186,12.190138405501907],[-1.406582071874347,12.190138405501907],[-1.406582071874347,12.190318068558732],[-1.406222745760699,12.190318068558732],[-1.406222745760699,12.190497731615554],[-1.406043082703875,12.190497731615554],[-1.406043082703875,12.19067739467238],[-1.4058634196470512,12.19067739467238],[-1.4058634196470512,12.190857057729202],[-1.4056837565902274,12.190857057729202],[-1.4056837565902274,12.191036720786027],[-1.4053244304765795,12.191036720786027],[-1.4053244304765795,12.191216383842852],[-1.4049651043629316,12.191216383842852],[-1.4049651043629316,12.191396046899674],[-1.4035277999083404,12.191396046899674],[-1.4035277999083404,12.1915757099565],[-1.4037074629651645,12.1915757099565],[-1.4037074629651645,12.191755373013322],[-1.4038871260219883,12.191755373013322],[-1.4038871260219883,12.192294362183794],[-1.404066789078812,12.192294362183794],[-1.404066789078812,12.192653688297442],[-1.4042464521356361,12.192653688297442],[-1.4042464521356361,12.19301301441109],[-1.40442611519246,12.19301301441109],[-1.40442611519246,12.193192677467914],[-1.4046057782492838,12.193192677467914],[-1.4046057782492838,12.193552003581562],[-1.4047854413061078,12.193552003581562],[-1.4047854413061078,12.193731666638385],[-1.4056837565902274,12.193731666638385],[-1.4056837565902274,12.193552003581562],[-1.406222745760699,12.193552003581562],[-1.406222745760699,12.193192677467914],[-1.4064024088175229,12.193192677467914],[-1.4064024088175229,12.19301301441109],[-1.406582071874347,12.19301301441109],[-1.406582071874347,12.192833351354265],[-1.4067617349311707,12.192833351354265],[-1.4067617349311707,12.192653688297442],[-1.4071210610448186,12.192653688297442],[-1.4071210610448186,12.192474025240617],[-1.4076600502152903,12.192474025240617],[-1.4076600502152903,12.192294362183794],[-1.407839713272114,12.192294362183794],[-1.407839713272114,12.191216383842852],[-1.4080193763289381,12.191216383842852],[-1.4080193763289381,12.191036720786027],[-1.408199039385762,12.191036720786027],[-1.408199039385762,12.190857057729202],[-1.4083787024425858,12.190857057729202],[-1.4083787024425858,12.19067739467238],[-1.4087380285562336,12.19067739467238],[-1.4087380285562336,12.190497731615554],[-1.4089176916130577,12.190497731615554],[-1.4089176916130577,12.19067739467238],[-1.4094566807835294,12.19067739467238],[-1.4094566807835294,12.190857057729202],[-1.4096363438403532,12.190857057729202],[-1.4096363438403532,12.191036720786027],[-1.4114329744085923,12.191036720786027],[-1.4114329744085923,12.191216383842852],[-1.4117923005222401,12.191216383842852],[-1.4117923005222401,12.191036720786027],[-1.411971963579064,12.191036720786027],[-1.411971963579064,12.19067739467238],[-1.4121516266358878,12.19067739467238],[-1.4121516266358878,12.190497731615554],[-1.4125109527495356,12.190497731615554],[-1.4125109527495356,12.190318068558732],[-1.4128702788631835,12.190318068558732],[-1.4128702788631835,12.190138405501907],[-1.4134092680336552,12.190138405501907],[-1.4134092680336552,12.189958742445084],[-1.414127920260951,12.189958742445084],[-1.414127920260951,12.190138405501907],[-1.4146669094314226,12.190138405501907],[-1.4146669094314226,12.190318068558732],[-1.4148465724882464,12.190318068558732],[-1.4148465724882464,12.190497731615554],[-1.4150262355450702,12.190497731615554],[-1.4150262355450702,12.19067739467238],[-1.4152058986018943,12.19067739467238],[-1.4152058986018943,12.190857057729202],[-1.415385561658718,12.190857057729202],[-1.415385561658718,12.191036720786027],[-1.4162838769428376,12.191036720786027],[-1.4162838769428376,12.191216383842852],[-1.4170025291701334,12.191216383842852],[-1.4170025291701334,12.191036720786027],[-1.417541518340605,12.191036720786027],[-1.417541518340605,12.190497731615554],[-1.417361855283781,12.190497731615554],[-1.417361855283781,12.190318068558732],[-1.417541518340605,12.190318068558732],[-1.417541518340605,12.189958742445084]],[[-1.409995669954001,12.18977907938826],[-1.4096363438403532,12.18977907938826],[-1.4096363438403532,12.189958742445084],[-1.409995669954001,12.189958742445084],[-1.409995669954001,12.18977907938826]]],[[[-1.4177211813974289,12.18977907938826],[-1.417541518340605,12.18977907938826],[-1.417541518340605,12.189958742445084],[-1.4177211813974289,12.189958742445084],[-1.4177211813974289,12.18977907938826]]]]},"id":"-7820+67869","properties":{"count":714,"eau":1}},{"type":"Feature","geometry":{"geodesic":false,"type":"MultiPolygon","coordinates":[[[[-1.4207754533634354,12.33332986179056],[-1.4205957903066113,12.33332986179056],[-1.4205957903066113,12.333509524847383],[-1.4207754533634354,12.333509524847383],[-1.4207754533634354,12.33332986179056]]],[[[-1.4198771380793158,12.333509524847383],[-1.4196974750224918,12.333509524847383],[-1.4196974750224918,12.333689187904207],[-1.4198771380793158,12.333689187904207],[-1.4198771380793158,12.333509524847383]]],[[[-1.4094566807835294,12.349679199961534],[-1.4092770177267053,12.349679199961534],[-1.4092770177267053,12.349858863018358],[-1.4094566807835294,12.349858863018358],[-1.4094566807835294,12.349679199961534]]],[[[-1.4064024088175229,12.340157057949867],[-1.406222745760699,12.340157057949867],[-1.406222745760699,12.340336721006691],[-1.4064024088175229,12.340336721006691],[-1.4064024088175229,12.340157057949867]]],[[[-1.4051447674197557,12.340336721006691],[-1.4049651043629316,12.340336721006691],[-1.4049651043629316,12.340516384063514],[-1.4051447674197557,12.340516384063514],[-1.4051447674197557,12.340336721006691]]],[[[-1.4205957903066113,12.333509524847383],[-1.4202364641929635,12.333509524847383],[-1.4202364641929635,12.333689187904207],[-1.4198771380793158,12.333689187904207],[-1.4198771380793158,12.33386885096103],[-1.419517811965668,12.33386885096103],[-1.419517811965668,12.334048514017855],[-1.4193381489088441,12.334048514017855],[-1.4193381489088441,12.334228177074678],[-1.4184398336247246,12.334228177074678],[-1.4184398336247246,12.334587503188326],[-1.4182601705679005,12.334587503188326],[-1.4182601705679005,12.33476716624515],[-1.417900844454253,12.33476716624515],[-1.417900844454253,12.334946829301975],[-1.417541518340605,12.334946829301975],[-1.417541518340605,12.335306155415623],[-1.417361855283781,12.335306155415623],[-1.417361855283781,12.335485818472446],[-1.4170025291701334,12.335485818472446],[-1.4170025291701334,12.33566548152927],[-1.4168228661133093,12.33566548152927],[-1.4168228661133093,12.335845144586093],[-1.4161042138860138,12.335845144586093],[-1.4161042138860138,12.336024807642918],[-1.415744887772366,12.336024807642918],[-1.415744887772366,12.336204470699741],[-1.4155652247155421,12.336204470699741],[-1.4155652247155421,12.336384133756566],[-1.4152058986018943,12.336384133756566],[-1.4152058986018943,12.336563796813389],[-1.4146669094314226,12.336563796813389],[-1.4146669094314226,12.336743459870213],[-1.4144872463745986,12.336743459870213],[-1.4144872463745986,12.336923122927038],[-1.4143075833177747,12.336923122927038],[-1.4143075833177747,12.337282449040686],[-1.414127920260951,12.337282449040686],[-1.414127920260951,12.337462112097509],[-1.4139482572041269,12.337462112097509],[-1.4139482572041269,12.337821438211156],[-1.413768594147303,12.337821438211156],[-1.413768594147303,12.33800110126798],[-1.4132296049768314,12.33800110126798],[-1.4132296049768314,12.338180764324804],[-1.4130499419200073,12.338180764324804],[-1.4130499419200073,12.338360427381629],[-1.4126906158063597,12.338360427381629],[-1.4126906158063597,12.338719753495276],[-1.4125109527495356,12.338719753495276],[-1.4125109527495356,12.339079079608924],[-1.4121516266358878,12.339079079608924],[-1.4121516266358878,12.339258742665749],[-1.4117923005222401,12.339258742665749],[-1.4117923005222401,12.339438405722571],[-1.4112533113517682,12.339438405722571],[-1.4112533113517682,12.339618068779396],[-1.4107143221812966,12.339618068779396],[-1.4107143221812966,12.339797731836219],[-1.410354996067649,12.339797731836219],[-1.410354996067649,12.339977394893044],[-1.4096363438403532,12.339977394893044],[-1.4096363438403532,12.340157057949867],[-1.4094566807835294,12.340157057949867],[-1.4094566807835294,12.339977394893044],[-1.4092770177267053,12.339977394893044],[-1.4092770177267053,12.340157057949867],[-1.4090973546698815,12.340157057949867],[-1.4090973546698815,12.340336721006691],[-1.4089176916130577,12.340336721006691],[-1.4089176916130577,12.340875710177164],[-1.4087380285562336,12.340875710177164],[-1.4087380285562336,12.341235036290811],[-1.4085583654994098,12.341235036290811],[-1.4085583654994098,12.341414699347634],[-1.4083787024425858,12.341414699347634],[-1.4083787024425858,12.341594362404459],[-1.4080193763289381,12.341594362404459],[-1.4080193763289381,12.341774025461282],[-1.4074803871584662,12.341774025461282],[-1.4074803871584662,12.341953688518107],[-1.4071210610448186,12.341953688518107],[-1.4071210610448186,12.34213335157493],[-1.4069413979879946,12.34213335157493],[-1.4069413979879946,12.342313014631754],[-1.4067617349311707,12.342313014631754],[-1.4067617349311707,12.342492677688577],[-1.4064024088175229,12.342492677688577],[-1.4064024088175229,12.342672340745402],[-1.406043082703875,12.342672340745402],[-1.406043082703875,12.342852003802227],[-1.4058634196470512,12.342852003802227],[-1.4058634196470512,12.343211329915874],[-1.4056837565902274,12.343211329915874],[-1.4056837565902274,12.343390992972697],[-1.4055040935334033,12.343390992972697],[-1.4055040935334033,12.343570656029522],[-1.4053244304765795,12.343570656029522],[-1.4053244304765795,12.343750319086345],[-1.4049651043629316,12.343750319086345],[-1.4049651043629316,12.343570656029522],[-1.4047854413061078,12.343570656029522],[-1.4047854413061078,12.343390992972697],[-1.4046057782492838,12.343390992972697],[-1.4046057782492838,12.343211329915874],[-1.40442611519246,12.343211329915874],[-1.40442611519246,12.343390992972697],[-1.4038871260219883,12.343390992972697],[-1.4038871260219883,12.34303166685905],[-1.404066789078812,12.34303166685905],[-1.404066789078812,12.342852003802227],[-1.40442611519246,12.342852003802227],[-1.40442611519246,12.342313014631754],[-1.4047854413061078,12.342313014631754],[-1.4047854413061078,12.342492677688577],[-1.4051447674197557,12.342492677688577],[-1.4051447674197557,12.342313014631754],[-1.4055040935334033,12.342313014631754],[-1.4055040935334033,12.34213335157493],[-1.4058634196470512,12.34213335157493],[-1.4058634196470512,12.341594362404459],[-1.4056837565902274,12.341594362404459],[-1.4056837565902274,12.341235036290811],[-1.406043082703875,12.341235036290811],[-1.406043082703875,12.341414699347634],[-1.4064024088175229,12.341414699347634],[-1.4064024088175229,12.341235036290811],[-1.4067617349311707,12.341235036290811],[-1.4067617349311707,12.341414699347634],[-1.4074803871584662,12.341414699347634],[-1.4074803871584662,12.341235036290811],[-1.4071210610448186,12.341235036290811],[-1.4071210610448186,12.341055373233987],[-1.4069413979879946,12.341055373233987],[-1.4069413979879946,12.340875710177164],[-1.4067617349311707,12.340875710177164],[-1.4067617349311707,12.340516384063514],[-1.406582071874347,12.340516384063514],[-1.406582071874347,12.340336721006691],[-1.4064024088175229,12.340336721006691],[-1.4064024088175229,12.340516384063514],[-1.406043082703875,12.340516384063514],[-1.406043082703875,12.340696047120339],[-1.4058634196470512,12.340696047120339],[-1.4058634196470512,12.340157057949867],[-1.4056837565902274,12.340157057949867],[-1.4056837565902274,12.340516384063514],[-1.4055040935334033,12.340516384063514],[-1.4055040935334033,12.341055373233987],[-1.4051447674197557,12.341055373233987],[-1.4051447674197557,12.341235036290811],[-1.4049651043629316,12.341235036290811],[-1.4049651043629316,12.341055373233987],[-1.4047854413061078,12.341055373233987],[-1.4047854413061078,12.340875710177164],[-1.4049651043629316,12.340875710177164],[-1.4049651043629316,12.340516384063514],[-1.4046057782492838,12.340516384063514],[-1.4046057782492838,12.340696047120339],[-1.40442611519246,12.340696047120339],[-1.40442611519246,12.340516384063514],[-1.4042464521356361,12.340516384063514],[-1.4042464521356361,12.341055373233987],[-1.404066789078812,12.341055373233987],[-1.404066789078812,12.341235036290811],[-1.4035277999083404,12.341235036290811],[-1.4035277999083404,12.341414699347634],[-1.4037074629651645,12.341414699347634],[-1.4037074629651645,12.341774025461282],[-1.4033481368515166,12.341774025461282],[-1.4033481368515166,12.341594362404459],[-1.4031684737946926,12.341594362404459],[-1.4031684737946926,12.341235036290811],[-1.4033481368515166,12.341235036290811],[-1.4033481368515166,12.340875710177164],[-1.4035277999083404,12.340875710177164],[-1.4035277999083404,12.340696047120339],[-1.4031684737946926,12.340696047120339],[-1.4031684737946926,12.340516384063514],[-1.4029888107378687,12.340516384063514],[-1.4029888107378687,12.340157057949867],[-1.402809147681045,12.340157057949867],[-1.402809147681045,12.339797731836219],[-1.4026294846242209,12.339797731836219],[-1.4026294846242209,12.339977394893044],[-1.402449821567397,12.339977394893044],[-1.402449821567397,12.340336721006691],[-1.402270158510573,12.340336721006691],[-1.402270158510573,12.339977394893044],[-1.4019108323969254,12.339977394893044],[-1.4019108323969254,12.340157057949867],[-1.4017311693401013,12.340157057949867],[-1.4017311693401013,12.340336721006691],[-1.4015515062832775,12.340336721006691],[-1.4015515062832775,12.341235036290811],[-1.4017311693401013,12.341235036290811],[-1.4017311693401013,12.341774025461282],[-1.4019108323969254,12.341774025461282],[-1.4019108323969254,12.34213335157493],[-1.4020904954537492,12.34213335157493],[-1.4020904954537492,12.342313014631754],[-1.402270158510573,12.342313014631754],[-1.402270158510573,12.342672340745402],[-1.402449821567397,12.342672340745402],[-1.402449821567397,12.34303166685905],[-1.4026294846242209,12.34303166685905],[-1.4026294846242209,12.343211329915874],[-1.402809147681045,12.343211329915874],[-1.402809147681045,12.343390992972697],[-1.4029888107378687,12.343390992972697],[-1.4029888107378687,12.343750319086345],[-1.4031684737946926,12.343750319086345],[-1.4031684737946926,12.344109645199993],[-1.4033481368515166,12.344109645199993],[-1.4033481368515166,12.344468971313642],[-1.4035277999083404,12.344468971313642],[-1.4035277999083404,12.34482829742729],[-1.4037074629651645,12.34482829742729],[-1.4037074629651645,12.345007960484113],[-1.4038871260219883,12.345007960484113],[-1.4038871260219883,12.34536728659776],[-1.404066789078812,12.34536728659776],[-1.404066789078812,12.345546949654585],[-1.4042464521356361,12.345546949654585],[-1.4042464521356361,12.345726612711408],[-1.40442611519246,12.345726612711408],[-1.40442611519246,12.345906275768233],[-1.4046057782492838,12.345906275768233],[-1.4046057782492838,12.34626560188188],[-1.4047854413061078,12.34626560188188],[-1.4047854413061078,12.346445264938705],[-1.4049651043629316,12.346445264938705],[-1.4049651043629316,12.346804591052353],[-1.4053244304765795,12.346804591052353],[-1.4053244304765795,12.346984254109175],[-1.4055040935334033,12.346984254109175],[-1.4055040935334033,12.347343580222823],[-1.4056837565902274,12.347343580222823],[-1.4056837565902274,12.347523243279648],[-1.4058634196470512,12.347523243279648],[-1.4058634196470512,12.347882569393295],[-1.406043082703875,12.347882569393295],[-1.406043082703875,12.348062232450118],[-1.4064024088175229,12.348062232450118],[-1.4064024088175229,12.348241895506943],[-1.406582071874347,12.348241895506943],[-1.406582071874347,12.348421558563768],[-1.4067617349311707,12.348421558563768],[-1.4067617349311707,12.34860122162059],[-1.4071210610448186,12.34860122162059],[-1.4071210610448186,12.348960547734238],[-1.407839713272114,12.348960547734238],[-1.407839713272114,12.349140210791063],[-1.4080193763289381,12.349140210791063],[-1.4080193763289381,12.34949953690471],[-1.4087380285562336,12.34949953690471],[-1.4087380285562336,12.349679199961534],[-1.4089176916130577,12.349679199961534],[-1.4089176916130577,12.349858863018358],[-1.4090973546698815,12.349858863018358],[-1.4090973546698815,12.349679199961534],[-1.4092770177267053,12.349679199961534],[-1.4092770177267053,12.348960547734238],[-1.409816006897177,12.348960547734238],[-1.409816006897177,12.348780884677415],[-1.4096363438403532,12.348780884677415],[-1.4096363438403532,12.34860122162059],[-1.4094566807835294,12.34860122162059],[-1.4094566807835294,12.348421558563768],[-1.4092770177267053,12.348421558563768],[-1.4092770177267053,12.348241895506943],[-1.4090973546698815,12.348241895506943],[-1.4090973546698815,12.34770290633647],[-1.4089176916130577,12.34770290633647],[-1.4089176916130577,12.347523243279648],[-1.4085583654994098,12.347523243279648],[-1.4085583654994098,12.347163917166],[-1.4087380285562336,12.347163917166],[-1.4087380285562336,12.346984254109175],[-1.4085583654994098,12.346984254109175],[-1.4085583654994098,12.34626560188188],[-1.4089176916130577,12.34626560188188],[-1.4089176916130577,12.346445264938705],[-1.4087380285562336,12.346445264938705],[-1.4087380285562336,12.346624927995528],[-1.4089176916130577,12.346624927995528],[-1.4089176916130577,12.346804591052353],[-1.4090973546698815,12.346804591052353],[-1.4090973546698815,12.346624927995528],[-1.4092770177267053,12.346624927995528],[-1.4092770177267053,12.34626560188188],[-1.4094566807835294,12.34626560188188],[-1.4094566807835294,12.345546949654585],[-1.4096363438403532,12.345546949654585],[-1.4096363438403532,12.344648634370465],[-1.4094566807835294,12.344648634370465],[-1.4094566807835294,12.344289308256817],[-1.4096363438403532,12.344289308256817],[-1.4096363438403532,12.344468971313642],[-1.4101753330108249,12.344468971313642],[-1.4101753330108249,12.343750319086345],[-1.410354996067649,12.343750319086345],[-1.410354996067649,12.343390992972697],[-1.4105346591244727,12.343390992972697],[-1.4105346591244727,12.343211329915874],[-1.4107143221812966,12.343211329915874],[-1.4107143221812966,12.34303166685905],[-1.4108939852381206,12.34303166685905],[-1.4108939852381206,12.342852003802227],[-1.4110736482949444,12.342852003802227],[-1.4110736482949444,12.342492677688577],[-1.4114329744085923,12.342492677688577],[-1.4114329744085923,12.342313014631754],[-1.411612637465416,12.342313014631754],[-1.411612637465416,12.34213335157493],[-1.411971963579064,12.34213335157493],[-1.411971963579064,12.341953688518107],[-1.4121516266358878,12.341953688518107],[-1.4121516266358878,12.341594362404459],[-1.4123312896927118,12.341594362404459],[-1.4123312896927118,12.341235036290811],[-1.4125109527495356,12.341235036290811],[-1.4125109527495356,12.341055373233987],[-1.4126906158063597,12.341055373233987],[-1.4126906158063597,12.340875710177164],[-1.4130499419200073,12.340875710177164],[-1.4130499419200073,12.341055373233987],[-1.4134092680336552,12.341055373233987],[-1.4134092680336552,12.340875710177164],[-1.4139482572041269,12.340875710177164],[-1.4139482572041269,12.340516384063514],[-1.414127920260951,12.340516384063514],[-1.414127920260951,12.340336721006691],[-1.4144872463745986,12.340336721006691],[-1.4144872463745986,12.340157057949867],[-1.4146669094314226,12.340157057949867],[-1.4146669094314226,12.339977394893044],[-1.4148465724882464,12.339977394893044],[-1.4148465724882464,12.339797731836219],[-1.4150262355450702,12.339797731836219],[-1.4150262355450702,12.339618068779396],[-1.415385561658718,12.339618068779396],[-1.415385561658718,12.339438405722571],[-1.4159245508291898,12.339438405722571],[-1.4159245508291898,12.339258742665749],[-1.4161042138860138,12.339258742665749],[-1.4161042138860138,12.339079079608924],[-1.4162838769428376,12.339079079608924],[-1.4162838769428376,12.3388994165521],[-1.4164635399996615,12.3388994165521],[-1.4164635399996615,12.338719753495276],[-1.4171821922269572,12.338719753495276],[-1.4171821922269572,12.3388994165521],[-1.417361855283781,12.3388994165521],[-1.417361855283781,12.339079079608924],[-1.4177211813974289,12.339079079608924],[-1.4177211813974289,12.339258742665749],[-1.417900844454253,12.339258742665749],[-1.417900844454253,12.339079079608924],[-1.4180805075110767,12.339079079608924],[-1.4180805075110767,12.33800110126798],[-1.4182601705679005,12.33800110126798],[-1.4182601705679005,12.337821438211156],[-1.4187991597383722,12.337821438211156],[-1.4187991597383722,12.337102785983861],[-1.4189788227951963,12.337102785983861],[-1.4189788227951963,12.336563796813389],[-1.41915848585202,12.336563796813389],[-1.41915848585202,12.336384133756566],[-1.4193381489088441,12.336384133756566],[-1.4193381489088441,12.336204470699741],[-1.41915848585202,12.336204470699741],[-1.41915848585202,12.336024807642918],[-1.4193381489088441,12.336024807642918],[-1.4193381489088441,12.33566548152927],[-1.419517811965668,12.33566548152927],[-1.419517811965668,12.335126492358798],[-1.4193381489088441,12.335126492358798],[-1.4193381489088441,12.334946829301975],[-1.419517811965668,12.334946829301975],[-1.419517811965668,12.33476716624515],[-1.4196974750224918,12.33476716624515],[-1.4196974750224918,12.334407840131503],[-1.4198771380793158,12.334407840131503],[-1.4198771380793158,12.334228177074678],[-1.4200568011361396,12.334228177074678],[-1.4200568011361396,12.334048514017855],[-1.4204161272497875,12.334048514017855],[-1.4204161272497875,12.33386885096103],[-1.4205957903066113,12.33386885096103],[-1.4205957903066113,12.333509524847383]],[[-1.4182601705679005,12.335485818472446],[-1.4177211813974289,12.335485818472446],[-1.4177211813974289,12.335845144586093],[-1.4182601705679005,12.335845144586093],[-1.4182601705679005,12.335485818472446]],[[-1.4055040935334033,12.341594362404459],[-1.4053244304765795,12.341594362404459],[-1.4053244304765795,12.341774025461282],[-1.4055040935334033,12.341774025461282],[-1.4055040935334033,12.341594362404459]]]]},"id":"-7843+68738","properties":{"count":2293,"eau":1}},{"type":"Feature","geometry":{"geodesic":false,"type":"Polygon","coordinates":[[[-1.4096363438403532,12.349140210791061],[-1.4094566807835291,12.349140210791061],[-1.4094566807835291,12.349319873847886],[-1.4096363438403532,12.349319873847886],[-1.4096363438403532,12.349140210791061]]]},"id":"-7846+68735","properties":{"count":1,"eau":1}},{"type":"Feature","geometry":{"geodesic":false,"type":"Polygon","coordinates":[[[-1.4099956699540008,12.346984254109175],[-1.4096363438403532,12.346984254109175],[-1.4096363438403532,12.347163917165998],[-1.4099956699540008,12.347163917165998],[-1.4099956699540008,12.346984254109175]]]},"id":"-7847+68723","properties":{"count":2,"eau":1}},{"type":"Feature","geometry":{"geodesic":false,"type":"Polygon","coordinates":[[[-1.409816006897177,12.347882569393294],[-1.4096363438403532,12.347882569393294],[-1.4096363438403532,12.348421558563766],[-1.409816006897177,12.348421558563766],[-1.409816006897177,12.347882569393294]]]},"id":"-7847+68730","properties":{"count":3,"eau":1}},{"type":"Feature","geometry":{"geodesic":false,"type":"Polygon","coordinates":[[[-1.4107143221812966,12.488019753715939],[-1.4101753330108249,12.488019753715939],[-1.4101753330108249,12.488199416772764],[-1.4107143221812966,12.488199416772764],[-1.4107143221812966,12.488019753715939]]]},"id":"-7850+69508","properties":{"count":3,"eau":1}},{"type":"Feature","geometry":{"geodesic":false,"type":"MultiPolygon","coordinates":[[[[-1.425087366727209,12.137676792909327],[-1.424907703670385,12.137676792909327],[-1.424907703670385,12.138036119022974],[-1.425087366727209,12.138036119022974],[-1.425087366727209,12.137676792909327]]],[[[-1.4207754533634354,12.145581967409578],[-1.4205957903066113,12.145581967409578],[-1.4205957903066113,12.145761630466403],[-1.4207754533634354,12.145761630466403],[-1.4207754533634354,12.145581967409578]]],[[[-1.424907703670385,12.138036119022974],[-1.4247280406135612,12.138036119022974],[-1.4247280406135612,12.138395445136624],[-1.4245483775567374,12.138395445136624],[-1.4245483775567374,12.138575108193447],[-1.4243687144999133,12.138575108193447],[-1.4243687144999133,12.138754771250271],[-1.4240093883862655,12.138754771250271],[-1.4240093883862655,12.138934434307094],[-1.4238297253294416,12.138934434307094],[-1.4238297253294416,12.139114097363919],[-1.4236500622726178,12.139114097363919],[-1.4236500622726178,12.139293760420742],[-1.4234703992157938,12.139293760420742],[-1.4234703992157938,12.13965308653439],[-1.4231110731021461,12.13965308653439],[-1.4231110731021461,12.14055140181851],[-1.422931410045322,12.14055140181851],[-1.422931410045322,12.140731064875334],[-1.4225720839316742,12.140731064875334],[-1.4225720839316742,12.140910727932157],[-1.4222127578180266,12.140910727932157],[-1.4222127578180266,12.141090390988982],[-1.4218534317043787,12.141090390988982],[-1.4218534317043787,12.141270054045805],[-1.4214941055907309,12.141270054045805],[-1.4214941055907309,12.141090390988982],[-1.421314442533907,12.141090390988982],[-1.421314442533907,12.141270054045805],[-1.4205957903066113,12.141270054045805],[-1.4205957903066113,12.141090390988982],[-1.4200568011361396,12.141090390988982],[-1.4200568011361396,12.141988706273102],[-1.4198771380793158,12.141988706273102],[-1.4198771380793158,12.141809043216277],[-1.4193381489088441,12.141809043216277],[-1.4193381489088441,12.142527695443572],[-1.41915848585202,12.142527695443572],[-1.41915848585202,12.143066684614045],[-1.4189788227951963,12.143066684614045],[-1.4189788227951963,12.143246347670868],[-1.4187991597383722,12.143246347670868],[-1.4187991597383722,12.143605673784515],[-1.4186194966815484,12.143605673784515],[-1.4186194966815484,12.14378533684134],[-1.4184398336247246,12.14378533684134],[-1.4184398336247246,12.144144662954988],[-1.4182601705679005,12.144144662954988],[-1.4182601705679005,12.144324326011812],[-1.4180805075110767,12.144324326011812],[-1.4180805075110767,12.144503989068635],[-1.417900844454253,12.144503989068635],[-1.417900844454253,12.14468365212546],[-1.4177211813974289,12.14468365212546],[-1.4177211813974289,12.144863315182283],[-1.417541518340605,12.144863315182283],[-1.417541518340605,12.145042978239108],[-1.417361855283781,12.145042978239108],[-1.417361855283781,12.145402304352755],[-1.4171821922269572,12.145402304352755],[-1.4171821922269572,12.145761630466403],[-1.4170025291701334,12.145761630466403],[-1.4170025291701334,12.146480282693698],[-1.4168228661133093,12.146480282693698],[-1.4168228661133093,12.146659945750523],[-1.4166432030564855,12.146659945750523],[-1.4166432030564855,12.146839608807346],[-1.4164635399996615,12.146839608807346],[-1.4164635399996615,12.147198934920993],[-1.4162838769428376,12.147198934920993],[-1.4162838769428376,12.147558261034643],[-1.4161042138860138,12.147558261034643],[-1.4161042138860138,12.147737924091466],[-1.4159245508291898,12.147737924091466],[-1.4159245508291898,12.148097250205113],[-1.415744887772366,12.148097250205113],[-1.415744887772366,12.148276913261938],[-1.4155652247155421,12.148276913261938],[-1.4155652247155421,12.148995565489233],[-1.4159245508291898,12.148995565489233],[-1.4159245508291898,12.149175228546056],[-1.4164635399996615,12.149175228546056],[-1.4164635399996615,12.149354891602881],[-1.4166432030564855,12.149354891602881],[-1.4166432030564855,12.149714217716529],[-1.417541518340605,12.149714217716529],[-1.417541518340605,12.149893880773353],[-1.4180805075110767,12.149893880773353],[-1.4180805075110767,12.149714217716529],[-1.4184398336247246,12.149714217716529],[-1.4184398336247246,12.149534554659706],[-1.4186194966815484,12.149534554659706],[-1.4186194966815484,12.149175228546056],[-1.4187991597383722,12.149175228546056],[-1.4187991597383722,12.148815902432409],[-1.4186194966815484,12.148815902432409],[-1.4186194966815484,12.148097250205113],[-1.4187991597383722,12.148097250205113],[-1.4187991597383722,12.147378597977818],[-1.4189788227951963,12.147378597977818],[-1.4189788227951963,12.147558261034643],[-1.41915848585202,12.147558261034643],[-1.41915848585202,12.147198934920993],[-1.4193381489088441,12.147198934920993],[-1.4193381489088441,12.14701927186417],[-1.419517811965668,12.14701927186417],[-1.419517811965668,12.146659945750523],[-1.4196974750224918,12.146659945750523],[-1.4196974750224918,12.146480282693698],[-1.4198771380793158,12.146480282693698],[-1.4198771380793158,12.146300619636875],[-1.4202364641929635,12.146300619636875],[-1.4202364641929635,12.14612095658005],[-1.4204161272497875,12.14612095658005],[-1.4204161272497875,12.145581967409578],[-1.4205957903066113,12.145581967409578],[-1.4205957903066113,12.14522264129593],[-1.4209551164202592,12.14522264129593],[-1.4209551164202592,12.145042978239108],[-1.4214941055907309,12.145042978239108],[-1.4214941055907309,12.144863315182283],[-1.4216737686475547,12.144863315182283],[-1.4216737686475547,12.14468365212546],[-1.4218534317043787,12.14468365212546],[-1.4218534317043787,12.144503989068635],[-1.4222127578180266,12.144503989068635],[-1.4222127578180266,12.144324326011812],[-1.4223924208748504,12.144324326011812],[-1.4223924208748504,12.144503989068635],[-1.4225720839316742,12.144503989068635],[-1.4225720839316742,12.144324326011812],[-1.4227517469884983,12.144324326011812],[-1.4227517469884983,12.143964999898165],[-1.422931410045322,12.143964999898165],[-1.422931410045322,12.14378533684134],[-1.4231110731021461,12.14378533684134],[-1.4231110731021461,12.143605673784515],[-1.42329073615897,12.143605673784515],[-1.42329073615897,12.14378533684134],[-1.4234703992157938,12.14378533684134],[-1.4234703992157938,12.143605673784515],[-1.4236500622726178,12.143605673784515],[-1.4236500622726178,12.143426010727692],[-1.4238297253294416,12.143426010727692],[-1.4238297253294416,12.143246347670868],[-1.4240093883862655,12.143246347670868],[-1.4240093883862655,12.143066684614045],[-1.4243687144999133,12.143066684614045],[-1.4243687144999133,12.14288702155722],[-1.4245483775567374,12.14288702155722],[-1.4245483775567374,12.14234803238675],[-1.4247280406135612,12.14234803238675],[-1.4247280406135612,12.141988706273102],[-1.424907703670385,12.141988706273102],[-1.424907703670385,12.141629380159452],[-1.425087366727209,12.141629380159452],[-1.425087366727209,12.141090390988982],[-1.4254466928408567,12.141090390988982],[-1.4254466928408567,12.140910727932157],[-1.4252670297840329,12.140910727932157],[-1.4252670297840329,12.14055140181851],[-1.4254466928408567,12.14055140181851],[-1.4254466928408567,12.138215782079799],[-1.4256263558976807,12.138215782079799],[-1.4256263558976807,12.137856455966151],[-1.4258060189545045,12.137856455966151],[-1.4258060189545045,12.137497129852504],[-1.4256263558976807,12.137497129852504],[-1.4256263558976807,12.137317466795679],[-1.4258060189545045,12.137317466795679],[-1.4258060189545045,12.137137803738856],[-1.4256263558976807,12.137137803738856],[-1.4256263558976807,12.136958140682031],[-1.4254466928408567,12.136958140682031],[-1.4254466928408567,12.137137803738856],[-1.4252670297840329,12.137137803738856],[-1.4252670297840329,12.137317466795679],[-1.425087366727209,12.137317466795679],[-1.425087366727209,12.137497129852504],[-1.4252670297840329,12.137497129852504],[-1.4252670297840329,12.138215782079799],[-1.424907703670385,12.138215782079799],[-1.424907703670385,12.138036119022974]]]]},"id":"-7891+67625","properties":{"count":1209,"eau":1}},{"type":"Feature","geometry":{"geodesic":false,"type":"Polygon","coordinates":[[[-1.4180805075110765,12.363872581450622],[-1.4180805075110765,12.363692918393799],[-1.4182601705679005,12.363692918393799],[-1.4182601705679005,12.363333592280151],[-1.4179008444542527,12.363333592280151],[-1.4179008444542527,12.363513255336974],[-1.4177211813974289,12.363513255336974],[-1.4177211813974289,12.363692918393799],[-1.4175415183406048,12.363692918393799],[-1.4175415183406048,12.363872581450622],[-1.4180805075110765,12.363872581450622]]]},"id":"-7891+68816","properties":{"count":8,"eau":1}},{"type":"Feature","geometry":{"geodesic":false,"type":"Polygon","coordinates":[[[-1.41915848585202,12.333689187904206],[-1.418978822795196,12.333689187904206],[-1.418978822795196,12.334048514017853],[-1.41915848585202,12.334048514017853],[-1.41915848585202,12.333689187904206]]]},"id":"-7899+68650","properties":{"count":2,"eau":1}},{"type":"Feature","geometry":{"geodesic":false,"type":"Polygon","coordinates":[[[-1.4202364641929635,12.54227799687676],[-1.4200568011361396,12.54227799687676],[-1.4200568011361396,12.542637322990407],[-1.4202364641929635,12.542637322990407],[-1.4202364641929635,12.54227799687676]]]},"id":"-7905+69811","properties":{"count":2,"eau":1}},{"type":"Feature","geometry":{"geodesic":false,"type":"MultiPolygon","coordinates":[[[[-1.4204161272497875,12.541918670763112],[-1.4202364641929635,12.541918670763112],[-1.4202364641929635,12.542098333819936],[-1.4204161272497875,12.542098333819936],[-1.4204161272497875,12.541918670763112]]],[[[-1.4205957903066113,12.541739007706289],[-1.4204161272497875,12.541739007706289],[-1.4204161272497875,12.541918670763112],[-1.4205957903066113,12.541918670763112],[-1.4205957903066113,12.541739007706289]]]]},"id":"-7906+69808","properties":{"count":2,"eau":1}},{"type":"Feature","geometry":{"geodesic":false,"type":"Polygon","coordinates":[[[-1.4222127578180264,12.553776432513489],[-1.4222127578180264,12.553417106399841],[-1.4225720839316742,12.553417106399841],[-1.4225720839316742,12.553237443343017],[-1.4218534317043785,12.553237443343017],[-1.4218534317043785,12.553057780286194],[-1.4214941055907309,12.553057780286194],[-1.4214941055907309,12.553596769456664],[-1.4220330947612025,12.553596769456664],[-1.4220330947612025,12.553776432513489],[-1.4222127578180264,12.553776432513489]]]},"id":"-7916+69873","properties":{"count":13,"eau":1}},{"type":"Feature","geometry":{"geodesic":false,"type":"Polygon","coordinates":[[[-1.4236500622726176,12.553417106399841],[-1.423111073102146,12.553417106399841],[-1.423111073102146,12.553596769456664],[-1.4236500622726176,12.553596769456664],[-1.4236500622726176,12.553417106399841]]]},"id":"-7922+69872","properties":{"count":3,"eau":1}},{"type":"Feature","geometry":{"geodesic":false,"type":"Polygon","coordinates":[[[-1.4259856820113284,12.492690993193362],[-1.4258060189545045,12.492690993193362],[-1.4258060189545045,12.492870656250185],[-1.4259856820113284,12.492870656250185],[-1.4259856820113284,12.492690993193362]]]},"id":"-7937+69534","properties":{"count":1,"eau":1}},{"type":"Feature","geometry":{"geodesic":false,"type":"Polygon","coordinates":[[[-1.4265246711818,12.136778477625207],[-1.4263450081249762,12.136778477625207],[-1.4263450081249762,12.136958140682031],[-1.4265246711818,12.136958140682031],[-1.4265246711818,12.136778477625207]]]},"id":"-7940+67553","properties":{"count":1,"eau":1}},{"type":"Feature","geometry":{"geodesic":false,"type":"Polygon","coordinates":[[[-1.4301179323182782,11.930165962277718],[-1.4301179323182782,11.929986299220893],[-1.430297595375102,11.929986299220893],[-1.430297595375102,11.92944731005042],[-1.430477258431926,11.92944731005042],[-1.430477258431926,11.929267646993598],[-1.43065692148875,11.929267646993598],[-1.43065692148875,11.92890832087995],[-1.4308365845455737,11.92890832087995],[-1.4308365845455737,11.928728657823125],[-1.4311959106592216,11.928728657823125],[-1.4311959106592216,11.928369331709478],[-1.4315552367728694,11.928369331709478],[-1.4315552367728694,11.928189668652655],[-1.432453552056989,11.928189668652655],[-1.432453552056989,11.92801000559583],[-1.4326332151138128,11.92801000559583],[-1.4326332151138128,11.927471016425358],[-1.432453552056989,11.927471016425358],[-1.432453552056989,11.927291353368535],[-1.432273889000165,11.927291353368535],[-1.432273889000165,11.92711169031171],[-1.4320942259433411,11.92711169031171],[-1.4320942259433411,11.926932027254887],[-1.4319145628865173,11.926932027254887],[-1.4319145628865173,11.926752364198062],[-1.4317348998296933,11.926752364198062],[-1.4317348998296933,11.92657270114124],[-1.4297586062046304,11.92657270114124],[-1.4297586062046304,11.926752364198062],[-1.4293992800909825,11.926752364198062],[-1.4293992800909825,11.928369331709478],[-1.4295789431478065,11.928369331709478],[-1.4295789431478065,11.928548994766302],[-1.4301179323182782,11.928548994766302],[-1.4301179323182782,11.929267646993598],[-1.4299382692614544,11.929267646993598],[-1.4299382692614544,11.92944731005042],[-1.4297586062046304,11.92944731005042],[-1.4297586062046304,11.930165962277718],[-1.4301179323182782,11.930165962277718]]]},"id":"-7959+66402","properties":{"count":195,"eau":1}},{"type":"Feature","geometry":{"geodesic":false,"type":"Polygon","coordinates":[[[-1.4299382692614544,11.93034562533454],[-1.4297586062046304,11.93034562533454],[-1.4297586062046304,11.930525288391365],[-1.4299382692614544,11.930525288391365],[-1.4299382692614544,11.93034562533454]]]},"id":"-7959+66404","properties":{"count":1,"eau":1}},{"type":"Feature","geometry":{"geodesic":false,"type":"Polygon","coordinates":[[[-1.447545248830197,12.286976793129991],[-1.447545248830197,12.286617467016343],[-1.447365585773373,12.286617467016343],[-1.447365585773373,12.286437803959519],[-1.4471859227165491,12.286437803959519],[-1.4471859227165491,12.286797130073166],[-1.4470062596597253,12.286797130073166],[-1.4470062596597253,12.286617467016343],[-1.4466469335460774,12.286617467016343],[-1.4466469335460774,12.286437803959519],[-1.4459282813187817,12.286437803959519],[-1.4459282813187817,12.286258140902696],[-1.445568955205134,12.286258140902696],[-1.445568955205134,12.286437803959519],[-1.44538929214831,12.286437803959519],[-1.44538929214831,12.286617467016343],[-1.445568955205134,12.286617467016343],[-1.445568955205134,12.286797130073166],[-1.4462876074324296,12.286797130073166],[-1.4462876074324296,12.286976793129991],[-1.447545248830197,12.286976793129991]]]},"id":"-8051+68388","properties":{"count":27,"eau":1}},{"type":"Feature","geometry":{"geodesic":false,"type":"Polygon","coordinates":[[[-1.4470062596597253,12.286258140902696],[-1.4470062596597253,12.28464117339128],[-1.4468265966029012,12.28464117339128],[-1.4468265966029012,12.284820836448104],[-1.4466469335460774,12.284820836448104],[-1.4466469335460774,12.286078477845871],[-1.4464672704892534,12.286078477845871],[-1.4464672704892534,12.286258140902696],[-1.4470062596597253,12.286258140902696]]]},"id":"-8052+68384","properties":{"count":18,"eau":1}},{"type":"Feature","geometry":{"geodesic":false,"type":"Polygon","coordinates":[[[-1.4498808685689077,12.344648634370465],[-1.4498808685689077,12.344289308256817],[-1.4500605316257316,12.344289308256817],[-1.4500605316257316,12.34446897131364],[-1.4504198577393794,12.34446897131364],[-1.4504198577393794,12.344289308256817],[-1.4505995207962032,12.344289308256817],[-1.4505995207962032,12.343929982143168],[-1.4507791838530273,12.343929982143168],[-1.4507791838530273,12.343750319086345],[-1.451318173023499,12.343750319086345],[-1.451318173023499,12.34357065602952],[-1.4518571621939707,12.34357065602952],[-1.4518571621939707,12.343211329915873],[-1.4522164883076185,12.343211329915873],[-1.4522164883076185,12.342492677688577],[-1.4523961513644423,12.342492677688577],[-1.4523961513644423,12.342313014631754],[-1.4522164883076185,12.342313014631754],[-1.4522164883076185,12.341953688518105],[-1.451318173023499,12.341953688518105],[-1.451318173023499,12.34213335157493],[-1.451138509966675,12.34213335157493],[-1.451138509966675,12.341774025461282],[-1.450958846909851,12.341774025461282],[-1.450958846909851,12.341594362404457],[-1.4507791838530273,12.341594362404457],[-1.4507791838530273,12.341414699347634],[-1.451138509966675,12.341414699347634],[-1.451138509966675,12.341055373233987],[-1.450958846909851,12.341055373233987],[-1.450958846909851,12.340875710177162],[-1.451138509966675,12.340875710177162],[-1.451138509966675,12.340696047120339],[-1.4507791838530273,12.340696047120339],[-1.4507791838530273,12.340516384063514],[-1.4505995207962032,12.340516384063514],[-1.4505995207962032,12.339079079608924],[-1.4504198577393794,12.339079079608924],[-1.4504198577393794,12.338899416552099],[-1.4498808685689077,12.338899416552099],[-1.4498808685689077,12.338719753495276],[-1.449162216341612,12.338719753495276],[-1.449162216341612,12.338540090438451],[-1.4489825532847882,12.338540090438451],[-1.4489825532847882,12.338180764324804],[-1.4488028902279642,12.338180764324804],[-1.4488028902279642,12.338001101267979],[-1.4484435641143165,12.338001101267979],[-1.4484435641143165,12.337821438211156],[-1.4482639010574925,12.337821438211156],[-1.4482639010574925,12.338180764324804],[-1.4477249118870208,12.338180764324804],[-1.4477249118870208,12.338360427381627],[-1.447545248830197,12.338360427381627],[-1.447545248830197,12.338540090438451],[-1.447365585773373,12.338540090438451],[-1.447365585773373,12.338899416552099],[-1.4471859227165491,12.338899416552099],[-1.4471859227165491,12.339258742665747],[-1.4470062596597253,12.339258742665747],[-1.4470062596597253,12.341414699347634],[-1.4471859227165491,12.341414699347634],[-1.4471859227165491,12.341774025461282],[-1.4470062596597253,12.341774025461282],[-1.4470062596597253,12.341953688518105],[-1.4471859227165491,12.341953688518105],[-1.4471859227165491,12.342313014631754],[-1.4470062596597253,12.342313014631754],[-1.4470062596597253,12.342672340745402],[-1.4471859227165491,12.342672340745402],[-1.4471859227165491,12.34303166685905],[-1.4470062596597253,12.34303166685905],[-1.4470062596597253,12.343211329915873],[-1.4468265966029012,12.343211329915873],[-1.4468265966029012,12.343390992972697],[-1.4466469335460774,12.343390992972697],[-1.4466469335460774,12.343929982143168],[-1.4470062596597253,12.343929982143168],[-1.4470062596597253,12.343750319086345],[-1.4471859227165491,12.343750319086345],[-1.4471859227165491,12.34357065602952],[-1.447365585773373,12.34357065602952],[-1.447365585773373,12.344109645199993],[-1.447545248830197,12.344109645199993],[-1.447545248830197,12.343750319086345],[-1.4477249118870208,12.343750319086345],[-1.4477249118870208,12.34357065602952],[-1.4479045749438448,12.34357065602952],[-1.4479045749438448,12.343390992972697],[-1.4480842380006687,12.343390992972697],[-1.4480842380006687,12.343211329915873],[-1.4482639010574925,12.343211329915873],[-1.4482639010574925,12.342672340745402],[-1.4488028902279642,12.342672340745402],[-1.4488028902279642,12.342852003802225],[-1.4489825532847882,12.342852003802225],[-1.4489825532847882,12.34357065602952],[-1.449162216341612,12.34357065602952],[-1.449162216341612,12.343929982143168],[-1.449341879398436,12.343929982143168],[-1.449341879398436,12.344289308256817],[-1.4495215424552599,12.344289308256817],[-1.4495215424552599,12.344648634370465],[-1.4498808685689077,12.344648634370465]],[[-1.4500605316257316,12.340516384063514],[-1.4502401946825554,12.340516384063514],[-1.4502401946825554,12.34033672100669],[-1.4500605316257316,12.34033672100669],[-1.4500605316257316,12.340516384063514]],[[-1.4504198577393794,12.341414699347634],[-1.4507791838530273,12.341414699347634],[-1.4507791838530273,12.34123503629081],[-1.4504198577393794,12.34123503629081],[-1.4504198577393794,12.341414699347634]]]},"id":"-8069+68709","properties":{"count":677,"eau":1}},{"type":"Feature","geometry":{"geodesic":false,"type":"Polygon","coordinates":[[[-1.451138509966675,12.340157057949867],[-1.450958846909851,12.340157057949867],[-1.450958846909851,12.34033672100669],[-1.451138509966675,12.34033672100669],[-1.451138509966675,12.340157057949867]]]},"id":"-8077+68685","properties":{"count":1,"eau":1}},{"type":"Feature","geometry":{"geodesic":false,"type":"Polygon","coordinates":[[[-1.4552707602736248,12.361536961711911],[-1.4552707602736248,12.361357298655088],[-1.4554504233304486,12.361357298655088],[-1.4554504233304486,12.361177635598263],[-1.4552707602736248,12.361177635598263],[-1.4552707602736248,12.360818309484616],[-1.455091097216801,12.360818309484616],[-1.455091097216801,12.360997972541439],[-1.454911434159977,12.360997972541439],[-1.454911434159977,12.361357298655088],[-1.455091097216801,12.361357298655088],[-1.455091097216801,12.361536961711911],[-1.4552707602736248,12.361536961711911]]]},"id":"-8100+68803","properties":{"count":7,"eau":1}},{"type":"Feature","geometry":{"geodesic":false,"type":"Polygon","coordinates":[[[-1.4579657061259834,12.4944876237616],[-1.4579657061259834,12.494307960704777],[-1.4583250322396313,12.494307960704777],[-1.4583250322396313,12.49358930847748],[-1.458504695296455,12.49358930847748],[-1.458504695296455,12.493409645420657],[-1.458684358353279,12.493409645420657],[-1.458684358353279,12.493229982363832],[-1.4594030105805746,12.493229982363832],[-1.4594030105805746,12.492870656250185],[-1.4595826736373985,12.492870656250185],[-1.4595826736373985,12.492690993193362],[-1.4599419997510463,12.492690993193362],[-1.4599419997510463,12.492511330136537],[-1.460480988921518,12.492511330136537],[-1.460480988921518,12.492331667079714],[-1.4608403150351659,12.492331667079714],[-1.4608403150351659,12.492511330136537],[-1.4615589672624614,12.492511330136537],[-1.4615589672624614,12.492690993193362],[-1.4617386303192854,12.492690993193362],[-1.4617386303192854,12.492511330136537],[-1.462277619489757,12.492511330136537],[-1.462277619489757,12.491972340966067],[-1.462097956432933,12.491972340966067],[-1.462097956432933,12.491792677909242],[-1.4619182933761092,12.491792677909242],[-1.4619182933761092,12.491613014852417],[-1.462636945603405,12.491613014852417],[-1.462636945603405,12.491792677909242],[-1.4628166086602288,12.491792677909242],[-1.4628166086602288,12.491613014852417],[-1.4633555978307005,12.491613014852417],[-1.4633555978307005,12.491433351795594],[-1.4638945870011721,12.491433351795594],[-1.4638945870011721,12.49125368873877],[-1.4651522283989395,12.49125368873877],[-1.4651522283989395,12.491074025681947],[-1.465870880626235,12.491074025681947],[-1.465870880626235,12.490894362625122],[-1.466230206739883,12.490894362625122],[-1.466230206739883,12.490714699568299],[-1.4669488589671786,12.490714699568299],[-1.4669488589671786,12.490535036511474],[-1.4671285220240025,12.490535036511474],[-1.4671285220240025,12.490714699568299],[-1.4673081850808265,12.490714699568299],[-1.4673081850808265,12.490894362625122],[-1.4674878481376503,12.490894362625122],[-1.4674878481376503,12.491074025681947],[-1.4676675111944741,12.491074025681947],[-1.4676675111944741,12.49125368873877],[-1.468026837308122,12.49125368873877],[-1.468026837308122,12.490894362625122],[-1.4682065003649458,12.490894362625122],[-1.4682065003649458,12.490535036511474],[-1.4685658264785937,12.490535036511474],[-1.4685658264785937,12.490175710397827],[-1.4687454895354177,12.490175710397827],[-1.4687454895354177,12.489996047341004],[-1.4689251525922415,12.489996047341004],[-1.4689251525922415,12.489816384284179],[-1.4691048156490654,12.489816384284179],[-1.4691048156490654,12.489636721227354],[-1.4692844787058894,12.489636721227354],[-1.4692844787058894,12.489457058170531],[-1.4694641417627132,12.489457058170531],[-1.4694641417627132,12.489277395113707],[-1.469643804819537,12.489277395113707],[-1.469643804819537,12.488918069000059],[-1.469823467876361,12.488918069000059],[-1.469823467876361,12.488738405943236],[-1.470003130933185,12.488738405943236],[-1.470003130933185,12.488558742886411],[-1.470182793990009,12.488558742886411],[-1.470182793990009,12.488379079829588],[-1.4703624570468328,12.488379079829588],[-1.4703624570468328,12.488199416772764],[-1.4705421201036566,12.488199416772764],[-1.4705421201036566,12.487840090659116],[-1.4707217831604806,12.487840090659116],[-1.4707217831604806,12.487660427602291],[-1.4709014462173045,12.487660427602291],[-1.4709014462173045,12.487480764545468],[-1.4710811092741283,12.487480764545468],[-1.4710811092741283,12.487301101488644],[-1.4712607723309523,12.487301101488644],[-1.4712607723309523,12.48712143843182],[-1.4714404353877761,12.48712143843182],[-1.4714404353877761,12.486941775374996],[-1.4709014462173045,12.486941775374996],[-1.4709014462173045,12.486582449261348],[-1.4707217831604806,12.486582449261348],[-1.4707217831604806,12.486762112318173],[-1.4705421201036566,12.486762112318173],[-1.4705421201036566,12.486941775374996],[-1.4703624570468328,12.486941775374996],[-1.4703624570468328,12.486762112318173],[-1.470182793990009,12.486762112318173],[-1.470182793990009,12.486941775374996],[-1.470003130933185,12.486941775374996],[-1.470003130933185,12.48712143843182],[-1.469643804819537,12.48712143843182],[-1.469643804819537,12.487301101488644],[-1.4694641417627132,12.487301101488644],[-1.4694641417627132,12.487480764545468],[-1.4692844787058894,12.487480764545468],[-1.4692844787058894,12.487660427602291],[-1.4691048156490654,12.487660427602291],[-1.4691048156490654,12.487840090659116],[-1.4687454895354177,12.487840090659116],[-1.4687454895354177,12.488019753715939],[-1.4685658264785937,12.488019753715939],[-1.4685658264785937,12.488199416772764],[-1.4673081850808265,12.488199416772764],[-1.4673081850808265,12.488379079829588],[-1.466409869796707,12.488379079829588],[-1.466409869796707,12.488558742886411],[-1.465870880626235,12.488558742886411],[-1.465870880626235,12.488738405943236],[-1.4655115545125874,12.488738405943236],[-1.4655115545125874,12.488918069000059],[-1.4647929022852917,12.488918069000059],[-1.4647929022852917,12.488738405943236],[-1.4646132392284679,12.488738405943236],[-1.4646132392284679,12.488558742886411],[-1.4644335761716438,12.488558742886411],[-1.4644335761716438,12.488199416772764],[-1.4638945870011721,12.488199416772764],[-1.4638945870011721,12.488019753715939],[-1.4633555978307005,12.488019753715939],[-1.4633555978307005,12.487840090659116],[-1.4629962717170526,12.487840090659116],[-1.4629962717170526,12.488379079829588],[-1.4628166086602288,12.488379079829588],[-1.4628166086602288,12.489097732056884],[-1.462636945603405,12.489097732056884],[-1.462636945603405,12.489277395113707],[-1.462277619489757,12.489277395113707],[-1.462277619489757,12.489457058170531],[-1.462097956432933,12.489457058170531],[-1.462097956432933,12.489277395113707],[-1.4611996411488137,12.489277395113707],[-1.4611996411488137,12.489457058170531],[-1.4608403150351659,12.489457058170531],[-1.4608403150351659,12.489636721227354],[-1.460480988921518,12.489636721227354],[-1.460480988921518,12.489457058170531],[-1.4603013258646942,12.489457058170531],[-1.4603013258646942,12.489636721227354],[-1.4590436844669268,12.489636721227354],[-1.4590436844669268,12.489457058170531],[-1.458864021410103,12.489457058170531],[-1.458864021410103,12.489277395113707],[-1.458684358353279,12.489277395113707],[-1.458684358353279,12.489636721227354],[-1.458504695296455,12.489636721227354],[-1.458504695296455,12.489996047341004],[-1.4576063800123356,12.489996047341004],[-1.4576063800123356,12.490175710397827],[-1.4574267169555117,12.490175710397827],[-1.4574267169555117,12.490535036511474],[-1.4565284016713922,12.490535036511474],[-1.4565284016713922,12.490714699568299],[-1.4563487386145682,12.490714699568299],[-1.4563487386145682,12.490894362625122],[-1.4556300863872726,12.490894362625122],[-1.4556300863872726,12.491074025681947],[-1.4552707602736248,12.491074025681947],[-1.4552707602736248,12.49215200402289],[-1.4554504233304486,12.49215200402289],[-1.4554504233304486,12.492870656250185],[-1.4556300863872726,12.492870656250185],[-1.4556300863872726,12.493229982363832],[-1.4559894125009205,12.493229982363832],[-1.4559894125009205,12.493409645420657],[-1.4561690755577443,12.493409645420657],[-1.4561690755577443,12.49358930847748],[-1.4565284016713922,12.49358930847748],[-1.4565284016713922,12.493768971534305],[-1.456708064728216,12.493768971534305],[-1.456708064728216,12.49394863459113],[-1.4568877277850398,12.49394863459113],[-1.4568877277850398,12.494128297647952],[-1.4572470538986877,12.494128297647952],[-1.4572470538986877,12.494307960704777],[-1.4577860430691594,12.494307960704777],[-1.4577860430691594,12.4944876237616],[-1.4579657061259834,12.4944876237616]],[[-1.4617386303192854,12.491613014852417],[-1.4619182933761092,12.491613014852417],[-1.4619182933761092,12.491433351795594],[-1.4617386303192854,12.491433351795594],[-1.4617386303192854,12.491613014852417]]]},"id":"-8115+69543","properties":{"count":1350,"eau":1}},{"type":"Feature","geometry":{"geodesic":false,"type":"Polygon","coordinates":[[[-1.4597623366942225,12.347523243279646],[-1.4594030105805746,12.347523243279646],[-1.4594030105805746,12.34770290633647],[-1.4597623366942225,12.34770290633647],[-1.4597623366942225,12.347523243279646]]]},"id":"-8124+68726","properties":{"count":2,"eau":1}},{"type":"Feature","geometry":{"geodesic":false,"type":"Polygon","coordinates":[[[-1.460480988921518,12.348062232450118],[-1.460480988921518,12.34770290633647],[-1.4599419997510463,12.34770290633647],[-1.4599419997510463,12.347882569393294],[-1.4603013258646942,12.347882569393294],[-1.4603013258646942,12.348062232450118],[-1.460480988921518,12.348062232450118]]]},"id":"-8129+68728","properties":{"count":4,"eau":1}},{"type":"Feature","geometry":{"geodesic":false,"type":"Polygon","coordinates":[[[-1.4682065003649458,12.565274868150219],[-1.468026837308122,12.565274868150219],[-1.468026837308122,12.565454531207042],[-1.4682065003649458,12.565454531207042],[-1.4682065003649458,12.565274868150219]]]},"id":"-8172+69938","properties":{"count":1,"eau":1}},{"type":"Feature","geometry":{"geodesic":false,"type":"Polygon","coordinates":[[[-1.4685658264785937,12.565095205093394],[-1.4685658264785937,12.564915542036571],[-1.4687454895354177,12.564915542036571],[-1.4687454895354177,12.564735878979747],[-1.4683861634217699,12.564735878979747],[-1.4683861634217699,12.565095205093394],[-1.4685658264785937,12.565095205093394]]]},"id":"-8174+69936","properties":{"count":3,"eau":1}},{"type":"Feature","geometry":{"geodesic":false,"type":"Polygon","coordinates":[[[-1.4714404353877761,12.486582449261348],[-1.4714404353877761,12.486402786204525],[-1.471799761501424,12.486402786204525],[-1.471799761501424,12.4862231231477],[-1.4719794245582478,12.4862231231477],[-1.4719794245582478,12.486043460090876],[-1.4723387506718957,12.486043460090876],[-1.4723387506718957,12.485863797034053],[-1.4716200984446002,12.485863797034053],[-1.4716200984446002,12.486043460090876],[-1.4714404353877761,12.486043460090876],[-1.4714404353877761,12.4862231231477],[-1.4712607723309523,12.4862231231477],[-1.4712607723309523,12.486402786204525],[-1.4710811092741283,12.486402786204525],[-1.4710811092741283,12.486582449261348],[-1.4714404353877761,12.486582449261348]]]},"id":"-8189+69499","properties":{"count":12,"eau":1}},{"type":"Feature","geometry":{"geodesic":false,"type":"Polygon","coordinates":[[[-1.4712607723309523,12.565095205093394],[-1.4710811092741283,12.565095205093394],[-1.4710811092741283,12.565274868150219],[-1.4712607723309523,12.565274868150219],[-1.4712607723309523,12.565095205093394]]]},"id":"-8189+69937","properties":{"count":1,"eau":1}},{"type":"Feature","geometry":{"geodesic":false,"type":"MultiPolygon","coordinates":[[[[-1.4683861634217699,12.563837563695628],[-1.468026837308122,12.563837563695628],[-1.468026837308122,12.564196889809276],[-1.468206500364946,12.564196889809276],[-1.468206500364946,12.5643765528661],[-1.4683861634217699,12.5643765528661],[-1.4683861634217699,12.563837563695628]]],[[[-1.4245483775567374,12.489816384284179],[-1.4243687144999133,12.489816384284179],[-1.4243687144999133,12.489996047341004],[-1.4245483775567374,12.489996047341004],[-1.4245483775567374,12.489816384284179]]],[[[-1.4121516266358878,12.512633592500816],[-1.411971963579064,12.512633592500816],[-1.411971963579064,12.512813255557639],[-1.4121516266358878,12.512813255557639],[-1.4121516266358878,12.512633592500816]]],[[[-1.3995752126582146,12.510297972762105],[-1.3993955496013906,12.510297972762105],[-1.3993955496013906,12.510477635818928],[-1.3995752126582146,12.510477635818928],[-1.3995752126582146,12.510297972762105]]],[[[-1.411971963579064,12.512633592500816],[-1.411971963579064,12.512453929443991],[-1.4121516266358878,12.512453929443991],[-1.4121516266358878,12.512274266387168],[-1.411971963579064,12.512274266387168],[-1.411971963579064,12.51191494027352],[-1.4117923005222401,12.51191494027352],[-1.4117923005222401,12.511375951103048],[-1.411612637465416,12.511375951103048],[-1.411612637465416,12.511196288046225],[-1.4112533113517682,12.511196288046225],[-1.4112533113517682,12.510836961932576],[-1.4108939852381206,12.510836961932576],[-1.4108939852381206,12.510657298875753],[-1.4107143221812966,12.510657298875753],[-1.4107143221812966,12.51011830970528],[-1.4105346591244727,12.51011830970528],[-1.4105346591244727,12.509758983591633],[-1.410354996067649,12.509758983591633],[-1.410354996067649,12.50957932053481],[-1.4105346591244727,12.50957932053481],[-1.4105346591244727,12.509040331364337],[-1.410354996067649,12.509040331364337],[-1.410354996067649,12.508860668307513],[-1.4105346591244727,12.508860668307513],[-1.4105346591244727,12.507962353023395],[-1.4107143221812966,12.507962353023395],[-1.4107143221812966,12.50778268996657],[-1.4105346591244727,12.50778268996657],[-1.4105346591244727,12.507064037739275],[-1.4107143221812966,12.507064037739275],[-1.4107143221812966,12.50688437468245],[-1.4108939852381206,12.50688437468245],[-1.4108939852381206,12.506704711625627],[-1.4110736482949444,12.506704711625627],[-1.4110736482949444,12.506525048568802],[-1.4112533113517682,12.506525048568802],[-1.4112533113517682,12.50634538551198],[-1.4114329744085923,12.50634538551198],[-1.4114329744085923,12.505626733284684],[-1.411612637465416,12.505626733284684],[-1.411612637465416,12.504908081057387],[-1.4117923005222401,12.504908081057387],[-1.4117923005222401,12.50454875494374],[-1.411971963579064,12.50454875494374],[-1.411971963579064,12.504369091886916],[-1.4117923005222401,12.504369091886916],[-1.4117923005222401,12.504189428830092],[-1.411971963579064,12.504189428830092],[-1.411971963579064,12.503650439659621],[-1.4117923005222401,12.503650439659621],[-1.4117923005222401,12.502752124375501],[-1.411971963579064,12.502752124375501],[-1.411971963579064,12.502572461318676],[-1.4121516266358878,12.502572461318676],[-1.4121516266358878,12.501853809091381],[-1.4125109527495356,12.501853809091381],[-1.4125109527495356,12.501314819920909],[-1.4126906158063597,12.501314819920909],[-1.4126906158063597,12.501135156864086],[-1.4128702788631835,12.501135156864086],[-1.4128702788631835,12.500775830750438],[-1.4126906158063597,12.500775830750438],[-1.4126906158063597,12.50041650463679],[-1.4125109527495356,12.50041650463679],[-1.4125109527495356,12.500236841579966],[-1.4126906158063597,12.500236841579966],[-1.4126906158063597,12.499697852409495],[-1.4128702788631835,12.499697852409495],[-1.4128702788631835,12.49861987406855],[-1.4126906158063597,12.49861987406855],[-1.4126906158063597,12.49808088489808],[-1.4125109527495356,12.49808088489808],[-1.4125109527495356,12.496823243500312],[-1.4128702788631835,12.496823243500312],[-1.4128702788631835,12.496643580443488],[-1.4130499419200073,12.496643580443488],[-1.4130499419200073,12.496463917386665],[-1.413588931090479,12.496463917386665],[-1.413588931090479,12.49628425432984],[-1.4146669094314226,12.49628425432984],[-1.4146669094314226,12.496104591273017],[-1.4150262355450702,12.496104591273017],[-1.4150262355450702,12.495924928216192],[-1.415385561658718,12.495924928216192],[-1.415385561658718,12.495565602102545],[-1.4155652247155421,12.495565602102545],[-1.4155652247155421,12.495206275988897],[-1.415744887772366,12.495206275988897],[-1.415744887772366,12.494667286818425],[-1.4159245508291898,12.494667286818425],[-1.4159245508291898,12.494128297647954],[-1.4161042138860138,12.494128297647954],[-1.4161042138860138,12.49394863459113],[-1.4162838769428376,12.49394863459113],[-1.4162838769428376,12.493589308477482],[-1.4166432030564855,12.493589308477482],[-1.4166432030564855,12.493409645420657],[-1.4168228661133093,12.493409645420657],[-1.4168228661133093,12.493229982363834],[-1.4171821922269572,12.493229982363834],[-1.4171821922269572,12.49305031930701],[-1.417541518340605,12.49305031930701],[-1.417541518340605,12.492870656250187],[-1.4177211813974289,12.492870656250187],[-1.4177211813974289,12.492331667079714],[-1.417900844454253,12.492331667079714],[-1.417900844454253,12.492511330136539],[-1.4180805075110767,12.492511330136539],[-1.4180805075110767,12.492331667079714],[-1.4182601705679005,12.492331667079714],[-1.4182601705679005,12.491792677909242],[-1.4186194966815484,12.491792677909242],[-1.4186194966815484,12.492331667079714],[-1.4187991597383722,12.492331667079714],[-1.4187991597383722,12.492511330136539],[-1.4189788227951963,12.492511330136539],[-1.4189788227951963,12.492690993193362],[-1.4198771380793158,12.492690993193362],[-1.4198771380793158,12.492511330136539],[-1.4204161272497875,12.492511330136539],[-1.4204161272497875,12.492331667079714],[-1.421134779477083,12.492331667079714],[-1.421134779477083,12.492152004022891],[-1.421314442533907,12.492152004022891],[-1.421314442533907,12.491972340966067],[-1.4218534317043787,12.491972340966067],[-1.4218534317043787,12.491613014852419],[-1.4220330947612025,12.491613014852419],[-1.4220330947612025,12.491433351795594],[-1.4225720839316742,12.491433351795594],[-1.4225720839316742,12.491253688738771],[-1.4227517469884983,12.491253688738771],[-1.4227517469884983,12.491074025681947],[-1.4231110731021461,12.491074025681947],[-1.4231110731021461,12.491253688738771],[-1.42329073615897,12.491253688738771],[-1.42329073615897,12.491433351795594],[-1.4234703992157938,12.491433351795594],[-1.4234703992157938,12.491613014852419],[-1.4236500622726178,12.491613014852419],[-1.4236500622726178,12.491792677909242],[-1.4238297253294416,12.491792677909242],[-1.4238297253294416,12.491972340966067],[-1.4241890514430895,12.491972340966067],[-1.4241890514430895,12.492152004022891],[-1.4247280406135612,12.492152004022891],[-1.4247280406135612,12.492331667079714],[-1.424907703670385,12.492331667079714],[-1.424907703670385,12.492511330136539],[-1.4252670297840329,12.492511330136539],[-1.4252670297840329,12.492331667079714],[-1.4254466928408567,12.492331667079714],[-1.4254466928408567,12.491972340966067],[-1.4252670297840329,12.491972340966067],[-1.4252670297840329,12.491613014852419],[-1.4256263558976807,12.491613014852419],[-1.4256263558976807,12.492152004022891],[-1.4258060189545045,12.492152004022891],[-1.4258060189545045,12.491613014852419],[-1.4259856820113286,12.491613014852419],[-1.4259856820113286,12.491792677909242],[-1.4272433234090958,12.491792677909242],[-1.4272433234090958,12.491613014852419],[-1.427063660352272,12.491613014852419],[-1.427063660352272,12.491433351795594],[-1.4268839972954481,12.491433351795594],[-1.4268839972954481,12.491253688738771],[-1.426704334238624,12.491253688738771],[-1.426704334238624,12.491613014852419],[-1.4261653450681524,12.491613014852419],[-1.4261653450681524,12.491253688738771],[-1.4259856820113286,12.491253688738771],[-1.4259856820113286,12.491433351795594],[-1.4258060189545045,12.491433351795594],[-1.4258060189545045,12.491253688738771],[-1.4256263558976807,12.491253688738771],[-1.4256263558976807,12.491074025681947],[-1.425087366727209,12.491074025681947],[-1.425087366727209,12.490894362625124],[-1.4247280406135612,12.490894362625124],[-1.4247280406135612,12.490714699568299],[-1.4243687144999133,12.490714699568299],[-1.4243687144999133,12.490535036511476],[-1.4241890514430895,12.490535036511476],[-1.4241890514430895,12.490355373454651],[-1.4245483775567374,12.490355373454651],[-1.4245483775567374,12.490175710397828],[-1.4243687144999133,12.490175710397828],[-1.4243687144999133,12.489996047341004],[-1.4241890514430895,12.489996047341004],[-1.4241890514430895,12.489636721227356],[-1.4243687144999133,12.489636721227356],[-1.4243687144999133,12.489457058170531],[-1.4240093883862655,12.489457058170531],[-1.4240093883862655,12.489816384284179],[-1.4238297253294416,12.489816384284179],[-1.4238297253294416,12.489636721227356],[-1.4236500622726178,12.489636721227356],[-1.4236500622726178,12.489457058170531],[-1.422931410045322,12.489457058170531],[-1.422931410045322,12.489636721227356],[-1.4223924208748504,12.489636721227356],[-1.4223924208748504,12.489457058170531],[-1.4222127578180266,12.489457058170531],[-1.4222127578180266,12.48891806900006],[-1.4218534317043787,12.48891806900006],[-1.4218534317043787,12.489097732056884],[-1.4214941055907309,12.489097732056884],[-1.4214941055907309,12.489277395113708],[-1.421314442533907,12.489277395113708],[-1.421314442533907,12.489457058170531],[-1.4207754533634354,12.489457058170531],[-1.4207754533634354,12.489816384284179],[-1.4200568011361396,12.489816384284179],[-1.4200568011361396,12.489996047341004],[-1.4198771380793158,12.489996047341004],[-1.4198771380793158,12.489636721227356],[-1.4196974750224918,12.489636721227356],[-1.4196974750224918,12.489457058170531],[-1.419517811965668,12.489457058170531],[-1.419517811965668,12.489277395113708],[-1.4193381489088441,12.489277395113708],[-1.4193381489088441,12.489097732056884],[-1.41915848585202,12.489097732056884],[-1.41915848585202,12.48891806900006],[-1.4189788227951963,12.48891806900006],[-1.4189788227951963,12.488558742886413],[-1.4187991597383722,12.488558742886413],[-1.4187991597383722,12.488379079829588],[-1.4186194966815484,12.488379079829588],[-1.4186194966815484,12.488199416772764],[-1.4177211813974289,12.488199416772764],[-1.4177211813974289,12.488379079829588],[-1.417541518340605,12.488379079829588],[-1.417541518340605,12.488199416772764],[-1.4171821922269572,12.488199416772764],[-1.4171821922269572,12.488558742886413],[-1.4170025291701334,12.488558742886413],[-1.4170025291701334,12.488738405943236],[-1.4168228661133093,12.488738405943236],[-1.4168228661133093,12.48891806900006],[-1.4166432030564855,12.48891806900006],[-1.4166432030564855,12.489097732056884],[-1.4162838769428376,12.489097732056884],[-1.4162838769428376,12.489277395113708],[-1.4161042138860138,12.489277395113708],[-1.4161042138860138,12.489457058170531],[-1.415744887772366,12.489457058170531],[-1.415744887772366,12.489816384284179],[-1.4155652247155421,12.489816384284179],[-1.4155652247155421,12.489636721227356],[-1.415385561658718,12.489636721227356],[-1.415385561658718,12.489277395113708],[-1.4152058986018943,12.489277395113708],[-1.4152058986018943,12.488738405943236],[-1.415385561658718,12.488738405943236],[-1.415385561658718,12.488199416772764],[-1.4144872463745986,12.488199416772764],[-1.4144872463745986,12.48801975371594],[-1.4139482572041269,12.48801975371594],[-1.4139482572041269,12.488199416772764],[-1.413588931090479,12.488199416772764],[-1.413588931090479,12.488379079829588],[-1.4134092680336552,12.488379079829588],[-1.4134092680336552,12.488199416772764],[-1.4130499419200073,12.488199416772764],[-1.4130499419200073,12.488379079829588],[-1.4132296049768314,12.488379079829588],[-1.4132296049768314,12.488738405943236],[-1.4128702788631835,12.488738405943236],[-1.4128702788631835,12.489097732056884],[-1.4125109527495356,12.489097732056884],[-1.4125109527495356,12.48891806900006],[-1.411612637465416,12.48891806900006],[-1.411612637465416,12.489097732056884],[-1.4114329744085923,12.489097732056884],[-1.4114329744085923,12.489636721227356],[-1.411612637465416,12.489636721227356],[-1.411612637465416,12.490175710397828],[-1.4117923005222401,12.490175710397828],[-1.4117923005222401,12.490355373454651],[-1.411971963579064,12.490355373454651],[-1.411971963579064,12.490714699568299],[-1.4121516266358878,12.490714699568299],[-1.4121516266358878,12.491433351795594],[-1.411971963579064,12.491433351795594],[-1.411971963579064,12.491613014852419],[-1.4114329744085923,12.491613014852419],[-1.4114329744085923,12.491253688738771],[-1.4107143221812966,12.491253688738771],[-1.4107143221812966,12.491074025681947],[-1.4101753330108249,12.491074025681947],[-1.4101753330108249,12.491253688738771],[-1.4096363438403532,12.491253688738771],[-1.4096363438403532,12.491074025681947],[-1.4092770177267053,12.491074025681947],[-1.4092770177267053,12.490894362625124],[-1.4089176916130577,12.490894362625124],[-1.4089176916130577,12.490535036511476],[-1.4085583654994098,12.490535036511476],[-1.4085583654994098,12.490175710397828],[-1.4083787024425858,12.490175710397828],[-1.4083787024425858,12.489996047341004],[-1.407839713272114,12.489996047341004],[-1.407839713272114,12.489636721227356],[-1.4074803871584662,12.489636721227356],[-1.4074803871584662,12.489277395113708],[-1.4073007241016424,12.489277395113708],[-1.4073007241016424,12.489097732056884],[-1.406222745760699,12.489097732056884],[-1.406222745760699,12.48891806900006],[-1.4064024088175229,12.48891806900006],[-1.4064024088175229,12.488738405943236],[-1.406043082703875,12.488738405943236],[-1.406043082703875,12.489277395113708],[-1.4058634196470512,12.489277395113708],[-1.4058634196470512,12.488738405943236],[-1.4056837565902274,12.488738405943236],[-1.4056837565902274,12.48891806900006],[-1.4055040935334033,12.48891806900006],[-1.4055040935334033,12.489097732056884],[-1.4053244304765795,12.489097732056884],[-1.4053244304765795,12.489277395113708],[-1.4051447674197557,12.489277395113708],[-1.4051447674197557,12.489457058170531],[-1.4049651043629316,12.489457058170531],[-1.4049651043629316,12.489816384284179],[-1.4047854413061078,12.489816384284179],[-1.4047854413061078,12.489996047341004],[-1.4046057782492838,12.489996047341004],[-1.4046057782492838,12.490175710397828],[-1.40442611519246,12.490175710397828],[-1.40442611519246,12.490355373454651],[-1.4042464521356361,12.490355373454651],[-1.4042464521356361,12.490714699568299],[-1.404066789078812,12.490714699568299],[-1.404066789078812,12.490894362625124],[-1.4038871260219883,12.490894362625124],[-1.4038871260219883,12.491074025681947],[-1.4037074629651645,12.491074025681947],[-1.4037074629651645,12.491433351795594],[-1.4033481368515166,12.491433351795594],[-1.4033481368515166,12.491613014852419],[-1.4031684737946926,12.491613014852419],[-1.4031684737946926,12.491792677909242],[-1.4029888107378687,12.491792677909242],[-1.4029888107378687,12.492152004022891],[-1.402809147681045,12.492152004022891],[-1.402809147681045,12.492331667079714],[-1.4026294846242209,12.492331667079714],[-1.4026294846242209,12.492511330136539],[-1.402449821567397,12.492511330136539],[-1.402449821567397,12.492690993193362],[-1.402270158510573,12.492690993193362],[-1.402270158510573,12.49305031930701],[-1.4020904954537492,12.49305031930701],[-1.4020904954537492,12.493229982363834],[-1.4019108323969254,12.493229982363834],[-1.4019108323969254,12.493409645420657],[-1.4017311693401013,12.493409645420657],[-1.4017311693401013,12.493768971534305],[-1.4015515062832775,12.493768971534305],[-1.4015515062832775,12.49394863459113],[-1.4013718432264537,12.49394863459113],[-1.4013718432264537,12.494128297647954],[-1.4011921801696297,12.494128297647954],[-1.4011921801696297,12.494487623761602],[-1.4010125171128058,12.494487623761602],[-1.4010125171128058,12.495206275988897],[-1.4011921801696297,12.495206275988897],[-1.4011921801696297,12.495565602102545],[-1.4008328540559818,12.495565602102545],[-1.4008328540559818,12.495745265159368],[-1.400653190999158,12.495745265159368],[-1.400653190999158,12.495924928216192],[-1.4004735279423342,12.495924928216192],[-1.4004735279423342,12.496104591273017],[-1.40029386488551,12.496104591273017],[-1.40029386488551,12.49628425432984],[-1.4001142018286863,12.49628425432984],[-1.4001142018286863,12.496823243500312],[-1.4004735279423342,12.496823243500312],[-1.4004735279423342,12.496643580443488],[-1.400653190999158,12.496643580443488],[-1.400653190999158,12.496823243500312],[-1.4008328540559818,12.496823243500312],[-1.4008328540559818,12.497002906557135],[-1.4010125171128058,12.497002906557135],[-1.4010125171128058,12.496823243500312],[-1.4011921801696297,12.496823243500312],[-1.4011921801696297,12.496643580443488],[-1.4013718432264537,12.496643580443488],[-1.4013718432264537,12.49628425432984],[-1.4015515062832775,12.49628425432984],[-1.4015515062832775,12.495745265159368],[-1.4017311693401013,12.495745265159368],[-1.4017311693401013,12.495924928216192],[-1.4019108323969254,12.495924928216192],[-1.4019108323969254,12.496104591273017],[-1.402270158510573,12.496104591273017],[-1.402270158510573,12.49628425432984],[-1.4020904954537492,12.49628425432984],[-1.4020904954537492,12.496463917386665],[-1.402449821567397,12.496463917386665],[-1.402449821567397,12.496643580443488],[-1.4026294846242209,12.496643580443488],[-1.4026294846242209,12.496823243500312],[-1.402809147681045,12.496823243500312],[-1.402809147681045,12.497002906557135],[-1.4029888107378687,12.497002906557135],[-1.4029888107378687,12.49718256961396],[-1.4031684737946926,12.49718256961396],[-1.4031684737946926,12.497541895727608],[-1.4035277999083404,12.497541895727608],[-1.4035277999083404,12.497721558784432],[-1.4037074629651645,12.497721558784432],[-1.4037074629651645,12.497901221841255],[-1.4038871260219883,12.497901221841255],[-1.4038871260219883,12.49808088489808],[-1.404066789078812,12.49808088489808],[-1.404066789078812,12.498440211011728],[-1.4042464521356361,12.498440211011728],[-1.4042464521356361,12.498260547954903],[-1.40442611519246,12.498260547954903],[-1.40442611519246,12.498440211011728],[-1.4047854413061078,12.498440211011728],[-1.4047854413061078,12.49861987406855],[-1.4049651043629316,12.49861987406855],[-1.4049651043629316,12.498979200182198],[-1.4051447674197557,12.498979200182198],[-1.4051447674197557,12.49951818935267],[-1.4055040935334033,12.49951818935267],[-1.4055040935334033,12.499697852409495],[-1.406043082703875,12.499697852409495],[-1.406043082703875,12.499877515466318],[-1.406222745760699,12.499877515466318],[-1.406222745760699,12.500057178523143],[-1.4064024088175229,12.500057178523143],[-1.4064024088175229,12.50041650463679],[-1.406582071874347,12.50041650463679],[-1.406582071874347,12.500596167693613],[-1.4067617349311707,12.500596167693613],[-1.4067617349311707,12.500775830750438],[-1.4069413979879946,12.500775830750438],[-1.4069413979879946,12.501674146034558],[-1.4067617349311707,12.501674146034558],[-1.4067617349311707,12.503291113545972],[-1.4064024088175229,12.503291113545972],[-1.4064024088175229,12.503470776602796],[-1.4067617349311707,12.503470776602796],[-1.4067617349311707,12.503650439659621],[-1.4064024088175229,12.503650439659621],[-1.4064024088175229,12.504009765773269],[-1.406222745760699,12.504009765773269],[-1.406222745760699,12.504369091886916],[-1.4064024088175229,12.504369091886916],[-1.4064024088175229,12.504908081057387],[-1.406222745760699,12.504908081057387],[-1.406222745760699,12.505087744114212],[-1.406043082703875,12.505087744114212],[-1.406043082703875,12.505267407171035],[-1.4058634196470512,12.505267407171035],[-1.4058634196470512,12.50544707022786],[-1.406043082703875,12.50544707022786],[-1.406043082703875,12.505626733284684],[-1.4058634196470512,12.505626733284684],[-1.4058634196470512,12.505986059398332],[-1.4056837565902274,12.505986059398332],[-1.4056837565902274,12.506525048568802],[-1.4047854413061078,12.506525048568802],[-1.4047854413061078,12.50634538551198],[-1.4046057782492838,12.50634538551198],[-1.4046057782492838,12.505806396341507],[-1.4042464521356361,12.505806396341507],[-1.4042464521356361,12.506704711625627],[-1.404066789078812,12.506704711625627],[-1.404066789078812,12.507064037739275],[-1.4035277999083404,12.507064037739275],[-1.4035277999083404,12.5072437007961],[-1.4033481368515166,12.5072437007961],[-1.4033481368515166,12.507423363852922],[-1.4035277999083404,12.507423363852922],[-1.4035277999083404,12.50778268996657],[-1.4029888107378687,12.50778268996657],[-1.4029888107378687,12.507962353023395],[-1.402809147681045,12.507962353023395],[-1.402809147681045,12.508142016080217],[-1.4026294846242209,12.508142016080217],[-1.4026294846242209,12.508321679137042],[-1.402809147681045,12.508321679137042],[-1.402809147681045,12.509219994421162],[-1.4026294846242209,12.509219994421162],[-1.4026294846242209,12.50957932053481],[-1.402449821567397,12.50957932053481],[-1.402449821567397,12.509758983591633],[-1.402270158510573,12.509758983591633],[-1.402270158510573,12.509938646648457],[-1.4020904954537492,12.509938646648457],[-1.4020904954537492,12.509758983591633],[-1.4017311693401013,12.509758983591633],[-1.4017311693401013,12.50957932053481],[-1.4015515062832775,12.50957932053481],[-1.4015515062832775,12.509758983591633],[-1.4013718432264537,12.509758983591633],[-1.4013718432264537,12.509938646648457],[-1.4011921801696297,12.509938646648457],[-1.4011921801696297,12.51011830970528],[-1.4010125171128058,12.51011830970528],[-1.4010125171128058,12.510297972762105],[-1.400653190999158,12.510297972762105],[-1.400653190999158,12.510477635818928],[-1.4004735279423342,12.510477635818928],[-1.4004735279423342,12.510657298875753],[-1.3999345387718625,12.510657298875753],[-1.3999345387718625,12.510836961932576],[-1.4001142018286863,12.510836961932576],[-1.4001142018286863,12.511196288046225],[-1.40029386488551,12.511196288046225],[-1.40029386488551,12.511375951103048],[-1.3999345387718625,12.511375951103048],[-1.3999345387718625,12.511196288046225],[-1.3997548757150384,12.511196288046225],[-1.3997548757150384,12.511555614159873],[-1.3999345387718625,12.511555614159873],[-1.3999345387718625,12.51191494027352],[-1.3997548757150384,12.51191494027352],[-1.3997548757150384,12.512094603330343],[-1.4001142018286863,12.512094603330343],[-1.4001142018286863,12.511735277216696],[-1.400653190999158,12.511735277216696],[-1.400653190999158,12.511555614159873],[-1.4008328540559818,12.511555614159873],[-1.4008328540559818,12.511735277216696],[-1.4010125171128058,12.511735277216696],[-1.4010125171128058,12.51191494027352],[-1.4015515062832775,12.51191494027352],[-1.4015515062832775,12.512094603330343],[-1.4017311693401013,12.512094603330343],[-1.4017311693401013,12.512274266387168],[-1.4019108323969254,12.512274266387168],[-1.4019108323969254,12.512453929443991],[-1.4020904954537492,12.512453929443991],[-1.4020904954537492,12.512633592500816],[-1.402270158510573,12.512633592500816],[-1.402270158510573,12.512813255557639],[-1.402449821567397,12.512813255557639],[-1.402449821567397,12.512992918614463],[-1.4026294846242209,12.512992918614463],[-1.4026294846242209,12.513172581671288],[-1.4029888107378687,12.513172581671288],[-1.4029888107378687,12.513352244728111],[-1.4031684737946926,12.513352244728111],[-1.4031684737946926,12.513531907784936],[-1.4038871260219883,12.513531907784936],[-1.4038871260219883,12.513711570841759],[-1.4047854413061078,12.513711570841759],[-1.4047854413061078,12.513891233898583],[-1.4049651043629316,12.513891233898583],[-1.4049651043629316,12.514070896955406],[-1.4051447674197557,12.514070896955406],[-1.4051447674197557,12.514609886125879],[-1.4055040935334033,12.514609886125879],[-1.4055040935334033,12.514789549182703],[-1.4056837565902274,12.514789549182703],[-1.4056837565902274,12.515148875296351],[-1.406043082703875,12.515148875296351],[-1.406043082703875,12.515328538353174],[-1.4064024088175229,12.515328538353174],[-1.4064024088175229,12.515508201409999],[-1.4069413979879946,12.515508201409999],[-1.4069413979879946,12.515687864466821],[-1.4073007241016424,12.515687864466821],[-1.4073007241016424,12.515867527523646],[-1.4074803871584662,12.515867527523646],[-1.4074803871584662,12.516586179750941],[-1.4071210610448186,12.516586179750941],[-1.4071210610448186,12.516945505864589],[-1.4069413979879946,12.516945505864589],[-1.4069413979879946,12.518023484205532],[-1.406582071874347,12.518023484205532],[-1.406582071874347,12.51838281031918],[-1.406222745760699,12.51838281031918],[-1.406222745760699,12.519101462546477],[-1.406043082703875,12.519101462546477],[-1.406043082703875,12.5192811256033],[-1.4055040935334033,12.5192811256033],[-1.4055040935334033,12.519460788660124],[-1.4051447674197557,12.519460788660124],[-1.4051447674197557,12.519640451716947],[-1.4046057782492838,12.519640451716947],[-1.4046057782492838,12.519999777830595],[-1.40442611519246,12.519999777830595],[-1.40442611519246,12.52017944088742],[-1.4042464521356361,12.52017944088742],[-1.4042464521356361,12.520359103944243],[-1.4038871260219883,12.520359103944243],[-1.4038871260219883,12.520718430057892],[-1.404066789078812,12.520718430057892],[-1.404066789078812,12.520898093114715],[-1.4038871260219883,12.520898093114715],[-1.4038871260219883,12.52107775617154],[-1.4037074629651645,12.52107775617154],[-1.4037074629651645,12.521257419228363],[-1.4033481368515166,12.521257419228363],[-1.4033481368515166,12.52161674534201],[-1.4035277999083404,12.52161674534201],[-1.4035277999083404,12.521437082285187],[-1.4038871260219883,12.521437082285187],[-1.4038871260219883,12.521257419228363],[-1.404066789078812,12.521257419228363],[-1.404066789078812,12.521437082285187],[-1.4046057782492838,12.521437082285187],[-1.4046057782492838,12.52107775617154],[-1.4047854413061078,12.52107775617154],[-1.4047854413061078,12.521257419228363],[-1.4049651043629316,12.521257419228363],[-1.4049651043629316,12.52107775617154],[-1.406222745760699,12.52107775617154],[-1.406222745760699,12.520898093114715],[-1.4064024088175229,12.520898093114715],[-1.4064024088175229,12.520718430057892],[-1.4067617349311707,12.520718430057892],[-1.4067617349311707,12.520538767001067],[-1.4069413979879946,12.520538767001067],[-1.4069413979879946,12.520359103944243],[-1.4074803871584662,12.520359103944243],[-1.4074803871584662,12.52017944088742],[-1.407839713272114,12.52017944088742],[-1.407839713272114,12.519999777830595],[-1.4080193763289381,12.519999777830595],[-1.4080193763289381,12.519820114773772],[-1.408199039385762,12.519820114773772],[-1.408199039385762,12.519640451716947],[-1.4083787024425858,12.519640451716947],[-1.4083787024425858,12.519460788660124],[-1.4085583654994098,12.519460788660124],[-1.4085583654994098,12.5192811256033],[-1.4087380285562336,12.5192811256033],[-1.4087380285562336,12.519460788660124],[-1.4089176916130577,12.519460788660124],[-1.4089176916130577,12.5192811256033],[-1.4090973546698815,12.5192811256033],[-1.4090973546698815,12.519101462546477],[-1.4094566807835294,12.519101462546477],[-1.4094566807835294,12.518921799489652],[-1.409816006897177,12.518921799489652],[-1.409816006897177,12.518742136432829],[-1.410354996067649,12.518742136432829],[-1.410354996067649,12.518562473376004],[-1.4105346591244727,12.518562473376004],[-1.4105346591244727,12.51838281031918],[-1.4107143221812966,12.51838281031918],[-1.4107143221812966,12.518023484205532],[-1.4108939852381206,12.518023484205532],[-1.4108939852381206,12.517843821148709],[-1.4112533113517682,12.517843821148709],[-1.4112533113517682,12.517664158091884],[-1.4117923005222401,12.517664158091884],[-1.4117923005222401,12.517843821148709],[-1.411971963579064,12.517843821148709],[-1.411971963579064,12.518562473376004],[-1.4121516266358878,12.518562473376004],[-1.4121516266358878,12.51838281031918],[-1.4123312896927118,12.51838281031918],[-1.4123312896927118,12.518562473376004],[-1.4128702788631835,12.518562473376004],[-1.4128702788631835,12.518742136432829],[-1.4132296049768314,12.518742136432829],[-1.4132296049768314,12.518921799489652],[-1.4139482572041269,12.518921799489652],[-1.4139482572041269,12.519101462546477],[-1.4148465724882464,12.519101462546477],[-1.4148465724882464,12.5192811256033],[-1.4166432030564855,12.5192811256033],[-1.4166432030564855,12.519101462546477],[-1.4170025291701334,12.519101462546477],[-1.4170025291701334,12.518921799489652],[-1.417541518340605,12.518921799489652],[-1.417541518340605,12.519101462546477],[-1.4186194966815484,12.519101462546477],[-1.4186194966815484,12.519460788660124],[-1.4198771380793158,12.519460788660124],[-1.4198771380793158,12.5192811256033],[-1.4205957903066113,12.5192811256033],[-1.4205957903066113,12.519101462546477],[-1.4214941055907309,12.519101462546477],[-1.4214941055907309,12.519640451716947],[-1.421314442533907,12.519640451716947],[-1.421314442533907,12.520359103944243],[-1.421134779477083,12.520359103944243],[-1.421134779477083,12.520718430057892],[-1.4209551164202592,12.520718430057892],[-1.4209551164202592,12.52107775617154],[-1.4207754533634354,12.52107775617154],[-1.4207754533634354,12.521437082285187],[-1.4205957903066113,12.521437082285187],[-1.4205957903066113,12.521796408398835],[-1.4204161272497875,12.521796408398835],[-1.4204161272497875,12.522694723682955],[-1.4202364641929635,12.522694723682955],[-1.4202364641929635,12.522874386739778],[-1.4204161272497875,12.522874386739778],[-1.4204161272497875,12.523772702023898],[-1.4205957903066113,12.523772702023898],[-1.4205957903066113,12.52395236508072],[-1.4207754533634354,12.52395236508072],[-1.4207754533634354,12.524491354251193],[-1.4209551164202592,12.524491354251193],[-1.4209551164202592,12.525210006478488],[-1.421134779477083,12.525210006478488],[-1.421134779477083,12.525389669535313],[-1.421314442533907,12.525389669535313],[-1.421314442533907,12.525569332592136],[-1.4214941055907309,12.525569332592136],[-1.4214941055907309,12.527186300103551],[-1.421314442533907,12.527186300103551],[-1.421314442533907,12.528084615387671],[-1.4214941055907309,12.528084615387671],[-1.4214941055907309,12.528803267614967],[-1.4216737686475547,12.528803267614967],[-1.4216737686475547,12.529162593728614],[-1.4218534317043787,12.529162593728614],[-1.4218534317043787,12.529881245955911],[-1.4220330947612025,12.529881245955911],[-1.4220330947612025,12.53167787652415],[-1.4222127578180266,12.53167787652415],[-1.4222127578180266,12.533474507092388],[-1.4223924208748504,12.533474507092388],[-1.4223924208748504,12.534193159319685],[-1.4222127578180266,12.534193159319685],[-1.4222127578180266,12.534732148490155],[-1.4220330947612025,12.534732148490155],[-1.4220330947612025,12.53491181154698],[-1.4218534317043787,12.53491181154698],[-1.4218534317043787,12.535271137660628],[-1.4223924208748504,12.535271137660628],[-1.4223924208748504,12.53545080071745],[-1.4222127578180266,12.53545080071745],[-1.4222127578180266,12.535630463774275],[-1.4225720839316742,12.535630463774275],[-1.4225720839316742,12.536169452944748],[-1.4223924208748504,12.536169452944748],[-1.4223924208748504,12.53634911600157],[-1.4222127578180266,12.53634911600157],[-1.4222127578180266,12.536708442115218],[-1.4220330947612025,12.536708442115218],[-1.4220330947612025,12.537427094342513],[-1.4218534317043787,12.537427094342513],[-1.4218534317043787,12.53814574656981],[-1.4216737686475547,12.53814574656981],[-1.4216737686475547,12.539044061853929],[-1.4218534317043787,12.539044061853929],[-1.4218534317043787,12.539223724910753],[-1.4216737686475547,12.539223724910753],[-1.4216737686475547,12.539583051024401],[-1.4214941055907309,12.539583051024401],[-1.4214941055907309,12.539762714081226],[-1.421314442533907,12.539762714081226],[-1.421314442533907,12.540301703251696],[-1.421134779477083,12.540301703251696],[-1.421134779477083,12.540840692422169],[-1.4209551164202592,12.540840692422169],[-1.4209551164202592,12.541020355478992],[-1.4207754533634354,12.541020355478992],[-1.4207754533634354,12.541379681592641],[-1.4205957903066113,12.541379681592641],[-1.4205957903066113,12.541559344649464],[-1.4209551164202592,12.541559344649464],[-1.4209551164202592,12.541200018535816],[-1.421134779477083,12.541200018535816],[-1.421134779477083,12.541020355478992],[-1.421314442533907,12.541020355478992],[-1.421314442533907,12.540661029365344],[-1.4214941055907309,12.540661029365344],[-1.4214941055907309,12.540301703251696],[-1.4216737686475547,12.540301703251696],[-1.4216737686475547,12.539942377138049],[-1.4220330947612025,12.539942377138049],[-1.4220330947612025,12.539403387967578],[-1.4222127578180266,12.539403387967578],[-1.4222127578180266,12.538864398797106],[-1.4223924208748504,12.538864398797106],[-1.4223924208748504,12.538684735740281],[-1.4225720839316742,12.538684735740281],[-1.4225720839316742,12.537966083512986],[-1.4227517469884983,12.537966083512986],[-1.4227517469884983,12.537606757399338],[-1.422931410045322,12.537606757399338],[-1.422931410045322,12.53724743128569],[-1.4231110731021461,12.53724743128569],[-1.4231110731021461,12.536888105172043],[-1.42329073615897,12.536888105172043],[-1.42329073615897,12.536708442115218],[-1.4234703992157938,12.536708442115218],[-1.4234703992157938,12.53634911600157],[-1.4236500622726178,12.53634911600157],[-1.4236500622726178,12.53545080071745],[-1.4238297253294416,12.53545080071745],[-1.4238297253294416,12.534732148490155],[-1.4240093883862655,12.534732148490155],[-1.4240093883862655,12.534552485433332],[-1.4238297253294416,12.534552485433332],[-1.4238297253294416,12.534193159319685],[-1.4240093883862655,12.534193159319685],[-1.4240093883862655,12.533294844035565],[-1.4241890514430895,12.533294844035565],[-1.4241890514430895,12.532755854865092],[-1.4243687144999133,12.532755854865092],[-1.4243687144999133,12.532396528751445],[-1.4245483775567374,12.532396528751445],[-1.4245483775567374,12.532216865694622],[-1.4247280406135612,12.532216865694622],[-1.4247280406135612,12.532037202637797],[-1.424907703670385,12.532037202637797],[-1.424907703670385,12.53167787652415],[-1.425087366727209,12.53167787652415],[-1.425087366727209,12.531318550410502],[-1.4252670297840329,12.531318550410502],[-1.4252670297840329,12.530420235126382],[-1.4254466928408567,12.530420235126382],[-1.4254466928408567,12.530240572069559],[-1.4252670297840329,12.530240572069559],[-1.4252670297840329,12.530060909012734],[-1.4254466928408567,12.530060909012734],[-1.4254466928408567,12.529881245955911],[-1.4256263558976807,12.529881245955911],[-1.4256263558976807,12.529342256785439],[-1.4259856820113286,12.529342256785439],[-1.4259856820113286,12.529162593728614],[-1.4263450081249762,12.529162593728614],[-1.4263450081249762,12.528982930671791],[-1.4265246711818003,12.528982930671791],[-1.4265246711818003,12.528803267614967],[-1.4274229864659198,12.528803267614967],[-1.4274229864659198,12.528623604558144],[-1.4277823125795674,12.528623604558144],[-1.4277823125795674,12.528264278444496],[-1.4283213017500394,12.528264278444496],[-1.4283213017500394,12.528084615387671],[-1.4285009648068632,12.528084615387671],[-1.4285009648068632,12.527725289274024],[-1.428680627863687,12.527725289274024],[-1.428680627863687,12.527186300103551],[-1.4290399539773349,12.527186300103551],[-1.4290399539773349,12.527006637046728],[-1.4293992800909827,12.527006637046728],[-1.4293992800909827,12.526826973989904],[-1.4295789431478065,12.526826973989904],[-1.4295789431478065,12.52664731093308],[-1.4297586062046306,12.52664731093308],[-1.4297586062046306,12.526467647876256],[-1.4299382692614544,12.526467647876256],[-1.4299382692614544,12.526287984819433],[-1.430836584545574,12.526287984819433],[-1.430836584545574,12.526467647876256],[-1.4311959106592218,12.526467647876256],[-1.4311959106592218,12.526826973989904],[-1.4315552367728694,12.526826973989904],[-1.4315552367728694,12.527186300103551],[-1.4313755737160456,12.527186300103551],[-1.4313755737160456,12.527365963160376],[-1.4317348998296935,12.527365963160376],[-1.4317348998296935,12.527186300103551],[-1.4319145628865173,12.527186300103551],[-1.4319145628865173,12.527006637046728],[-1.4320942259433413,12.527006637046728],[-1.4320942259433413,12.526826973989904],[-1.4322738890001652,12.526826973989904],[-1.4322738890001652,12.52664731093308],[-1.4333518673411085,12.52664731093308],[-1.4333518673411085,12.526826973989904],[-1.4338908565115802,12.526826973989904],[-1.4338908565115802,12.527006637046728],[-1.434250182625228,12.527006637046728],[-1.434250182625228,12.527186300103551],[-1.434429845682052,12.527186300103551],[-1.434429845682052,12.527365963160376],[-1.4347891717956998,12.527365963160376],[-1.4347891717956998,12.527545626217199],[-1.4349688348525238,12.527545626217199],[-1.4349688348525238,12.527725289274024],[-1.4351484979093476,12.527725289274024],[-1.4351484979093476,12.527904952330847],[-1.4356874870798193,12.527904952330847],[-1.4356874870798193,12.528084615387671],[-1.4360468131934672,12.528084615387671],[-1.4360468131934672,12.528264278444496],[-1.436226476250291,12.528264278444496],[-1.436226476250291,12.528443941501319],[-1.436406139307115,12.528443941501319],[-1.436406139307115,12.528623604558144],[-1.4365858023639388,12.528623604558144],[-1.4365858023639388,12.528803267614967],[-1.4369451284775867,12.528803267614967],[-1.4369451284775867,12.528982930671791],[-1.4373044545912346,12.528982930671791],[-1.4373044545912346,12.529342256785439],[-1.4374841176480584,12.529342256785439],[-1.4374841176480584,12.529701582899087],[-1.43802310681853,12.529701582899087],[-1.43802310681853,12.529881245955911],[-1.438202769875354,12.529881245955911],[-1.438202769875354,12.53077956124003],[-1.438382432932178,12.53077956124003],[-1.438382432932178,12.530959224296854],[-1.4385620959890018,12.530959224296854],[-1.4385620959890018,12.531138887353677],[-1.4387417590458258,12.531138887353677],[-1.4387417590458258,12.531498213467325],[-1.4391010851594734,12.531498213467325],[-1.4391010851594734,12.531857539580974],[-1.4392807482162975,12.531857539580974],[-1.4392807482162975,12.532037202637797],[-1.4394604112731213,12.532037202637797],[-1.4394604112731213,12.532216865694622],[-1.4396400743299451,12.532216865694622],[-1.4396400743299451,12.532396528751445],[-1.4398197373867692,12.532396528751445],[-1.4398197373867692,12.532755854865092],[-1.439999400443593,12.532755854865092],[-1.439999400443593,12.533474507092388],[-1.4398197373867692,12.533474507092388],[-1.4398197373867692,12.534372822376508],[-1.439999400443593,12.534372822376508],[-1.439999400443593,12.53545080071745],[-1.4403587265572408,12.53545080071745],[-1.4403587265572408,12.5358101268311],[-1.4405383896140647,12.5358101268311],[-1.4405383896140647,12.535989789887923],[-1.4407180526708887,12.535989789887923],[-1.4407180526708887,12.53634911600157],[-1.4408977157277125,12.53634911600157],[-1.4408977157277125,12.536888105172043],[-1.4410773787845363,12.536888105172043],[-1.4410773787845363,12.537606757399338],[-1.4407180526708887,12.537606757399338],[-1.4407180526708887,12.537786420456163],[-1.4408977157277125,12.537786420456163],[-1.4408977157277125,12.538325409626633],[-1.4412570418413604,12.538325409626633],[-1.4412570418413604,12.53814574656981],[-1.4414367048981842,12.53814574656981],[-1.4414367048981842,12.538325409626633],[-1.4419756940686559,12.538325409626633],[-1.4419756940686559,12.538505072683458],[-1.44215535712548,12.538505072683458],[-1.44215535712548,12.538684735740281],[-1.4423350201823038,12.538684735740281],[-1.4423350201823038,12.538864398797106],[-1.4425146832391278,12.538864398797106],[-1.4425146832391278,12.539044061853929],[-1.4432333354664233,12.539044061853929],[-1.4432333354664233,12.539223724910753],[-1.4434129985232471,12.539223724910753],[-1.4434129985232471,12.539942377138049],[-1.4435926615800712,12.539942377138049],[-1.4435926615800712,12.540122040194873],[-1.443772324636895,12.540122040194873],[-1.443772324636895,12.540301703251696],[-1.4443113138073667,12.540301703251696],[-1.4443113138073667,12.540481366308521],[-1.4446706399210145,12.540481366308521],[-1.4446706399210145,12.540661029365344],[-1.4450299660346624,12.540661029365344],[-1.4450299660346624,12.540481366308521],[-1.4453892921483102,12.540481366308521],[-1.4453892921483102,12.540661029365344],[-1.445568955205134,12.540661029365344],[-1.445568955205134,12.541020355478992],[-1.4457486182619579,12.541020355478992],[-1.4457486182619579,12.541200018535816],[-1.445568955205134,12.541200018535816],[-1.445568955205134,12.541559344649464],[-1.4457486182619579,12.541559344649464],[-1.4457486182619579,12.541739007706289],[-1.445928281318782,12.541739007706289],[-1.445928281318782,12.541918670763112],[-1.4462876074324298,12.541918670763112],[-1.4462876074324298,12.541739007706289],[-1.4471859227165491,12.541739007706289],[-1.4471859227165491,12.541918670763112],[-1.4473655857733732,12.541918670763112],[-1.4473655857733732,12.542098333819936],[-1.447724911887021,12.542098333819936],[-1.447724911887021,12.541918670763112],[-1.4479045749438448,12.541918670763112],[-1.4479045749438448,12.541739007706289],[-1.4480842380006687,12.541739007706289],[-1.4480842380006687,12.541559344649464],[-1.4484435641143165,12.541559344649464],[-1.4484435641143165,12.541918670763112],[-1.4482639010574927,12.541918670763112],[-1.4482639010574927,12.542098333819936],[-1.4486232271711403,12.542098333819936],[-1.4486232271711403,12.54227799687676],[-1.4488028902279644,12.54227799687676],[-1.4488028902279644,12.542457659933584],[-1.4491622163416122,12.542457659933584],[-1.4491622163416122,12.542637322990407],[-1.449341879398436,12.542637322990407],[-1.449341879398436,12.542996649104055],[-1.4495215424552599,12.542996649104055],[-1.4495215424552599,12.54317631216088],[-1.449701205512084,12.54317631216088],[-1.449701205512084,12.543355975217704],[-1.4498808685689077,12.543355975217704],[-1.4498808685689077,12.543535638274527],[-1.4502401946825556,12.543535638274527],[-1.4502401946825556,12.543715301331352],[-1.4504198577393794,12.543715301331352],[-1.4504198577393794,12.543894964388175],[-1.4505995207962035,12.543894964388175],[-1.4505995207962035,12.544074627445],[-1.4507791838530273,12.544074627445],[-1.4507791838530273,12.54461361661547],[-1.450958846909851,12.54461361661547],[-1.450958846909851,12.544972942729117],[-1.4511385099666751,12.544972942729117],[-1.4511385099666751,12.545152605785942],[-1.451497836080323,12.545152605785942],[-1.451497836080323,12.54551193189959],[-1.4516774991371468,12.54551193189959],[-1.4516774991371468,12.546050921070062],[-1.4518571621939707,12.546050921070062],[-1.4518571621939707,12.546230584126885],[-1.4520368252507947,12.546230584126885],[-1.4520368252507947,12.54641024718371],[-1.4522164883076185,12.54641024718371],[-1.4522164883076185,12.546589910240533],[-1.4523961513644423,12.546589910240533],[-1.4523961513644423,12.546949236354182],[-1.4525758144212664,12.546949236354182],[-1.4525758144212664,12.547488225524653],[-1.4527554774780902,12.547488225524653],[-1.4527554774780902,12.5478475516383],[-1.4529351405349142,12.5478475516383],[-1.4529351405349142,12.548206877751948],[-1.453114803591738,12.548206877751948],[-1.453114803591738,12.548386540808773],[-1.4532944666485619,12.548386540808773],[-1.4532944666485619,12.54874586692242],[-1.453474129705386,12.54874586692242],[-1.453474129705386,12.548925529979245],[-1.4536537927622097,12.548925529979245],[-1.4536537927622097,12.549105193036068],[-1.4538334558190336,12.549105193036068],[-1.4538334558190336,12.549464519149716],[-1.4543724449895055,12.549464519149716],[-1.4543724449895055,12.54964418220654],[-1.4545521080463293,12.54964418220654],[-1.4545521080463293,12.549823845263363],[-1.4554504233304488,12.549823845263363],[-1.4554504233304488,12.550003508320188],[-1.4556300863872726,12.550003508320188],[-1.4556300863872726,12.550183171377011],[-1.4558097494440967,12.550183171377011],[-1.4558097494440967,12.550542497490659],[-1.4559894125009205,12.550542497490659],[-1.4559894125009205,12.550722160547483],[-1.4565284016713922,12.550722160547483],[-1.4565284016713922,12.550901823604308],[-1.45688772778504,12.550901823604308],[-1.45688772778504,12.55108148666113],[-1.457247053898688,12.55108148666113],[-1.457247053898688,12.551261149717956],[-1.4574267169555117,12.551261149717956],[-1.4574267169555117,12.55108148666113],[-1.4577860430691596,12.55108148666113],[-1.4577860430691596,12.551261149717956],[-1.4581453691828075,12.551261149717956],[-1.4581453691828075,12.55108148666113],[-1.458504695296455,12.55108148666113],[-1.458504695296455,12.550901823604308],[-1.4597623366942225,12.550901823604308],[-1.4597623366942225,12.55108148666113],[-1.4608403150351659,12.55108148666113],[-1.4608403150351659,12.551261149717956],[-1.4617386303192854,12.551261149717956],[-1.4617386303192854,12.551440812774779],[-1.4620979564329333,12.551440812774779],[-1.4620979564329333,12.551620475831603],[-1.4629962717170528,12.551620475831603],[-1.4629962717170528,12.551800138888426],[-1.4633555978307007,12.551800138888426],[-1.4633555978307007,12.55197980194525],[-1.4637149239443483,12.55197980194525],[-1.4637149239443483,12.552159465002074],[-1.4640742500579962,12.552159465002074],[-1.4640742500579962,12.552339128058899],[-1.464433576171644,12.552339128058899],[-1.464433576171644,12.552518791115721],[-1.4646132392284679,12.552518791115721],[-1.4646132392284679,12.552698454172546],[-1.464792902285292,12.552698454172546],[-1.464792902285292,12.553057780286194],[-1.4651522283989395,12.553057780286194],[-1.4651522283989395,12.553417106399841],[-1.4653318914557636,12.553417106399841],[-1.4653318914557636,12.553596769456666],[-1.4655115545125874,12.553596769456666],[-1.4655115545125874,12.553776432513489],[-1.4658708806262353,12.553776432513489],[-1.4658708806262353,12.553956095570314],[-1.466050543683059,12.553956095570314],[-1.466050543683059,12.554135758627137],[-1.466409869796707,12.554135758627137],[-1.466409869796707,12.554315421683961],[-1.4665895328535308,12.554315421683961],[-1.4665895328535308,12.554674747797609],[-1.4667691959103548,12.554674747797609],[-1.4667691959103548,12.555213736968081],[-1.4669488589671786,12.555213736968081],[-1.4669488589671786,12.555393400024904],[-1.4671285220240027,12.555393400024904],[-1.4671285220240027,12.555752726138552],[-1.4673081850808265,12.555752726138552],[-1.4673081850808265,12.5561120522522],[-1.4674878481376503,12.5561120522522],[-1.4674878481376503,12.556471378365849],[-1.4676675111944744,12.556471378365849],[-1.4676675111944744,12.556830704479497],[-1.4678471742512982,12.556830704479497],[-1.4678471742512982,12.55701036753632],[-1.468026837308122,12.55701036753632],[-1.468026837308122,12.558268008934087],[-1.4678471742512982,12.558268008934087],[-1.4678471742512982,12.558986661161383],[-1.468026837308122,12.558986661161383],[-1.468026837308122,12.560064639502325],[-1.4678471742512982,12.560064639502325],[-1.4678471742512982,12.560423965615975],[-1.4676675111944744,12.560423965615975],[-1.4676675111944744,12.560783291729622],[-1.4678471742512982,12.560783291729622],[-1.4678471742512982,12.560962954786445],[-1.468206500364946,12.560962954786445],[-1.468206500364946,12.561501943956918],[-1.468565826478594,12.561501943956918],[-1.468565826478594,12.561861270070565],[-1.4683861634217699,12.561861270070565],[-1.4683861634217699,12.562220596184213],[-1.468565826478594,12.562220596184213],[-1.468565826478594,12.562400259241038],[-1.4687454895354177,12.562400259241038],[-1.4687454895354177,12.56257992229786],[-1.4689251525922415,12.56257992229786],[-1.4689251525922415,12.562759585354685],[-1.4691048156490656,12.562759585354685],[-1.4691048156490656,12.562939248411508],[-1.4692844787058894,12.562939248411508],[-1.4692844787058894,12.563298574525156],[-1.4689251525922415,12.563298574525156],[-1.4689251525922415,12.563118911468333],[-1.4687454895354177,12.563118911468333],[-1.4687454895354177,12.562759585354685],[-1.468565826478594,12.562759585354685],[-1.468565826478594,12.56257992229786],[-1.4683861634217699,12.56257992229786],[-1.4683861634217699,12.56347823758198],[-1.468206500364946,12.56347823758198],[-1.468206500364946,12.563657900638804],[-1.4683861634217699,12.563657900638804],[-1.4683861634217699,12.563837563695628],[-1.468565826478594,12.563837563695628],[-1.468565826478594,12.563657900638804],[-1.4687454895354177,12.563657900638804],[-1.4687454895354177,12.56347823758198],[-1.4692844787058894,12.56347823758198],[-1.4692844787058894,12.563837563695628],[-1.4694641417627132,12.563837563695628],[-1.4694641417627132,12.5643765528661],[-1.4700031309331851,12.5643765528661],[-1.4700031309331851,12.564556215922924],[-1.4705421201036568,12.564556215922924],[-1.4705421201036568,12.5643765528661],[-1.470182793990009,12.5643765528661],[-1.470182793990009,12.564196889809276],[-1.469823467876361,12.564196889809276],[-1.469823467876361,12.564017226752453],[-1.470182793990009,12.564017226752453],[-1.470182793990009,12.56347823758198],[-1.4700031309331851,12.56347823758198],[-1.4700031309331851,12.563298574525156],[-1.469823467876361,12.563298574525156],[-1.469823467876361,12.563118911468333],[-1.4703624570468328,12.563118911468333],[-1.4703624570468328,12.563298574525156],[-1.4705421201036568,12.563298574525156],[-1.4705421201036568,12.56347823758198],[-1.4707217831604806,12.56347823758198],[-1.4707217831604806,12.564017226752453],[-1.4709014462173047,12.564017226752453],[-1.4709014462173047,12.563657900638804],[-1.4710811092741285,12.563657900638804],[-1.4710811092741285,12.563837563695628],[-1.4712607723309523,12.563837563695628],[-1.4712607723309523,12.564017226752453],[-1.4714404353877764,12.564017226752453],[-1.4714404353877764,12.564556215922924],[-1.4716200984446002,12.564556215922924],[-1.4716200984446002,12.564735878979748],[-1.472338750671896,12.564735878979748],[-1.472338750671896,12.564915542036571],[-1.4725184137287197,12.564915542036571],[-1.4725184137287197,12.565095205093396],[-1.4726980767855435,12.565095205093396],[-1.4726980767855435,12.565274868150219],[-1.4732370659560152,12.565274868150219],[-1.4732370659560152,12.565095205093396],[-1.4730574028991914,12.565095205093396],[-1.4730574028991914,12.564915542036571],[-1.4728777398423676,12.564915542036571],[-1.4728777398423676,12.564556215922924],[-1.4726980767855435,12.564556215922924],[-1.4726980767855435,12.5643765528661],[-1.4725184137287197,12.5643765528661],[-1.4725184137287197,12.564017226752453],[-1.472338750671896,12.564017226752453],[-1.472338750671896,12.56347823758198],[-1.471979424558248,12.56347823758198],[-1.471979424558248,12.563298574525156],[-1.471799761501424,12.563298574525156],[-1.471799761501424,12.563118911468333],[-1.4716200984446002,12.563118911468333],[-1.4716200984446002,12.562939248411508],[-1.4712607723309523,12.562939248411508],[-1.4712607723309523,12.563118911468333],[-1.4707217831604806,12.563118911468333],[-1.4707217831604806,12.562939248411508],[-1.4710811092741285,12.562939248411508],[-1.4710811092741285,12.56257992229786],[-1.4705421201036568,12.56257992229786],[-1.4705421201036568,12.562400259241038],[-1.470182793990009,12.562400259241038],[-1.470182793990009,12.562220596184213],[-1.4696438048195373,12.562220596184213],[-1.4696438048195373,12.56168160701374],[-1.4692844787058894,12.56168160701374],[-1.4692844787058894,12.561501943956918],[-1.4691048156490656,12.561501943956918],[-1.4691048156490656,12.561322280900093],[-1.4689251525922415,12.561322280900093],[-1.4689251525922415,12.56114261784327],[-1.4692844787058894,12.56114261784327],[-1.4692844787058894,12.561322280900093],[-1.4694641417627132,12.561322280900093],[-1.4694641417627132,12.560962954786445],[-1.4692844787058894,12.560962954786445],[-1.4692844787058894,12.560783291729622],[-1.4691048156490656,12.560783291729622],[-1.4691048156490656,12.560423965615975],[-1.4689251525922415,12.560423965615975],[-1.4689251525922415,12.56024430255915],[-1.4687454895354177,12.56024430255915],[-1.4687454895354177,12.558268008934087],[-1.468565826478594,12.558268008934087],[-1.468565826478594,12.557729019763615],[-1.4689251525922415,12.557729019763615],[-1.4689251525922415,12.557190030593144],[-1.4687454895354177,12.557190030593144],[-1.4687454895354177,12.55701036753632],[-1.4683861634217699,12.55701036753632],[-1.4683861634217699,12.556471378365849],[-1.468206500364946,12.556471378365849],[-1.468206500364946,12.5561120522522],[-1.4683861634217699,12.5561120522522],[-1.4683861634217699,12.555932389195377],[-1.468206500364946,12.555932389195377],[-1.468206500364946,12.555573063081729],[-1.468026837308122,12.555573063081729],[-1.468026837308122,12.554495084740786],[-1.4678471742512982,12.554495084740786],[-1.4678471742512982,12.554135758627137],[-1.468026837308122,12.554135758627137],[-1.468026837308122,12.553956095570314],[-1.4683861634217699,12.553956095570314],[-1.4683861634217699,12.553776432513489],[-1.468206500364946,12.553776432513489],[-1.468206500364946,12.553417106399841],[-1.468026837308122,12.553417106399841],[-1.468026837308122,12.552698454172546],[-1.4678471742512982,12.552698454172546],[-1.4678471742512982,12.552339128058899],[-1.468026837308122,12.552339128058899],[-1.468026837308122,12.552159465002074],[-1.468565826478594,12.552159465002074],[-1.468565826478594,12.552339128058899],[-1.4687454895354177,12.552339128058899],[-1.4687454895354177,12.552159465002074],[-1.4692844787058894,12.552159465002074],[-1.4692844787058894,12.551800138888426],[-1.4694641417627132,12.551800138888426],[-1.4694641417627132,12.551261149717956],[-1.4696438048195373,12.551261149717956],[-1.4696438048195373,12.55108148666113],[-1.469823467876361,12.55108148666113],[-1.469823467876361,12.550901823604308],[-1.470182793990009,12.550901823604308],[-1.470182793990009,12.550722160547483],[-1.4709014462173047,12.550722160547483],[-1.4709014462173047,12.550542497490659],[-1.4716200984446002,12.550542497490659],[-1.4716200984446002,12.550003508320188],[-1.471799761501424,12.550003508320188],[-1.471799761501424,12.549823845263363],[-1.472338750671896,12.549823845263363],[-1.472338750671896,12.549464519149716],[-1.471799761501424,12.549464519149716],[-1.471799761501424,12.54964418220654],[-1.4716200984446002,12.54964418220654],[-1.4716200984446002,12.549823845263363],[-1.470182793990009,12.549823845263363],[-1.470182793990009,12.54964418220654],[-1.4689251525922415,12.54964418220654],[-1.4689251525922415,12.549464519149716],[-1.468565826478594,12.549464519149716],[-1.468565826478594,12.549823845263363],[-1.468026837308122,12.549823845263363],[-1.468026837308122,12.550003508320188],[-1.4676675111944744,12.550003508320188],[-1.4676675111944744,12.550183171377011],[-1.4671285220240027,12.550183171377011],[-1.4671285220240027,12.549823845263363],[-1.4662302067398831,12.549823845263363],[-1.4662302067398831,12.54964418220654],[-1.466050543683059,12.54964418220654],[-1.466050543683059,12.549823845263363],[-1.4653318914557636,12.549823845263363],[-1.4653318914557636,12.54964418220654],[-1.4651522283989395,12.54964418220654],[-1.4651522283989395,12.549823845263363],[-1.4649725653421157,12.549823845263363],[-1.4649725653421157,12.54964418220654],[-1.4646132392284679,12.54964418220654],[-1.4646132392284679,12.549464519149716],[-1.464433576171644,12.549464519149716],[-1.464433576171644,12.54964418220654],[-1.4633555978307007,12.54964418220654],[-1.4633555978307007,12.549823845263363],[-1.462636945603405,12.549823845263363],[-1.462636945603405,12.54964418220654],[-1.4624572825465811,12.54964418220654],[-1.4624572825465811,12.549464519149716],[-1.4620979564329333,12.549464519149716],[-1.4620979564329333,12.549284856092893],[-1.4617386303192854,12.549284856092893],[-1.4617386303192854,12.549105193036068],[-1.4603013258646942,12.549105193036068],[-1.4603013258646942,12.548925529979245],[-1.4594030105805746,12.548925529979245],[-1.4594030105805746,12.54874586692242],[-1.4592233475237508,12.54874586692242],[-1.4592233475237508,12.548566203865596],[-1.4590436844669268,12.548566203865596],[-1.4590436844669268,12.548386540808773],[-1.458504695296455,12.548386540808773],[-1.458504695296455,12.548566203865596],[-1.4583250322396313,12.548566203865596],[-1.4583250322396313,12.54874586692242],[-1.4581453691828075,12.54874586692242],[-1.4581453691828075,12.549105193036068],[-1.4570673908418639,12.549105193036068],[-1.4570673908418639,12.548925529979245],[-1.45688772778504,12.548925529979245],[-1.45688772778504,12.54874586692242],[-1.4567080647282162,12.54874586692242],[-1.4567080647282162,12.5478475516383],[-1.4565284016713922,12.5478475516383],[-1.4565284016713922,12.547667888581477],[-1.4563487386145684,12.547667888581477],[-1.4563487386145684,12.546949236354182],[-1.4561690755577443,12.546949236354182],[-1.4561690755577443,12.546769573297357],[-1.4559894125009205,12.546769573297357],[-1.4559894125009205,12.546589910240533],[-1.4556300863872726,12.546589910240533],[-1.4556300863872726,12.54641024718371],[-1.4554504233304488,12.54641024718371],[-1.4554504233304488,12.546230584126885],[-1.4552707602736248,12.546230584126885],[-1.4552707602736248,12.545871258013237],[-1.4549114341599771,12.545871258013237],[-1.4549114341599771,12.54551193189959],[-1.4545521080463293,12.54551193189959],[-1.4545521080463293,12.545332268842767],[-1.4543724449895055,12.545332268842767],[-1.4543724449895055,12.544793279672295],[-1.4541927819326814,12.544793279672295],[-1.4541927819326814,12.54461361661547],[-1.4540131188758576,12.54461361661547],[-1.4540131188758576,12.543535638274527],[-1.4538334558190336,12.543535638274527],[-1.4538334558190336,12.54317631216088],[-1.4536537927622097,12.54317631216088],[-1.4536537927622097,12.542816986047232],[-1.453474129705386,12.542816986047232],[-1.453474129705386,12.542098333819936],[-1.4532944666485619,12.542098333819936],[-1.4532944666485619,12.541918670763112],[-1.453114803591738,12.541918670763112],[-1.453114803591738,12.541739007706289],[-1.4532944666485619,12.541739007706289],[-1.4532944666485619,12.541379681592641],[-1.453114803591738,12.541379681592641],[-1.453114803591738,12.541020355478992],[-1.4529351405349142,12.541020355478992],[-1.4529351405349142,12.540840692422169],[-1.4527554774780902,12.540840692422169],[-1.4527554774780902,12.540481366308521],[-1.4525758144212664,12.540481366308521],[-1.4525758144212664,12.540122040194873],[-1.4527554774780902,12.540122040194873],[-1.4527554774780902,12.539942377138049],[-1.4523961513644423,12.539942377138049],[-1.4523961513644423,12.539762714081226],[-1.4522164883076185,12.539762714081226],[-1.4522164883076185,12.539583051024401],[-1.4520368252507947,12.539583051024401],[-1.4520368252507947,12.539223724910753],[-1.4518571621939707,12.539223724910753],[-1.4518571621939707,12.539044061853929],[-1.4516774991371468,12.539044061853929],[-1.4516774991371468,12.538864398797106],[-1.451318173023499,12.538864398797106],[-1.451318173023499,12.538684735740281],[-1.4507791838530273,12.538684735740281],[-1.4507791838530273,12.538505072683458],[-1.4505995207962035,12.538505072683458],[-1.4505995207962035,12.538325409626633],[-1.4504198577393794,12.538325409626633],[-1.4504198577393794,12.53814574656981],[-1.4502401946825556,12.53814574656981],[-1.4502401946825556,12.537966083512986],[-1.4500605316257316,12.537966083512986],[-1.4500605316257316,12.537786420456163],[-1.449341879398436,12.537786420456163],[-1.449341879398436,12.537606757399338],[-1.4491622163416122,12.537606757399338],[-1.4491622163416122,12.537427094342513],[-1.4489825532847882,12.537427094342513],[-1.4489825532847882,12.53724743128569],[-1.4488028902279644,12.53724743128569],[-1.4488028902279644,12.536888105172043],[-1.4486232271711403,12.536888105172043],[-1.4486232271711403,12.53634911600157],[-1.4484435641143165,12.53634911600157],[-1.4484435641143165,12.535630463774275],[-1.4482639010574927,12.535630463774275],[-1.4482639010574927,12.5358101268311],[-1.4480842380006687,12.5358101268311],[-1.4480842380006687,12.535630463774275],[-1.4468265966029015,12.535630463774275],[-1.4468265966029015,12.53545080071745],[-1.4462876074324298,12.53545080071745],[-1.4462876074324298,12.535271137660628],[-1.4461079443756057,12.535271137660628],[-1.4461079443756057,12.535091474603803],[-1.445928281318782,12.535091474603803],[-1.445928281318782,12.534552485433332],[-1.4457486182619579,12.534552485433332],[-1.4457486182619579,12.534193159319685],[-1.445568955205134,12.534193159319685],[-1.445568955205134,12.533833833206037],[-1.4453892921483102,12.533833833206037],[-1.4453892921483102,12.533474507092388],[-1.4452096290914862,12.533474507092388],[-1.4452096290914862,12.53257619180827],[-1.4450299660346624,12.53257619180827],[-1.4450299660346624,12.532037202637797],[-1.4448503029778383,12.532037202637797],[-1.4448503029778383,12.531857539580974],[-1.4446706399210145,12.531857539580974],[-1.4446706399210145,12.531498213467325],[-1.4444909768641907,12.531498213467325],[-1.4444909768641907,12.531318550410502],[-1.4443113138073667,12.531318550410502],[-1.4443113138073667,12.531138887353677],[-1.4441316507505428,12.531138887353677],[-1.4441316507505428,12.530959224296854],[-1.4434129985232471,12.530959224296854],[-1.4434129985232471,12.53077956124003],[-1.4432333354664233,12.53077956124003],[-1.4432333354664233,12.530599898183207],[-1.4430536724095995,12.530599898183207],[-1.4430536724095995,12.530420235126382],[-1.4428740093527754,12.530420235126382],[-1.4428740093527754,12.530240572069559],[-1.4426943462959516,12.530240572069559],[-1.4426943462959516,12.530060909012734],[-1.4425146832391278,12.530060909012734],[-1.4425146832391278,12.529521919842262],[-1.44215535712548,12.529521919842262],[-1.44215535712548,12.529162593728614],[-1.4419756940686559,12.529162593728614],[-1.4419756940686559,12.528803267614967],[-1.441796031011832,12.528803267614967],[-1.441796031011832,12.528443941501319],[-1.4416163679550082,12.528443941501319],[-1.4416163679550082,12.528084615387671],[-1.4414367048981842,12.528084615387671],[-1.4414367048981842,12.527904952330847],[-1.4408977157277125,12.527904952330847],[-1.4408977157277125,12.527725289274024],[-1.4405383896140647,12.527725289274024],[-1.4405383896140647,12.527365963160376],[-1.4403587265572408,12.527365963160376],[-1.4403587265572408,12.527186300103551],[-1.440179063500417,12.527186300103551],[-1.440179063500417,12.527006637046728],[-1.439999400443593,12.527006637046728],[-1.439999400443593,12.526467647876256],[-1.4392807482162975,12.526467647876256],[-1.4392807482162975,12.526287984819433],[-1.4387417590458258,12.526287984819433],[-1.4387417590458258,12.526467647876256],[-1.438382432932178,12.526467647876256],[-1.438382432932178,12.526287984819433],[-1.43802310681853,12.526287984819433],[-1.43802310681853,12.525928658705784],[-1.4378434437617063,12.525928658705784],[-1.4378434437617063,12.525569332592136],[-1.4376637807048822,12.525569332592136],[-1.4376637807048822,12.525389669535313],[-1.4378434437617063,12.525389669535313],[-1.4378434437617063,12.525210006478488],[-1.4376637807048822,12.525210006478488],[-1.4376637807048822,12.525030343421665],[-1.4374841176480584,12.525030343421665],[-1.4374841176480584,12.52485068036484],[-1.4373044545912346,12.52485068036484],[-1.4373044545912346,12.524132028137545],[-1.4371247915344105,12.524132028137545],[-1.4371247915344105,12.52341337591025],[-1.4369451284775867,12.52341337591025],[-1.4369451284775867,12.523233712853425],[-1.4367654654207627,12.523233712853425],[-1.4367654654207627,12.523054049796603],[-1.4365858023639388,12.523054049796603],[-1.4365858023639388,12.522874386739778],[-1.436226476250291,12.522874386739778],[-1.436226476250291,12.522694723682955],[-1.4360468131934672,12.522694723682955],[-1.4360468131934672,12.52251506062613],[-1.4358671501366431,12.52251506062613],[-1.4358671501366431,12.522335397569307],[-1.4355078240229955,12.522335397569307],[-1.4355078240229955,12.522155734512483],[-1.4353281609661714,12.522155734512483],[-1.4353281609661714,12.521976071455658],[-1.4351484979093476,12.521976071455658],[-1.4351484979093476,12.521796408398835],[-1.4349688348525238,12.521796408398835],[-1.4349688348525238,12.52161674534201],[-1.4347891717956998,12.52161674534201],[-1.4347891717956998,12.521437082285187],[-1.434609508738876,12.521437082285187],[-1.434609508738876,12.520898093114715],[-1.434429845682052,12.520898093114715],[-1.434429845682052,12.520718430057892],[-1.4340705195684043,12.520718430057892],[-1.4340705195684043,12.520898093114715],[-1.4337111934547564,12.520898093114715],[-1.4337111934547564,12.52107775617154],[-1.4335315303979326,12.52107775617154],[-1.4335315303979326,12.520538767001067],[-1.4338908565115802,12.520538767001067],[-1.4338908565115802,12.520359103944243],[-1.4335315303979326,12.520359103944243],[-1.4335315303979326,12.52017944088742],[-1.4333518673411085,12.52017944088742],[-1.4333518673411085,12.520538767001067],[-1.4329925412274607,12.520538767001067],[-1.4329925412274607,12.520359103944243],[-1.4328128781706368,12.520359103944243],[-1.4328128781706368,12.52017944088742],[-1.432633215113813,12.52017944088742],[-1.432633215113813,12.519999777830595],[-1.432453552056989,12.519999777830595],[-1.432453552056989,12.519640451716947],[-1.4322738890001652,12.519640451716947],[-1.4322738890001652,12.5192811256033],[-1.4320942259433413,12.5192811256033],[-1.4320942259433413,12.519101462546477],[-1.4319145628865173,12.519101462546477],[-1.4319145628865173,12.518921799489652],[-1.4317348998296935,12.518921799489652],[-1.4317348998296935,12.518742136432829],[-1.4315552367728694,12.518742136432829],[-1.4315552367728694,12.518562473376004],[-1.4310162476023978,12.518562473376004],[-1.4310162476023978,12.51838281031918],[-1.430836584545574,12.51838281031918],[-1.430836584545574,12.518203147262357],[-1.43065692148875,12.518203147262357],[-1.43065692148875,12.518023484205532],[-1.430477258431926,12.518023484205532],[-1.430477258431926,12.517843821148709],[-1.4302975953751023,12.517843821148709],[-1.4302975953751023,12.517484495035061],[-1.4301179323182782,12.517484495035061],[-1.4301179323182782,12.517304831978237],[-1.4299382692614544,12.517304831978237],[-1.4299382692614544,12.517664158091884],[-1.4292196170341587,12.517664158091884],[-1.4292196170341587,12.517843821148709],[-1.4285009648068632,12.517843821148709],[-1.4285009648068632,12.518023484205532],[-1.4281416386932153,12.518023484205532],[-1.4281416386932153,12.517843821148709],[-1.4276026495227436,12.517843821148709],[-1.4276026495227436,12.517664158091884],[-1.4272433234090958,12.517664158091884],[-1.4272433234090958,12.517484495035061],[-1.427063660352272,12.517484495035061],[-1.427063660352272,12.517125168921414],[-1.4268839972954481,12.517125168921414],[-1.4268839972954481,12.516765842807766],[-1.426704334238624,12.516765842807766],[-1.426704334238624,12.516586179750941],[-1.4265246711818003,12.516586179750941],[-1.4265246711818003,12.516406516694117],[-1.4261653450681524,12.516406516694117],[-1.4261653450681524,12.516226853637294],[-1.4254466928408567,12.516226853637294],[-1.4254466928408567,12.516047190580469],[-1.425087366727209,12.516047190580469],[-1.425087366727209,12.515867527523646],[-1.4247280406135612,12.515867527523646],[-1.4247280406135612,12.515687864466821],[-1.4243687144999133,12.515687864466821],[-1.4243687144999133,12.515328538353174],[-1.4240093883862655,12.515328538353174],[-1.4240093883862655,12.515148875296351],[-1.4236500622726178,12.515148875296351],[-1.4236500622726178,12.514969212239526],[-1.42329073615897,12.514969212239526],[-1.42329073615897,12.514789549182703],[-1.4231110731021461,12.514789549182703],[-1.4231110731021461,12.514430223069054],[-1.4227517469884983,12.514430223069054],[-1.4227517469884983,12.514070896955406],[-1.4222127578180266,12.514070896955406],[-1.4222127578180266,12.514250560012231],[-1.4218534317043787,12.514250560012231],[-1.4218534317043787,12.514609886125879],[-1.4214941055907309,12.514609886125879],[-1.4214941055907309,12.514430223069054],[-1.4209551164202592,12.514430223069054],[-1.4209551164202592,12.514609886125879],[-1.4202364641929635,12.514609886125879],[-1.4202364641929635,12.514430223069054],[-1.4200568011361396,12.514430223069054],[-1.4200568011361396,12.514609886125879],[-1.4198771380793158,12.514609886125879],[-1.4198771380793158,12.514430223069054],[-1.4196974750224918,12.514430223069054],[-1.4196974750224918,12.513891233898583],[-1.4177211813974289,12.513891233898583],[-1.4177211813974289,12.513531907784936],[-1.417541518340605,12.513531907784936],[-1.417541518340605,12.513352244728111],[-1.417361855283781,12.513352244728111],[-1.417361855283781,12.513531907784936],[-1.4171821922269572,12.513531907784936],[-1.4171821922269572,12.513711570841759],[-1.4164635399996615,12.513711570841759],[-1.4164635399996615,12.513891233898583],[-1.4162838769428376,12.513891233898583],[-1.4162838769428376,12.514070896955406],[-1.4152058986018943,12.514070896955406],[-1.4152058986018943,12.514250560012231],[-1.4150262355450702,12.514250560012231],[-1.4150262355450702,12.514070896955406],[-1.4144872463745986,12.514070896955406],[-1.4144872463745986,12.513711570841759],[-1.4139482572041269,12.513711570841759],[-1.4139482572041269,12.513891233898583],[-1.4126906158063597,12.513891233898583],[-1.4126906158063597,12.513711570841759],[-1.4123312896927118,12.513711570841759],[-1.4123312896927118,12.513531907784936],[-1.411971963579064,12.513531907784936],[-1.411971963579064,12.513352244728111],[-1.4114329744085923,12.513352244728111],[-1.4114329744085923,12.513172581671288],[-1.4112533113517682,12.513172581671288],[-1.4112533113517682,12.512992918614463],[-1.4110736482949444,12.512992918614463],[-1.4110736482949444,12.512813255557639],[-1.4108939852381206,12.512813255557639],[-1.4108939852381206,12.512453929443991],[-1.4117923005222401,12.512453929443991],[-1.4117923005222401,12.512633592500816],[-1.411971963579064,12.512633592500816]],[[-1.468206500364946,12.560962954786445],[-1.4683861634217699,12.560962954786445],[-1.4683861634217699,12.560603628672798],[-1.468206500364946,12.560603628672798],[-1.468206500364946,12.560962954786445]],[[-1.4241890514430895,12.489996047341004],[-1.4240093883862655,12.489996047341004],[-1.4240093883862655,12.490175710397828],[-1.4241890514430895,12.490175710397828],[-1.4241890514430895,12.489996047341004]],[[-1.4161042138860138,12.489457058170531],[-1.4161042138860138,12.489636721227356],[-1.4162838769428376,12.489636721227356],[-1.4162838769428376,12.489457058170531],[-1.4161042138860138,12.489457058170531]],[[-1.4042464521356361,12.506704711625627],[-1.4042464521356361,12.50688437468245],[-1.40442611519246,12.50688437468245],[-1.40442611519246,12.506704711625627],[-1.4042464521356361,12.506704711625627]],[[-1.4049651043629316,12.519820114773772],[-1.4047854413061078,12.519820114773772],[-1.4047854413061078,12.52017944088742],[-1.4049651043629316,12.52017944088742],[-1.4049651043629316,12.519820114773772]],[[-1.424907703670385,12.491792677909242],[-1.424907703670385,12.491972340966067],[-1.425087366727209,12.491972340966067],[-1.425087366727209,12.491792677909242],[-1.424907703670385,12.491792677909242]],[[-1.4056837565902274,12.519999777830595],[-1.4058634196470512,12.519999777830595],[-1.4058634196470512,12.52017944088742],[-1.406043082703875,12.52017944088742],[-1.406043082703875,12.519820114773772],[-1.4056837565902274,12.519820114773772],[-1.4056837565902274,12.519999777830595]],[[-1.4056837565902274,12.519999777830595],[-1.4055040935334033,12.519999777830595],[-1.4055040935334033,12.519820114773772],[-1.4051447674197557,12.519820114773772],[-1.4051447674197557,12.520359103944243],[-1.4053244304765795,12.520359103944243],[-1.4053244304765795,12.52017944088742],[-1.4056837565902274,12.52017944088742],[-1.4056837565902274,12.519999777830595]],[[-1.4245483775567374,12.491613014852419],[-1.4245483775567374,12.491433351795594],[-1.4243687144999133,12.491433351795594],[-1.4243687144999133,12.491613014852419],[-1.4245483775567374,12.491613014852419]],[[-1.424907703670385,12.491792677909242],[-1.424907703670385,12.491613014852419],[-1.4245483775567374,12.491613014852419],[-1.4245483775567374,12.491792677909242],[-1.424907703670385,12.491792677909242]]],[[[-1.4058634196470512,12.488738405943236],[-1.406043082703875,12.488738405943236],[-1.406043082703875,12.488558742886413],[-1.406222745760699,12.488558742886413],[-1.406222745760699,12.488379079829588],[-1.4058634196470512,12.488379079829588],[-1.4058634196470512,12.488738405943236]]],[[[-1.3999345387718625,12.510477635818928],[-1.3995752126582146,12.510477635818928],[-1.3995752126582146,12.510657298875753],[-1.3999345387718625,12.510657298875753],[-1.3999345387718625,12.510477635818928]]]]},"id":"-8198+69937","properties":{"count":21376,"eau":1}},{"type":"Feature","geometry":{"geodesic":false,"type":"Polygon","coordinates":[[[-1.4743150442969586,12.566532509547987],[-1.4743150442969586,12.566352846491162],[-1.4744947073537826,12.566352846491162],[-1.4744947073537826,12.565993520377514],[-1.4743150442969586,12.565993520377514],[-1.4743150442969586,12.565813857320691],[-1.473776055126487,12.565813857320691],[-1.473776055126487,12.565454531207042],[-1.473596392069663,12.565454531207042],[-1.473596392069663,12.566532509547987],[-1.4743150442969586,12.566532509547987]]]},"id":"-8203+69944","properties":{"count":20,"eau":1}},{"type":"Feature","geometry":{"geodesic":false,"type":"Polygon","coordinates":[[[-1.473955718183311,12.548566203865596],[-1.473776055126487,12.548566203865596],[-1.473776055126487,12.54874586692242],[-1.473955718183311,12.54874586692242],[-1.473955718183311,12.548566203865596]]]},"id":"-8204+69845","properties":{"count":1,"eau":1}},{"type":"Feature","geometry":{"geodesic":false,"type":"Polygon","coordinates":[[[-1.4746743704106064,12.54874586692242],[-1.4746743704106064,12.548386540808771],[-1.4748540334674303,12.548386540808771],[-1.4748540334674303,12.547128899411005],[-1.4750336965242543,12.547128899411005],[-1.4750336965242543,12.54694923635418],[-1.4752133595810781,12.54694923635418],[-1.4752133595810781,12.546769573297357],[-1.4753930226379022,12.546769573297357],[-1.4753930226379022,12.546589910240533],[-1.4757523487515498,12.546589910240533],[-1.4757523487515498,12.546230584126885],[-1.4759320118083739,12.546230584126885],[-1.4759320118083739,12.54605092107006],[-1.4761116748651977,12.54605092107006],[-1.4761116748651977,12.545332268842765],[-1.4762913379220215,12.545332268842765],[-1.4762913379220215,12.544793279672293],[-1.4759320118083739,12.544793279672293],[-1.4759320118083739,12.544972942729117],[-1.4757523487515498,12.544972942729117],[-1.4757523487515498,12.545332268842765],[-1.475572685694726,12.545332268842765],[-1.475572685694726,12.54551193189959],[-1.4752133595810781,12.54551193189959],[-1.4752133595810781,12.545871258013237],[-1.4750336965242543,12.545871258013237],[-1.4750336965242543,12.54605092107006],[-1.4748540334674303,12.54605092107006],[-1.4748540334674303,12.546410247183708],[-1.4746743704106064,12.546410247183708],[-1.4746743704106064,12.546589910240533],[-1.4744947073537826,12.546589910240533],[-1.4744947073537826,12.546769573297357],[-1.4743150442969586,12.546769573297357],[-1.4743150442969586,12.547128899411005],[-1.4744947073537826,12.547128899411005],[-1.4744947073537826,12.548027214695123],[-1.4743150442969586,12.548027214695123],[-1.4743150442969586,12.548386540808771],[-1.4744947073537826,12.548386540808771],[-1.4744947073537826,12.54874586692242],[-1.4746743704106064,12.54874586692242]]]},"id":"-8208+69845","properties":{"count":76,"eau":1}},{"type":"Feature","geometry":{"geodesic":false,"type":"MultiPolygon","coordinates":[[[[-1.4748540334674305,12.483707840352167],[-1.4746743704106067,12.483707840352167],[-1.4746743704106067,12.48388750340899],[-1.4748540334674305,12.48388750340899],[-1.4748540334674305,12.483707840352167]]],[[[-1.4750336965242543,12.483168851181695],[-1.4748540334674305,12.483168851181695],[-1.4748540334674305,12.483707840352167],[-1.4750336965242543,12.483707840352167],[-1.4750336965242543,12.483168851181695]]]]},"id":"-8209+69484","properties":{"count":4,"eau":1}},{"type":"Feature","geometry":{"geodesic":false,"type":"Polygon","coordinates":[[[-1.4750336965242543,12.569766444570817],[-1.4748540334674303,12.569766444570817],[-1.4748540334674303,12.56994610762764],[-1.4750336965242543,12.56994610762764],[-1.4750336965242543,12.569766444570817]]]},"id":"-8210+69963","properties":{"count":1,"eau":1}},{"type":"Feature","geometry":{"geodesic":false,"type":"Polygon","coordinates":[[[-1.4762913379220215,12.581803869378017],[-1.4762913379220215,12.58144454326437],[-1.4764710009788455,12.58144454326437],[-1.4764710009788455,12.581085217150722],[-1.4759320118083739,12.581085217150722],[-1.4759320118083739,12.58144454326437],[-1.4761116748651977,12.58144454326437],[-1.4761116748651977,12.581803869378017],[-1.4762913379220215,12.581803869378017]]]},"id":"-8217+70029","properties":{"count":8,"eau":1}},{"type":"Feature","geometry":{"geodesic":false,"type":"Polygon","coordinates":[[[-1.4764710009788455,12.570125770684465],[-1.4762913379220215,12.570125770684465],[-1.4762913379220215,12.570305433741288],[-1.4764710009788455,12.570305433741288],[-1.4764710009788455,12.570125770684465]]]},"id":"-8218+69965","properties":{"count":1,"eau":1}},{"type":"Feature","geometry":{"geodesic":false,"type":"Polygon","coordinates":[[[-1.4784472946039084,12.54281698604723],[-1.4782676315470846,12.54281698604723],[-1.4782676315470846,12.542996649104055],[-1.4784472946039084,12.542996649104055],[-1.4784472946039084,12.54281698604723]]]},"id":"-8229+69813","properties":{"count":1,"eau":1}},{"type":"Feature","geometry":{"geodesic":false,"type":"Polygon","coordinates":[[[-1.4795252729448518,11.977417346222405],[-1.4795252729448518,11.976878357051932],[-1.479345609888028,11.976878357051932],[-1.479345609888028,11.976698693995107],[-1.4791659468312042,11.976698693995107],[-1.4791659468312042,11.977417346222405],[-1.4795252729448518,11.977417346222405]]]},"id":"-8234+66665","properties":{"count":7,"eau":1}},{"type":"Feature","geometry":{"geodesic":false,"type":"Polygon","coordinates":[[[-1.479345609888028,12.712059585575348],[-1.4791659468312042,12.712059585575348],[-1.4791659468312042,12.712239248632173],[-1.479345609888028,12.712239248632173],[-1.479345609888028,12.712059585575348]]]},"id":"-8234+70755","properties":{"count":1,"eau":1}},{"type":"Feature","geometry":{"geodesic":false,"type":"Polygon","coordinates":[[[-1.4845558385359212,12.570485096798112],[-1.4841965124222734,12.570485096798112],[-1.4841965124222734,12.570664759854935],[-1.4845558385359212,12.570664759854935],[-1.4845558385359212,12.570485096798112]]]},"id":"-8262+69967","properties":{"count":2,"eau":1}},{"type":"Feature","geometry":{"geodesic":false,"type":"Polygon","coordinates":[[[-1.484915164649569,12.570664759854935],[-1.484735501592745,12.570664759854935],[-1.484735501592745,12.57084442291176],[-1.484915164649569,12.57084442291176],[-1.484915164649569,12.570664759854935]]]},"id":"-8265+69968","properties":{"count":1,"eau":1}},{"type":"Feature","geometry":{"geodesic":false,"type":"Polygon","coordinates":[[[-1.4854541538200408,12.57084442291176],[-1.4852744907632167,12.57084442291176],[-1.4852744907632167,12.571024085968583],[-1.4854541538200408,12.571024085968583],[-1.4854541538200408,12.57084442291176]]]},"id":"-8268+69969","properties":{"count":1,"eau":1}},{"type":"Feature","geometry":{"geodesic":false,"type":"Polygon","coordinates":[[[-1.4879694366155753,12.575695325446006],[-1.4877897735587515,12.575695325446006],[-1.4877897735587515,12.575874988502829],[-1.4879694366155753,12.575874988502829],[-1.4879694366155753,12.575695325446006]]]},"id":"-8282+69996","properties":{"count":1,"eau":1}},{"type":"Feature","geometry":{"geodesic":false,"type":"Polygon","coordinates":[[[-1.488688088842871,12.574797010161886],[-1.4883287627292232,12.574797010161886],[-1.4883287627292232,12.574976673218709],[-1.488688088842871,12.574976673218709],[-1.488688088842871,12.574797010161886]]]},"id":"-8285+69991","properties":{"count":2,"eau":1}},{"type":"Feature","geometry":{"geodesic":false,"type":"Polygon","coordinates":[[[-1.4894067410701666,12.577491956014244],[-1.4894067410701666,12.577312292957421],[-1.4892270780133428,12.577312292957421],[-1.4892270780133428,12.577132629900596],[-1.4890474149565187,12.577132629900596],[-1.4890474149565187,12.576773303786949],[-1.488867751899695,12.576773303786949],[-1.488867751899695,12.576593640730124],[-1.488508425786047,12.576593640730124],[-1.488508425786047,12.576773303786949],[-1.488688088842871,12.576773303786949],[-1.488688088842871,12.577132629900596],[-1.488867751899695,12.577132629900596],[-1.488867751899695,12.577312292957421],[-1.4890474149565187,12.577312292957421],[-1.4890474149565187,12.577491956014244],[-1.4894067410701666,12.577491956014244]]]},"id":"-8289+70005","properties":{"count":10,"eau":1}},{"type":"Feature","geometry":{"geodesic":false,"type":"Polygon","coordinates":[[[-1.4919220238657014,12.57910892352566],[-1.4917423608088773,12.57910892352566],[-1.4917423608088773,12.579288586582484],[-1.4919220238657014,12.579288586582484],[-1.4919220238657014,12.57910892352566]]]},"id":"-8304+70015","properties":{"count":1,"eau":1}},{"type":"Feature","geometry":{"geodesic":false,"type":"Polygon","coordinates":[[[-1.5082713620366766,12.391720355258327],[-1.5082713620366766,12.391540692201504],[-1.5089900142639723,12.391540692201504],[-1.5089900142639723,12.39136102914468],[-1.5098883295480916,12.39136102914468],[-1.5098883295480916,12.391181366087855],[-1.5097086664912678,12.391181366087855],[-1.5097086664912678,12.390822039974207],[-1.509529003434444,12.390822039974207],[-1.509529003434444,12.390642376917384],[-1.5098883295480916,12.390642376917384],[-1.5098883295480916,12.39046271386056],[-1.5106069817753873,12.39046271386056],[-1.5106069817753873,12.390822039974207],[-1.5109663078890352,12.390822039974207],[-1.5109663078890352,12.391001703031032],[-1.511325634002683,12.391001703031032],[-1.511325634002683,12.390822039974207],[-1.5118646231731547,12.390822039974207],[-1.5118646231731547,12.390642376917384],[-1.513122264570922,12.390642376917384],[-1.513122264570922,12.39046271386056],[-1.5134815906845698,12.39046271386056],[-1.5134815906845698,12.390283050803736],[-1.5147392320823372,12.390283050803736],[-1.5147392320823372,12.390103387746912],[-1.5154578843096327,12.390103387746912],[-1.5154578843096327,12.389923724690089],[-1.5161765365369284,12.389923724690089],[-1.5161765365369284,12.388306757178674],[-1.5159968734801044,12.388306757178674],[-1.5159968734801044,12.387588104951377],[-1.5158172104232805,12.387588104951377],[-1.5158172104232805,12.387408441894554],[-1.5138409167982176,12.387408441894554],[-1.5138409167982176,12.387228778837729],[-1.513122264570922,12.387228778837729],[-1.513122264570922,12.387049115780906],[-1.5125832754004502,12.387049115780906],[-1.5125832754004502,12.386869452724081],[-1.5122239492868024,12.386869452724081],[-1.5122239492868024,12.386689789667258],[-1.5120442862299786,12.386689789667258],[-1.5120442862299786,12.386510126610434],[-1.5116849601163307,12.386510126610434],[-1.5116849601163307,12.38633046355361],[-1.511325634002683,12.38633046355361],[-1.511325634002683,12.386150800496786],[-1.5109663078890352,12.386150800496786],[-1.5109663078890352,12.385971137439963],[-1.5104273187185635,12.385971137439963],[-1.5104273187185635,12.385791474383138],[-1.5102476556617395,12.385791474383138],[-1.5102476556617395,12.385971137439963],[-1.5100679926049156,12.385971137439963],[-1.5100679926049156,12.385791474383138],[-1.5079120359230287,12.385791474383138],[-1.5079120359230287,12.385971137439963],[-1.5071933836957332,12.385971137439963],[-1.5071933836957332,12.386150800496786],[-1.5066543945252615,12.386150800496786],[-1.5066543945252615,12.38633046355361],[-1.5059357422979658,12.38633046355361],[-1.5059357422979658,12.386510126610434],[-1.5050374270138462,12.386510126610434],[-1.5050374270138462,12.386689789667258],[-1.5039594486729029,12.386689789667258],[-1.5039594486729029,12.386510126610434],[-1.5028814703319595,12.386510126610434],[-1.5028814703319595,12.38633046355361],[-1.5025221442183117,12.38633046355361],[-1.5025221442183117,12.387049115780906],[-1.5023424811614878,12.387049115780906],[-1.5023424811614878,12.387947431065026],[-1.5021628181046638,12.387947431065026],[-1.5021628181046638,12.388666083292321],[-1.50198315504784,12.388666083292321],[-1.50198315504784,12.38956439857644],[-1.501803491991016,12.38956439857644],[-1.501803491991016,12.389744061633264],[-1.50198315504784,12.389744061633264],[-1.50198315504784,12.390103387746912],[-1.501803491991016,12.390103387746912],[-1.501803491991016,12.390642376917384],[-1.5023424811614878,12.390642376917384],[-1.5023424811614878,12.390822039974207],[-1.5032407964456072,12.390822039974207],[-1.5032407964456072,12.391001703031032],[-1.5039594486729029,12.391001703031032],[-1.5039594486729029,12.391181366087855],[-1.5050374270138462,12.391181366087855],[-1.5050374270138462,12.39136102914468],[-1.5059357422979658,12.39136102914468],[-1.5059357422979658,12.391540692201504],[-1.5066543945252615,12.391540692201504],[-1.5066543945252615,12.391720355258327],[-1.5082713620366766,12.391720355258327]]]},"id":"-8387+68971","properties":{"count":1907,"eau":1}},{"type":"Feature","geometry":{"geodesic":false,"type":"Polygon","coordinates":[[[-1.5071933836957332,12.665886179971604],[-1.5070137206389091,12.665886179971604],[-1.5070137206389091,12.666245506085254],[-1.5071933836957332,12.666245506085254],[-1.5071933836957332,12.665886179971604]]]},"id":"-8389+70499","properties":{"count":2,"eau":1}},{"type":"Feature","geometry":{"geodesic":false,"type":"Polygon","coordinates":[[[-1.5080916989798527,12.524491354251193],[-1.5080916989798527,12.524311691194368],[-1.5097086664912678,12.524311691194368],[-1.5097086664912678,12.524132028137545],[-1.5138409167982176,12.524132028137545],[-1.5138409167982176,12.52395236508072],[-1.5145595690255131,12.52395236508072],[-1.5145595690255131,12.524132028137545],[-1.514918895139161,12.524132028137545],[-1.514918895139161,12.52395236508072],[-1.5161765365369284,12.52395236508072],[-1.5161765365369284,12.524132028137545],[-1.5177935040483435,12.524132028137545],[-1.5177935040483435,12.52395236508072],[-1.5181528301619913,12.52395236508072],[-1.5181528301619913,12.523772702023896],[-1.5183324932188151,12.523772702023896],[-1.5183324932188151,12.523593038967073],[-1.5185121562756392,12.523593038967073],[-1.5185121562756392,12.5230540497966],[-1.5179731671051675,12.5230540497966],[-1.5179731671051675,12.522694723682953],[-1.5181528301619913,12.522694723682953],[-1.5181528301619913,12.52251506062613],[-1.5183324932188151,12.52251506062613],[-1.5183324932188151,12.522335397569305],[-1.5185121562756392,12.522335397569305],[-1.5185121562756392,12.522874386739778],[-1.5188714823892868,12.522874386739778],[-1.5188714823892868,12.52251506062613],[-1.5190511454461109,12.52251506062613],[-1.5190511454461109,12.522335397569305],[-1.5192308085029347,12.522335397569305],[-1.5192308085029347,12.522155734512483],[-1.5194104715597587,12.522155734512483],[-1.5194104715597587,12.521976071455658],[-1.5195901346165825,12.521976071455658],[-1.5195901346165825,12.521796408398833],[-1.5197697976734064,12.521796408398833],[-1.5197697976734064,12.52161674534201],[-1.5201291237870542,12.52161674534201],[-1.5201291237870542,12.521437082285185],[-1.5203087868438783,12.521437082285185],[-1.5203087868438783,12.521257419228363],[-1.520488449900702,12.521257419228363],[-1.520488449900702,12.521077756171538],[-1.520668112957526,12.521077756171538],[-1.520668112957526,12.520898093114715],[-1.5210274390711738,12.520898093114715],[-1.5210274390711738,12.52071843005789],[-1.5215664282416455,12.52071843005789],[-1.5215664282416455,12.520538767001067],[-1.5217460912984695,12.520538767001067],[-1.5217460912984695,12.520359103944243],[-1.5219257543552933,12.520359103944243],[-1.5219257543552933,12.520179440887418],[-1.5222850804689412,12.520179440887418],[-1.5222850804689412,12.519999777830595],[-1.5226444065825888,12.519999777830595],[-1.5226444065825888,12.51982011477377],[-1.5228240696394129,12.51982011477377],[-1.5228240696394129,12.519640451716947],[-1.5235427218667084,12.519640451716947],[-1.5235427218667084,12.519460788660123],[-1.52408171103718,12.519460788660123],[-1.52408171103718,12.5192811256033],[-1.524620700207652,12.5192811256033],[-1.524620700207652,12.519101462546475],[-1.5248003632644758,12.519101462546475],[-1.5248003632644758,12.518562473376004],[-1.5249800263212996,12.518562473376004],[-1.5249800263212996,12.51838281031918],[-1.5253393524349474,12.51838281031918],[-1.5253393524349474,12.518921799489652],[-1.5256986785485953,12.518921799489652],[-1.5256986785485953,12.518742136432827],[-1.5258783416054191,12.518742136432827],[-1.5258783416054191,12.518562473376004],[-1.5256986785485953,12.518562473376004],[-1.5256986785485953,12.51838281031918],[-1.5258783416054191,12.51838281031918],[-1.5258783416054191,12.518203147262355],[-1.5260580046622432,12.518203147262355],[-1.5260580046622432,12.51838281031918],[-1.526237667719067,12.51838281031918],[-1.526237667719067,12.518562473376004],[-1.5264173307758908,12.518562473376004],[-1.5264173307758908,12.517843821148707],[-1.526237667719067,12.517843821148707],[-1.526237667719067,12.51748449503506],[-1.5260580046622432,12.51748449503506],[-1.5260580046622432,12.517304831978237],[-1.5251596893781236,12.517304831978237],[-1.5251596893781236,12.51748449503506],[-1.5249800263212996,12.51748449503506],[-1.5249800263212996,12.517664158091884],[-1.524441037150828,12.517664158091884],[-1.524441037150828,12.517843821148707],[-1.5235427218667084,12.517843821148707],[-1.5235427218667084,12.518023484205532],[-1.5233630588098845,12.518023484205532],[-1.5233630588098845,12.518203147262355],[-1.5230037326962367,12.518203147262355],[-1.5230037326962367,12.51838281031918],[-1.5226444065825888,12.51838281031918],[-1.5226444065825888,12.518562473376004],[-1.522464743525765,12.518562473376004],[-1.522464743525765,12.518742136432827],[-1.5221054174121171,12.518742136432827],[-1.5221054174121171,12.518921799489652],[-1.5215664282416455,12.518921799489652],[-1.5215664282416455,12.519101462546475],[-1.5210274390711738,12.519101462546475],[-1.5210274390711738,12.5192811256033],[-1.52084777601435,12.5192811256033],[-1.52084777601435,12.519640451716947],[-1.520668112957526,12.519640451716947],[-1.520668112957526,12.51982011477377],[-1.520488449900702,12.51982011477377],[-1.520488449900702,12.519640451716947],[-1.5199494607302304,12.519640451716947],[-1.5199494607302304,12.520179440887418],[-1.5197697976734064,12.520179440887418],[-1.5197697976734064,12.520359103944243],[-1.5194104715597587,12.520359103944243],[-1.5194104715597587,12.520538767001067],[-1.5188714823892868,12.520538767001067],[-1.5188714823892868,12.52071843005789],[-1.5185121562756392,12.52071843005789],[-1.5185121562756392,12.520898093114715],[-1.5179731671051675,12.520898093114715],[-1.5179731671051675,12.521077756171538],[-1.5177935040483435,12.521077756171538],[-1.5177935040483435,12.521257419228363],[-1.5176138409915196,12.521257419228363],[-1.5176138409915196,12.521437082285185],[-1.517074851821048,12.521437082285185],[-1.517074851821048,12.52161674534201],[-1.5167155257074,12.52161674534201],[-1.5167155257074,12.521796408398833],[-1.5161765365369284,12.521796408398833],[-1.5161765365369284,12.521976071455658],[-1.5158172104232805,12.521976071455658],[-1.5158172104232805,12.522155734512483],[-1.5145595690255131,12.522155734512483],[-1.5145595690255131,12.521976071455658],[-1.5142002429118655,12.521976071455658],[-1.5142002429118655,12.522155734512483],[-1.5136612537413936,12.522155734512483],[-1.5136612537413936,12.521976071455658],[-1.513301927627746,12.521976071455658],[-1.513301927627746,12.522155734512483],[-1.5125832754004502,12.522155734512483],[-1.5125832754004502,12.521976071455658],[-1.5120442862299786,12.521976071455658],[-1.5120442862299786,12.522155734512483],[-1.511145970945859,12.522155734512483],[-1.511145970945859,12.521976071455658],[-1.5106069817753873,12.521976071455658],[-1.5106069817753873,12.522335397569305],[-1.5104273187185635,12.522335397569305],[-1.5104273187185635,12.52161674534201],[-1.5098883295480916,12.52161674534201],[-1.5098883295480916,12.521257419228363],[-1.509529003434444,12.521257419228363],[-1.509529003434444,12.521437082285185],[-1.50934934037762,12.521437082285185],[-1.50934934037762,12.52161674534201],[-1.509529003434444,12.52161674534201],[-1.509529003434444,12.521796408398833],[-1.509169677320796,12.521796408398833],[-1.509169677320796,12.521437082285185],[-1.5086306881503244,12.521437082285185],[-1.5086306881503244,12.52161674534201],[-1.5077323728662049,12.52161674534201],[-1.5077323728662049,12.521796408398833],[-1.5070137206389091,12.521796408398833],[-1.5070137206389091,12.522335397569305],[-1.5068340575820853,12.522335397569305],[-1.5068340575820853,12.52251506062613],[-1.5066543945252615,12.52251506062613],[-1.5066543945252615,12.52395236508072],[-1.5068340575820853,12.52395236508072],[-1.5068340575820853,12.524311691194368],[-1.5077323728662049,12.524311691194368],[-1.5077323728662049,12.524491354251193],[-1.5080916989798527,12.524491354251193]]]},"id":"-8393+69710","properties":{"count":1200,"eau":1}},{"type":"Feature","geometry":{"geodesic":false,"type":"Polygon","coordinates":[[[-1.5183324932188151,12.44759556593056],[-1.5183324932188151,12.44705657676009],[-1.5179731671051675,12.44705657676009],[-1.5179731671051675,12.447236239816913],[-1.5181528301619913,12.447236239816913],[-1.5181528301619913,12.44759556593056],[-1.5183324932188151,12.44759556593056]]]},"id":"-8451+69282","properties":{"count":4,"eau":1}},{"type":"Feature","geometry":{"geodesic":false,"type":"Polygon","coordinates":[[[-1.5201291237870542,12.389205072462792],[-1.5201291237870542,12.388306757178674],[-1.5203087868438783,12.388306757178674],[-1.5203087868438783,12.387947431065026],[-1.520488449900702,12.387947431065026],[-1.520488449900702,12.387588104951377],[-1.5203087868438783,12.387588104951377],[-1.5203087868438783,12.387767768008201],[-1.5201291237870542,12.387767768008201],[-1.5201291237870542,12.387588104951377],[-1.5199494607302304,12.387588104951377],[-1.5199494607302304,12.387767768008201],[-1.5192308085029347,12.387767768008201],[-1.5192308085029347,12.387947431065026],[-1.5188714823892868,12.387947431065026],[-1.5188714823892868,12.388127094121849],[-1.5190511454461109,12.388127094121849],[-1.5190511454461109,12.388666083292321],[-1.5192308085029347,12.388666083292321],[-1.5192308085029347,12.388845746349144],[-1.5194104715597587,12.388845746349144],[-1.5194104715597587,12.389025409405969],[-1.5197697976734064,12.389025409405969],[-1.5197697976734064,12.389205072462792],[-1.5201291237870542,12.389205072462792]],[[-1.5197697976734064,12.388845746349144],[-1.5199494607302304,12.388845746349144],[-1.5199494607302304,12.388666083292321],[-1.5197697976734064,12.388666083292321],[-1.5197697976734064,12.388845746349144]]]},"id":"-8460+68957","properties":{"count":46,"eau":1}},{"type":"Feature","geometry":{"geodesic":false,"type":"Polygon","coordinates":[[[-1.5210274390711738,12.389025409405969],[-1.52084777601435,12.389025409405969],[-1.52084777601435,12.389205072462792],[-1.5210274390711738,12.389205072462792],[-1.5210274390711738,12.389025409405969]]]},"id":"-8466+68957","properties":{"count":1,"eau":1}},{"type":"Feature","geometry":{"geodesic":false,"type":"Polygon","coordinates":[[[-1.5256986785485953,12.133903868716024],[-1.5256986785485953,12.1337242056592],[-1.5276749721736582,12.1337242056592],[-1.5276749721736582,12.133544542602376],[-1.5291122766282494,12.133544542602376],[-1.5291122766282494,12.133364879545553],[-1.5296512657987211,12.133364879545553],[-1.5296512657987211,12.133185216488728],[-1.530010591912369,12.133185216488728],[-1.530010591912369,12.132646227318258],[-1.5301902549691928,12.132646227318258],[-1.5301902549691928,12.13192757509096],[-1.5292919396850733,12.13192757509096],[-1.5292919396850733,12.132107238147785],[-1.5285732874577778,12.132107238147785],[-1.5285732874577778,12.13192757509096],[-1.528393624400954,12.13192757509096],[-1.528393624400954,12.132107238147785],[-1.5276749721736582,12.132107238147785],[-1.5276749721736582,12.131747912034138],[-1.527854635230482,12.131747912034138],[-1.527854635230482,12.131029259806843],[-1.5285732874577778,12.131029259806843],[-1.5285732874577778,12.130669933693195],[-1.5287529505146016,12.130669933693195],[-1.5287529505146016,12.130310607579547],[-1.5285732874577778,12.130310607579547],[-1.5285732874577778,12.129951281465898],[-1.528393624400954,12.129951281465898],[-1.528393624400954,12.129771618409075],[-1.52821396134413,12.129771618409075],[-1.52821396134413,12.129412292295427],[-1.528034298287306,12.129412292295427],[-1.528034298287306,12.12905296618178],[-1.527854635230482,12.12905296618178],[-1.527854635230482,12.128513977011307],[-1.528034298287306,12.128513977011307],[-1.528034298287306,12.127615661727187],[-1.52821396134413,12.127615661727187],[-1.52821396134413,12.126717346443069],[-1.528393624400954,12.126717346443069],[-1.528393624400954,12.12635802032942],[-1.5285732874577778,12.12635802032942],[-1.5285732874577778,12.125639368102124],[-1.5287529505146016,12.125639368102124],[-1.5287529505146016,12.124741052818006],[-1.5285732874577778,12.124741052818006],[-1.5285732874577778,12.124202063647534],[-1.528393624400954,12.124202063647534],[-1.528393624400954,12.12402240059071],[-1.5285732874577778,12.12402240059071],[-1.5285732874577778,12.123842737533886],[-1.528393624400954,12.123842737533886],[-1.528393624400954,12.123663074477061],[-1.527854635230482,12.123663074477061],[-1.527854635230482,12.123842737533886],[-1.528034298287306,12.123842737533886],[-1.528034298287306,12.124741052818006],[-1.527854635230482,12.124741052818006],[-1.527854635230482,12.12492071587483],[-1.5273156460600104,12.12492071587483],[-1.5273156460600104,12.125100378931654],[-1.5274953091168344,12.125100378931654],[-1.5274953091168344,12.125639368102124],[-1.5273156460600104,12.125639368102124],[-1.5273156460600104,12.125819031158949],[-1.5269563199463627,12.125819031158949],[-1.5269563199463627,12.126178357272597],[-1.5267766568895387,12.126178357272597],[-1.5267766568895387,12.126537683386244],[-1.5265969938327149,12.126537683386244],[-1.5265969938327149,12.127076672556717],[-1.5264173307758908,12.127076672556717],[-1.5264173307758908,12.129232629238603],[-1.526237667719067,12.129232629238603],[-1.526237667719067,12.130130944522723],[-1.5260580046622432,12.130130944522723],[-1.5260580046622432,12.130669933693195],[-1.5256986785485953,12.130669933693195],[-1.5256986785485953,12.131208922863665],[-1.5255190154917715,12.131208922863665],[-1.5255190154917715,12.132646227318258],[-1.5253393524349474,12.132646227318258],[-1.5253393524349474,12.133005553431905],[-1.5251596893781236,12.133005553431905],[-1.5251596893781236,12.133544542602376],[-1.5249800263212996,12.133544542602376],[-1.5249800263212996,12.1337242056592],[-1.5248003632644758,12.1337242056592],[-1.5248003632644758,12.133903868716024],[-1.5256986785485953,12.133903868716024]]]},"id":"-8488+67536","properties":{"count":669,"eau":1}},{"type":"Feature","geometry":{"geodesic":false,"type":"Polygon","coordinates":[[[-1.5258783416054191,12.519101462546475],[-1.5256986785485953,12.519101462546475],[-1.5256986785485953,12.5192811256033],[-1.5258783416054191,12.5192811256033],[-1.5258783416054191,12.519101462546475]]]},"id":"-8493+69681","properties":{"count":1,"eau":1}},{"type":"Feature","geometry":{"geodesic":false,"type":"Polygon","coordinates":[[[-1.528393624400954,12.519101462546475],[-1.52821396134413,12.519101462546475],[-1.52821396134413,12.5192811256033],[-1.528393624400954,12.5192811256033],[-1.528393624400954,12.519101462546475]]]},"id":"-8507+69681","properties":{"count":1,"eau":1}},{"type":"Feature","geometry":{"geodesic":false,"type":"Polygon","coordinates":[[[-1.5285732874577778,12.518742136432827],[-1.528393624400954,12.518742136432827],[-1.528393624400954,12.518921799489652],[-1.5285732874577778,12.518921799489652],[-1.5285732874577778,12.518742136432827]]]},"id":"-8508+69679","properties":{"count":1,"eau":1}},{"type":"Feature","geometry":{"geodesic":false,"type":"Polygon","coordinates":[[[-1.5291122766282494,12.518921799489652],[-1.5287529505146016,12.518921799489652],[-1.5287529505146016,12.519101462546475],[-1.5291122766282494,12.519101462546475],[-1.5291122766282494,12.518921799489652]]]},"id":"-8510+69680","properties":{"count":2,"eau":1}},{"type":"Feature","geometry":{"geodesic":false,"type":"Polygon","coordinates":[[[-1.539173407810388,12.238827093901184],[-1.5389937447535642,12.238827093901184],[-1.5389937447535642,12.239006756958009],[-1.539173407810388,12.239006756958009],[-1.539173407810388,12.238827093901184]]]},"id":"-8567+68121","properties":{"count":1,"eau":1}},{"type":"Feature","geometry":{"geodesic":false,"type":"Polygon","coordinates":[[[-1.5406107122649793,12.388306757178674],[-1.5404310492081554,12.388306757178674],[-1.5404310492081554,12.388486420235497],[-1.5406107122649793,12.388486420235497],[-1.5406107122649793,12.388306757178674]]]},"id":"-8575+68953","properties":{"count":1,"eau":1}},{"type":"Feature","geometry":{"geodesic":false,"type":"MultiPolygon","coordinates":[[[[-1.5436649842309857,12.238288104730714],[-1.5436649842309857,12.238467767787538],[-1.543485321174162,12.238467767787538],[-1.543485321174162,12.238647430844361],[-1.5440243103446336,12.238647430844361],[-1.5440243103446336,12.238827093901186],[-1.5442039734014574,12.238827093901186],[-1.5442039734014574,12.238467767787538],[-1.5438446472878098,12.238467767787538],[-1.5438446472878098,12.238288104730714],[-1.5436649842309857,12.238288104730714]]],[[[-1.5395327339240361,12.238827093901186],[-1.539353070867212,12.238827093901186],[-1.539353070867212,12.239006756958009],[-1.5395327339240361,12.239006756958009],[-1.5395327339240361,12.238827093901186]]],[[[-1.5395327339240361,12.239006756958009],[-1.5395327339240361,12.239366083071657],[-1.539353070867212,12.239366083071657],[-1.539353070867212,12.239186420014834],[-1.5391734078103882,12.239186420014834],[-1.5391734078103882,12.239366083071657],[-1.5389937447535642,12.239366083071657],[-1.5389937447535642,12.239545746128481],[-1.5391734078103882,12.239545746128481],[-1.5391734078103882,12.239725409185304],[-1.5395327339240361,12.239725409185304],[-1.5395327339240361,12.239905072242129],[-1.5400717230945078,12.239905072242129],[-1.5400717230945078,12.239725409185304],[-1.5402513861513316,12.239725409185304],[-1.5402513861513316,12.239905072242129],[-1.5404310492081554,12.239905072242129],[-1.5404310492081554,12.240264398355777],[-1.5406107122649795,12.240264398355777],[-1.5406107122649795,12.240084735298952],[-1.5411497014354512,12.240084735298952],[-1.5411497014354512,12.240264398355777],[-1.541329364492275,12.240264398355777],[-1.541329364492275,12.240444061412601],[-1.541509027549099,12.240444061412601],[-1.541509027549099,12.240264398355777],[-1.5418683536627469,12.240264398355777],[-1.5418683536627469,12.240444061412601],[-1.5420480167195707,12.240444061412601],[-1.5420480167195707,12.240084735298952],[-1.5418683536627469,12.240084735298952],[-1.5418683536627469,12.239725409185304],[-1.5416886906059228,12.239725409185304],[-1.5416886906059228,12.239545746128481],[-1.5420480167195707,12.239545746128481],[-1.5420480167195707,12.239905072242129],[-1.5422276797763945,12.239905072242129],[-1.5422276797763945,12.240084735298952],[-1.5427666689468662,12.240084735298952],[-1.5427666689468662,12.239366083071657],[-1.5429463320036902,12.239366083071657],[-1.5429463320036902,12.239006756958009],[-1.5427666689468662,12.239006756958009],[-1.5427666689468662,12.238827093901186],[-1.5429463320036902,12.238827093901186],[-1.5429463320036902,12.238647430844361],[-1.5427666689468662,12.238647430844361],[-1.5427666689468662,12.238467767787538],[-1.5418683536627469,12.238467767787538],[-1.5418683536627469,12.238288104730714],[-1.5424073428332186,12.238288104730714],[-1.5424073428332186,12.238108441673889],[-1.5427666689468662,12.238108441673889],[-1.5427666689468662,12.238288104730714],[-1.5429463320036902,12.238288104730714],[-1.5429463320036902,12.238108441673889],[-1.543125995060514,12.238108441673889],[-1.543125995060514,12.238288104730714],[-1.5436649842309857,12.238288104730714],[-1.5436649842309857,12.238108441673889],[-1.543305658117338,12.238108441673889],[-1.543305658117338,12.237928778617066],[-1.5429463320036902,12.237928778617066],[-1.5429463320036902,12.237749115560241],[-1.5425870058900424,12.237749115560241],[-1.5425870058900424,12.237569452503418],[-1.5422276797763945,12.237569452503418],[-1.5422276797763945,12.237389789446594],[-1.5418683536627469,12.237389789446594],[-1.5418683536627469,12.237030463332946],[-1.5416886906059228,12.237030463332946],[-1.5416886906059228,12.23721012638977],[-1.5411497014354512,12.23721012638977],[-1.5411497014354512,12.237030463332946],[-1.5407903753218033,12.237030463332946],[-1.5407903753218033,12.23721012638977],[-1.5409700383786273,12.23721012638977],[-1.5409700383786273,12.237569452503418],[-1.5406107122649795,12.237569452503418],[-1.5406107122649795,12.237389789446594],[-1.5404310492081554,12.237389789446594],[-1.5404310492081554,12.237569452503418],[-1.5402513861513316,12.237569452503418],[-1.5402513861513316,12.237749115560241],[-1.5398920600376838,12.237749115560241],[-1.5398920600376838,12.237928778617066],[-1.53971239698086,12.237928778617066],[-1.53971239698086,12.238108441673889],[-1.5395327339240361,12.238108441673889],[-1.5395327339240361,12.238647430844361],[-1.53971239698086,12.238647430844361],[-1.53971239698086,12.239006756958009],[-1.5395327339240361,12.239006756958009]],[[-1.5422276797763945,12.237749115560241],[-1.5416886906059228,12.237749115560241],[-1.5416886906059228,12.238108441673889],[-1.5418683536627469,12.238108441673889],[-1.5418683536627469,12.237928778617066],[-1.5420480167195707,12.237928778617066],[-1.5420480167195707,12.238108441673889],[-1.5422276797763945,12.238108441673889],[-1.5422276797763945,12.237749115560241]],[[-1.541509027549099,12.239366083071657],[-1.5407903753218033,12.239366083071657],[-1.5407903753218033,12.239545746128481],[-1.541509027549099,12.239545746128481],[-1.541509027549099,12.239366083071657]]],[[[-1.5402513861513316,12.239905072242129],[-1.5400717230945078,12.239905072242129],[-1.5400717230945078,12.240084735298952],[-1.5402513861513316,12.240084735298952],[-1.5402513861513316,12.239905072242129]]]]},"id":"-8580+68129","properties":{"count":264,"eau":1}},{"type":"Feature","geometry":{"geodesic":false,"type":"Polygon","coordinates":[[[-1.5422276797763945,12.45675838182858],[-1.5420480167195705,12.45675838182858],[-1.5420480167195705,12.456938044885405],[-1.5422276797763945,12.456938044885405],[-1.5422276797763945,12.45675838182858]]]},"id":"-8584+69334","properties":{"count":1,"eau":1}},{"type":"Feature","geometry":{"geodesic":false,"type":"Polygon","coordinates":[[[-1.5425870058900424,12.2404440614126],[-1.5424073428332183,12.2404440614126],[-1.5424073428332183,12.240623724469424],[-1.5425870058900424,12.240623724469424],[-1.5425870058900424,12.2404440614126]]]},"id":"-8586+68130","properties":{"count":1,"eau":1}},{"type":"Feature","geometry":{"geodesic":false,"type":"Polygon","coordinates":[[[-1.543125995060514,12.23541349582153],[-1.5427666689468662,12.23541349582153],[-1.5427666689468662,12.235593158878354],[-1.543125995060514,12.235593158878354],[-1.543125995060514,12.23541349582153]]]},"id":"-8588+68102","properties":{"count":2,"eau":1}},{"type":"Feature","geometry":{"geodesic":false,"type":"Polygon","coordinates":[[[-1.5436649842309857,12.457477034055875],[-1.5434853211741617,12.457477034055875],[-1.5434853211741617,12.4576566971127],[-1.5436649842309857,12.4576566971127],[-1.5436649842309857,12.457477034055875]]]},"id":"-8592+69338","properties":{"count":1,"eau":1}},{"type":"Feature","geometry":{"geodesic":false,"type":"MultiPolygon","coordinates":[[[[-1.5445632995151053,12.239545746128481],[-1.5443836364582815,12.239545746128481],[-1.5443836364582815,12.239725409185304],[-1.5445632995151053,12.239725409185304],[-1.5445632995151053,12.239545746128481]]],[[[-1.5442039734014574,12.239545746128481],[-1.5440243103446336,12.239545746128481],[-1.5440243103446336,12.239725409185304],[-1.5442039734014574,12.239725409185304],[-1.5442039734014574,12.239545746128481]]],[[[-1.5443836364582815,12.239366083071657],[-1.5442039734014574,12.239366083071657],[-1.5442039734014574,12.239545746128481],[-1.5443836364582815,12.239545746128481],[-1.5443836364582815,12.239366083071657]]]]},"id":"-8595+68125","properties":{"count":3,"eau":1}},{"type":"Feature","geometry":{"geodesic":false,"type":"MultiPolygon","coordinates":[[[[-1.5443836364582815,12.238288104730714],[-1.5443836364582815,12.238108441673889],[-1.5442039734014574,12.238108441673889],[-1.5442039734014574,12.237928778617066],[-1.5438446472878098,12.237928778617066],[-1.5438446472878098,12.238108441673889],[-1.5440243103446336,12.238108441673889],[-1.5440243103446336,12.238288104730714],[-1.5443836364582815,12.238288104730714]]],[[[-1.5445632995151053,12.238288104730714],[-1.5443836364582815,12.238288104730714],[-1.5443836364582815,12.238467767787538],[-1.5445632995151053,12.238467767787538],[-1.5445632995151053,12.238288104730714]]]]},"id":"-8597+68118","properties":{"count":5,"eau":1}},{"type":"Feature","geometry":{"geodesic":false,"type":"Polygon","coordinates":[[[-1.5454616147992248,12.238647430844361],[-1.5452819517424008,12.238647430844361],[-1.5452819517424008,12.238827093901184],[-1.5454616147992248,12.238827093901184],[-1.5454616147992248,12.238647430844361]]]},"id":"-8602+68120","properties":{"count":1,"eau":1}},{"type":"Feature","geometry":{"geodesic":false,"type":"Polygon","coordinates":[[[-1.5456412778560487,12.239905072242127],[-1.5456412778560487,12.23954574612848],[-1.545102288685577,12.23954574612848],[-1.545102288685577,12.239366083071657],[-1.5449226256287532,12.239366083071657],[-1.5449226256287532,12.239725409185304],[-1.5454616147992248,12.239725409185304],[-1.5454616147992248,12.239905072242127],[-1.5456412778560487,12.239905072242127]]]},"id":"-8603+68126","properties":{"count":6,"eau":1}},{"type":"Feature","geometry":{"geodesic":false,"type":"Polygon","coordinates":[[[-1.5458209409128725,12.240084735298952],[-1.5454616147992248,12.240084735298952],[-1.5454616147992248,12.240264398355777],[-1.5458209409128725,12.240264398355777],[-1.5458209409128725,12.240084735298952]]]},"id":"-8603+68128","properties":{"count":2,"eau":1}},{"type":"Feature","geometry":{"geodesic":false,"type":"Polygon","coordinates":[[[-1.5461802670265203,12.30530242492603],[-1.5461802670265203,12.305122761869205],[-1.5460006039696965,12.305122761869205],[-1.5460006039696965,12.304943098812382],[-1.5458209409128725,12.304943098812382],[-1.5458209409128725,12.305122761869205],[-1.5456412778560487,12.305122761869205],[-1.5456412778560487,12.30530242492603],[-1.5461802670265203,12.30530242492603]]]},"id":"-8604+68490","properties":{"count":4,"eau":1}},{"type":"Feature","geometry":{"geodesic":false,"type":"Polygon","coordinates":[[[-1.5463599300833444,12.238827093901184],[-1.5461802670265203,12.238827093901184],[-1.5461802670265203,12.239006756958009],[-1.5463599300833444,12.239006756958009],[-1.5463599300833444,12.238827093901184]]]},"id":"-8607+68121","properties":{"count":1,"eau":1}},{"type":"Feature","geometry":{"geodesic":false,"type":"Polygon","coordinates":[[[-1.5553430829245396,12.458375349339995],[-1.5553430829245396,12.458195686283172],[-1.556061735151835,12.458195686283172],[-1.556061735151835,12.458016023226348],[-1.5569600504359546,12.458016023226348],[-1.5569600504359546,12.457836360169525],[-1.5574990396064263,12.457836360169525],[-1.5574990396064263,12.4576566971127],[-1.558217691833722,12.4576566971127],[-1.558217691833722,12.457477034055875],[-1.5585770179473697,12.457477034055875],[-1.5585770179473697,12.457297370999052],[-1.5594753332314892,12.457297370999052],[-1.5594753332314892,12.457477034055875],[-1.559834659345137,12.457477034055875],[-1.559834659345137,12.457297370999052],[-1.560014322401961,12.457297370999052],[-1.560014322401961,12.457117707942228],[-1.560193985458785,12.457117707942228],[-1.560193985458785,12.45675838182858],[-1.5603736485156088,12.45675838182858],[-1.5603736485156088,12.456039729601285],[-1.5605533115724328,12.456039729601285],[-1.5605533115724328,12.455680403487637],[-1.5607329746292566,12.455680403487637],[-1.5607329746292566,12.455500740430812],[-1.5609126376860805,12.455500740430812],[-1.5609126376860805,12.45532107737399],[-1.5612719637997283,12.45532107737399],[-1.5612719637997283,12.455141414317165],[-1.5614516268565521,12.455141414317165],[-1.5614516268565521,12.454961751260342],[-1.561990616027024,12.454961751260342],[-1.561990616027024,12.454782088203517],[-1.5614516268565521,12.454782088203517],[-1.5614516268565521,12.454063435976222],[-1.5610923007429045,12.454063435976222],[-1.5610923007429045,12.453883772919397],[-1.5609126376860805,12.453883772919397],[-1.5609126376860805,12.454063435976222],[-1.5607329746292566,12.454063435976222],[-1.5607329746292566,12.45442276208987],[-1.5605533115724328,12.45442276208987],[-1.5605533115724328,12.454243099033047],[-1.5603736485156088,12.454243099033047],[-1.5603736485156088,12.454063435976222],[-1.560193985458785,12.454063435976222],[-1.560193985458785,12.454243099033047],[-1.560014322401961,12.454243099033047],[-1.560014322401961,12.45442276208987],[-1.5596549962883133,12.45442276208987],[-1.5596549962883133,12.454602425146694],[-1.5594753332314892,12.454602425146694],[-1.5594753332314892,12.454782088203517],[-1.5585770179473697,12.454782088203517],[-1.5585770179473697,12.454961751260342],[-1.558038028776898,12.454961751260342],[-1.558038028776898,12.45532107737399],[-1.5578583657200742,12.45532107737399],[-1.5578583657200742,12.455680403487637],[-1.5574990396064263,12.455680403487637],[-1.5574990396064263,12.45586006654446],[-1.5571397134927785,12.45586006654446],[-1.5571397134927785,12.456039729601285],[-1.5567803873791308,12.456039729601285],[-1.5567803873791308,12.45621939265811],[-1.556241398208659,12.45621939265811],[-1.556241398208659,12.45586006654446],[-1.556061735151835,12.45586006654446],[-1.556061735151835,12.45621939265811],[-1.5557024090381872,12.45621939265811],[-1.5557024090381872,12.456399055714932],[-1.5549837568108917,12.456399055714932],[-1.5549837568108917,12.456578718771757],[-1.5546244306972439,12.456578718771757],[-1.5546244306972439,12.45675838182858],[-1.55444476764042,12.45675838182858],[-1.55444476764042,12.456578718771757],[-1.5540854415267722,12.456578718771757],[-1.5540854415267722,12.45675838182858],[-1.5537261154131243,12.45675838182858],[-1.5537261154131243,12.456578718771757],[-1.5535464523563005,12.456578718771757],[-1.5535464523563005,12.45675838182858],[-1.5533667892994765,12.45675838182858],[-1.5533667892994765,12.457117707942228],[-1.5535464523563005,12.457117707942228],[-1.5535464523563005,12.457836360169525],[-1.5537261154131243,12.457836360169525],[-1.5537261154131243,12.458375349339995],[-1.5553430829245396,12.458375349339995]]]},"id":"-8649+69342","properties":{"count":502,"eau":1}},{"type":"Feature","geometry":{"geodesic":false,"type":"Polygon","coordinates":[[[-1.5551634198677156,12.594020957242043],[-1.5549837568108917,12.594020957242043],[-1.5549837568108917,12.594200620298867],[-1.5551634198677156,12.594200620298867],[-1.5551634198677156,12.594020957242043]]]},"id":"-8656+70098","properties":{"count":1,"eau":1}},{"type":"Feature","geometry":{"geodesic":false,"type":"Polygon","coordinates":[[[-1.556241398208659,12.595817587810282],[-1.5557024090381872,12.595817587810282],[-1.5557024090381872,12.595997250867107],[-1.556241398208659,12.595997250867107],[-1.556241398208659,12.595817587810282]]]},"id":"-8660+70108","properties":{"count":3,"eau":1}},{"type":"Feature","geometry":{"geodesic":false,"type":"Polygon","coordinates":[[[-1.5659432032771499,12.564196889809276],[-1.5659432032771499,12.564017226752451],[-1.5661228663339737,12.564017226752451],[-1.5661228663339737,12.563657900638804],[-1.5659432032771499,12.563657900638804],[-1.5659432032771499,12.563837563695628],[-1.565763540220326,12.563837563695628],[-1.565763540220326,12.564196889809276],[-1.5659432032771499,12.564196889809276]]]},"id":"-8716+69931","properties":{"count":4,"eau":1}},{"type":"Feature","geometry":{"geodesic":false,"type":"Polygon","coordinates":[[[-1.5672008446749173,11.949569572414699],[-1.5672008446749173,11.949030583244227],[-1.5668415185612694,11.949030583244227],[-1.5668415185612694,11.949210246301051],[-1.5670211816180932,11.949210246301051],[-1.5670211816180932,11.949569572414699],[-1.5672008446749173,11.949569572414699]]]},"id":"-8723+66510","properties":{"count":4,"eau":1}},{"type":"Feature","geometry":{"geodesic":false,"type":"MultiPolygon","coordinates":[[[[-1.5783399541979994,11.943461028482687],[-1.5781602911411754,11.943461028482687],[-1.5781602911411754,11.94364069153951],[-1.5783399541979994,11.94364069153951],[-1.5783399541979994,11.943461028482687]]],[[[-1.5680991599590368,11.949210246301051],[-1.567739833845389,11.949210246301051],[-1.567739833845389,11.949389909357876],[-1.5680991599590368,11.949389909357876],[-1.5680991599590368,11.949210246301051]]],[[[-1.5781602911411754,11.94364069153951],[-1.5776213019707037,11.94364069153951],[-1.5776213019707037,11.943101702369038],[-1.57744163891388,11.943101702369038],[-1.57744163891388,11.943281365425863],[-1.5772619758570559,11.943281365425863],[-1.5772619758570559,11.943461028482687],[-1.5769026497434082,11.943461028482687],[-1.5769026497434082,11.943281365425863],[-1.5767229866865842,11.943281365425863],[-1.5767229866865842,11.943101702369038],[-1.5765433236297604,11.943101702369038],[-1.5765433236297604,11.942922039312215],[-1.5763636605729363,11.942922039312215],[-1.5763636605729363,11.94274237625539],[-1.5761839975161125,11.94274237625539],[-1.5761839975161125,11.942383050141743],[-1.5760043344592887,11.942383050141743],[-1.5760043344592887,11.942023724028095],[-1.5758246714024646,11.942023724028095],[-1.5758246714024646,11.941844060971272],[-1.5756450083456408,11.941844060971272],[-1.5756450083456408,11.9413050718008],[-1.575465345288817,11.9413050718008],[-1.575465345288817,11.940945745687152],[-1.575285682231993,11.940945745687152],[-1.575285682231993,11.940586419573505],[-1.5751060191751691,11.940586419573505],[-1.5751060191751691,11.94040675651668],[-1.574926356118345,11.94040675651668],[-1.574926356118345,11.94220338708492],[-1.5751060191751691,11.94220338708492],[-1.5751060191751691,11.94274237625539],[-1.574926356118345,11.94274237625539],[-1.574926356118345,11.943101702369038],[-1.5747466930615213,11.943101702369038],[-1.5747466930615213,11.943281365425863],[-1.5745670300046974,11.943281365425863],[-1.5745670300046974,11.943461028482687],[-1.5743873669478734,11.943461028482687],[-1.5743873669478734,11.94364069153951],[-1.5742077038910496,11.94364069153951],[-1.5742077038910496,11.944000017653158],[-1.5743873669478734,11.944000017653158],[-1.5743873669478734,11.94453900682363],[-1.5745670300046974,11.94453900682363],[-1.5745670300046974,11.944718669880453],[-1.5747466930615213,11.944718669880453],[-1.5747466930615213,11.945077995994103],[-1.5745670300046974,11.945077995994103],[-1.5745670300046974,11.945257659050926],[-1.5743873669478734,11.945257659050926],[-1.5743873669478734,11.94543732210775],[-1.5740280408342255,11.94543732210775],[-1.5740280408342255,11.945616985164573],[-1.573668714720578,11.945616985164573],[-1.573668714720578,11.945796648221398],[-1.5734890516637539,11.945796648221398],[-1.5734890516637539,11.945976311278221],[-1.57330938860693,11.945976311278221],[-1.57330938860693,11.946155974335046],[-1.5734890516637539,11.946155974335046],[-1.5734890516637539,11.946335637391869],[-1.5731297255501062,11.946335637391869],[-1.5731297255501062,11.946515300448693],[-1.5727703994364584,11.946515300448693],[-1.5727703994364584,11.946694963505516],[-1.5724110733228105,11.946694963505516],[-1.5724110733228105,11.946874626562341],[-1.5720517472091626,11.946874626562341],[-1.5720517472091626,11.947054289619166],[-1.5713330949818671,11.947054289619166],[-1.5713330949818671,11.947233952675989],[-1.5706144427545714,11.947233952675989],[-1.5706144427545714,11.947413615732813],[-1.5704347796977476,11.947413615732813],[-1.5704347796977476,11.947593278789636],[-1.5700754535840997,11.947593278789636],[-1.5700754535840997,11.94777294184646],[-1.569895790527276,11.94777294184646],[-1.569895790527276,11.947952604903284],[-1.569536464413628,11.947952604903284],[-1.569536464413628,11.948132267960109],[-1.5693568013568042,11.948132267960109],[-1.5693568013568042,11.948491594073756],[-1.5691771382999802,11.948491594073756],[-1.5691771382999802,11.948671257130579],[-1.5688178121863323,11.948671257130579],[-1.5688178121863323,11.948850920187404],[-1.569536464413628,11.948850920187404],[-1.569536464413628,11.948671257130579],[-1.5697161274704519,11.948671257130579],[-1.5697161274704519,11.948311931016931],[-1.5702551166409235,11.948311931016931],[-1.5702551166409235,11.948132267960109],[-1.5709737688682193,11.948132267960109],[-1.5709737688682193,11.947952604903284],[-1.5724110733228105,11.947952604903284],[-1.5724110733228105,11.94777294184646],[-1.5725907363796343,11.94777294184646],[-1.5725907363796343,11.947952604903284],[-1.5729500624932822,11.947952604903284],[-1.5729500624932822,11.94777294184646],[-1.5738483777774017,11.94777294184646],[-1.5738483777774017,11.947593278789636],[-1.5742077038910496,11.947593278789636],[-1.5742077038910496,11.94777294184646],[-1.5743873669478734,11.94777294184646],[-1.5743873669478734,11.947593278789636],[-1.575285682231993,11.947593278789636],[-1.575285682231993,11.94777294184646],[-1.5761839975161125,11.94777294184646],[-1.5761839975161125,11.948132267960109],[-1.5763636605729363,11.948132267960109],[-1.5763636605729363,11.948311931016931],[-1.5761839975161125,11.948311931016931],[-1.5761839975161125,11.948671257130579],[-1.5763636605729363,11.948671257130579],[-1.5763636605729363,11.948491594073756],[-1.5769026497434082,11.948491594073756],[-1.5769026497434082,11.948311931016931],[-1.577082312800232,11.948311931016931],[-1.577082312800232,11.948132267960109],[-1.5772619758570559,11.948132267960109],[-1.5772619758570559,11.947952604903284],[-1.57744163891388,11.947952604903284],[-1.57744163891388,11.94777294184646],[-1.5776213019707037,11.94777294184646],[-1.5776213019707037,11.947593278789636],[-1.5778009650275275,11.947593278789636],[-1.5778009650275275,11.947233952675989],[-1.5779806280843516,11.947233952675989],[-1.5779806280843516,11.947054289619166],[-1.5783399541979994,11.947054289619166],[-1.5783399541979994,11.946874626562341],[-1.5785196172548233,11.946874626562341],[-1.5785196172548233,11.946515300448693],[-1.578699280311647,11.946515300448693],[-1.578699280311647,11.946335637391869],[-1.5788789433684711,11.946335637391869],[-1.5788789433684711,11.945976311278221],[-1.579058606425295,11.945976311278221],[-1.579058606425295,11.945796648221398],[-1.5792382694821188,11.945796648221398],[-1.5792382694821188,11.945616985164573],[-1.5794179325389428,11.945616985164573],[-1.5794179325389428,11.94543732210775],[-1.5788789433684711,11.94543732210775],[-1.5788789433684711,11.945257659050926],[-1.578699280311647,11.945257659050926],[-1.578699280311647,11.945077995994103],[-1.5785196172548233,11.945077995994103],[-1.5785196172548233,11.944898332937278],[-1.5783399541979994,11.944898332937278],[-1.5783399541979994,11.944359343766806],[-1.5781602911411754,11.944359343766806],[-1.5781602911411754,11.94364069153951]]],[[[-1.5688178121863323,11.948850920187404],[-1.5680991599590368,11.948850920187404],[-1.5680991599590368,11.949210246301051],[-1.5686381491295085,11.949210246301051],[-1.5686381491295085,11.949030583244229],[-1.5688178121863323,11.949030583244229],[-1.5688178121863323,11.948850920187404]]]]},"id":"-8727+66509","properties":{"count":839,"eau":1}},{"type":"Feature","geometry":{"geodesic":false,"type":"Polygon","coordinates":[[[-1.5803162478230621,12.026645023792154],[-1.5803162478230621,12.026285697678507],[-1.5804959108798862,12.026285697678507],[-1.5804959108798862,12.025387382394387],[-1.5803162478230621,12.025387382394387],[-1.5803162478230621,12.024668730167091],[-1.5801365847662383,12.024668730167091],[-1.5801365847662383,12.023950077939794],[-1.5803162478230621,12.023950077939794],[-1.5803162478230621,12.023411088769324],[-1.5804959108798862,12.023411088769324],[-1.5804959108798862,12.023051762655676],[-1.58067557393671,12.023051762655676],[-1.58067557393671,12.02143479514426],[-1.5804959108798862,12.02143479514426],[-1.5804959108798862,12.021614458201084],[-1.5801365847662383,12.021614458201084],[-1.5801365847662383,12.02143479514426],[-1.5794179325389426,12.02143479514426],[-1.5794179325389426,12.021075469030613],[-1.5795975955957666,12.021075469030613],[-1.5795975955957666,12.020895805973788],[-1.5797772586525904,12.020895805973788],[-1.5797772586525904,12.020716142916966],[-1.5799569217094145,12.020716142916966],[-1.5799569217094145,12.020177153746493],[-1.5801365847662383,12.020177153746493],[-1.5801365847662383,12.019997490689668],[-1.5803162478230621,12.019997490689668],[-1.5803162478230621,12.01963816457602],[-1.5797772586525904,12.01963816457602],[-1.5797772586525904,12.019817827632846],[-1.5794179325389426,12.019817827632846],[-1.5794179325389426,12.019997490689668],[-1.579058606425295,12.019997490689668],[-1.579058606425295,12.020177153746493],[-1.578699280311647,12.020177153746493],[-1.578699280311647,12.020356816803316],[-1.5783399541979992,12.020356816803316],[-1.5783399541979992,12.02053647986014],[-1.5779806280843514,12.02053647986014],[-1.5779806280843514,12.020716142916966],[-1.5776213019707037,12.020716142916966],[-1.5776213019707037,12.020895805973788],[-1.5772619758570559,12.020895805973788],[-1.5772619758570559,12.021075469030613],[-1.5770823128002318,12.021075469030613],[-1.5770823128002318,12.02143479514426],[-1.576902649743408,12.02143479514426],[-1.576902649743408,12.021614458201084],[-1.5767229866865842,12.021614458201084],[-1.5767229866865842,12.021973784314731],[-1.5765433236297601,12.021973784314731],[-1.5765433236297601,12.022333110428379],[-1.5763636605729363,12.022333110428379],[-1.5763636605729363,12.022512773485204],[-1.5765433236297601,12.022512773485204],[-1.5765433236297601,12.022872099598851],[-1.5770823128002318,12.022872099598851],[-1.5770823128002318,12.023051762655676],[-1.5776213019707037,12.023051762655676],[-1.5776213019707037,12.023231425712499],[-1.5781602911411754,12.023231425712499],[-1.5781602911411754,12.023411088769324],[-1.5783399541979992,12.023411088769324],[-1.5783399541979992,12.023770414882971],[-1.5785196172548233,12.023770414882971],[-1.5785196172548233,12.023950077939794],[-1.578699280311647,12.023950077939794],[-1.578699280311647,12.024129740996619],[-1.578878943368471,12.024129740996619],[-1.578878943368471,12.024309404053444],[-1.579058606425295,12.024309404053444],[-1.579058606425295,12.024848393223914],[-1.5792382694821188,12.024848393223914],[-1.5792382694821188,12.025028056280739],[-1.5794179325389426,12.025028056280739],[-1.5794179325389426,12.02556704545121],[-1.5795975955957666,12.02556704545121],[-1.5795975955957666,12.025926371564857],[-1.5797772586525904,12.025926371564857],[-1.5797772586525904,12.026106034621682],[-1.5799569217094145,12.026106034621682],[-1.5799569217094145,12.026285697678507],[-1.5801365847662383,12.026285697678507],[-1.5801365847662383,12.026645023792154],[-1.5803162478230621,12.026645023792154]]]},"id":"-8796+66939","properties":{"count":427,"eau":1}},{"type":"Feature","geometry":{"geodesic":false,"type":"Polygon","coordinates":[[[-1.5884010853801378,12.338180764324804],[-1.5884010853801378,12.338001101267979],[-1.5889400745506097,12.338001101267979],[-1.5889400745506097,12.337821438211156],[-1.5891197376074335,12.337821438211156],[-1.5891197376074335,12.337641775154331],[-1.5892994006642573,12.337641775154331],[-1.5892994006642573,12.337462112097509],[-1.5894790637210814,12.337462112097509],[-1.5894790637210814,12.337282449040684],[-1.5892994006642573,12.337282449040684],[-1.5892994006642573,12.337102785983861],[-1.5891197376074335,12.337102785983861],[-1.5891197376074335,12.336923122927036],[-1.5889400745506097,12.336923122927036],[-1.5889400745506097,12.336563796813389],[-1.5885807484369618,12.336563796813389],[-1.5885807484369618,12.336384133756564],[-1.5884010853801378,12.336384133756564],[-1.5884010853801378,12.336563796813389],[-1.5880417592664902,12.336563796813389],[-1.5880417592664902,12.336743459870213],[-1.5878620962096661,12.336743459870213],[-1.5878620962096661,12.337102785983861],[-1.5876824331528423,12.337102785983861],[-1.5876824331528423,12.337821438211156],[-1.588221422323314,12.337821438211156],[-1.588221422323314,12.338001101267979],[-1.5880417592664902,12.338001101267979],[-1.5880417592664902,12.338180764324804],[-1.5884010853801378,12.338180764324804]]]},"id":"-8840+68673","properties":{"count":61,"eau":1}},{"type":"Feature","geometry":{"geodesic":false,"type":"Polygon","coordinates":[[[-1.5912756942893203,12.334048514017853],[-1.5910960312324964,12.334048514017853],[-1.5910960312324964,12.334228177074678],[-1.5912756942893203,12.334228177074678],[-1.5912756942893203,12.334048514017853]]]},"id":"-8857+68651","properties":{"count":1,"eau":1}},{"type":"Feature","geometry":{"geodesic":false,"type":"Polygon","coordinates":[[[-1.5918146834597922,12.336923122927036],[-1.5918146834597922,12.336384133756564],[-1.5916350204029681,12.336384133756564],[-1.5916350204029681,12.336204470699741],[-1.5912756942893203,12.336204470699741],[-1.5912756942893203,12.336024807642916],[-1.5910960312324964,12.336024807642916],[-1.5910960312324964,12.336204470699741],[-1.5909163681756726,12.336204470699741],[-1.5909163681756726,12.336384133756564],[-1.5907367051188486,12.336384133756564],[-1.5907367051188486,12.336563796813389],[-1.5909163681756726,12.336563796813389],[-1.5909163681756726,12.336743459870213],[-1.5910960312324964,12.336743459870213],[-1.5910960312324964,12.336923122927036],[-1.5918146834597922,12.336923122927036]]]},"id":"-8857+68666","properties":{"count":20,"eau":1}},{"type":"Feature","geometry":{"geodesic":false,"type":"MultiPolygon","coordinates":[[[[-1.5914553573461443,12.335126492358798],[-1.5912756942893205,12.335126492358798],[-1.5912756942893205,12.335485818472446],[-1.5914553573461443,12.335485818472446],[-1.5914553573461443,12.335845144586093],[-1.5918146834597922,12.335845144586093],[-1.5918146834597922,12.33566548152927],[-1.5916350204029683,12.33566548152927],[-1.5916350204029683,12.335306155415623],[-1.5914553573461443,12.335306155415623],[-1.5914553573461443,12.335126492358798]]],[[[-1.5914553573461443,12.335126492358798],[-1.5916350204029683,12.335126492358798],[-1.5916350204029683,12.334946829301975],[-1.5918146834597922,12.334946829301975],[-1.5918146834597922,12.33476716624515],[-1.5916350204029683,12.33476716624515],[-1.5916350204029683,12.334587503188326],[-1.5912756942893205,12.334587503188326],[-1.5912756942893205,12.334407840131503],[-1.5910960312324967,12.334407840131503],[-1.5910960312324967,12.33476716624515],[-1.5912756942893205,12.33476716624515],[-1.5912756942893205,12.334946829301975],[-1.5914553573461443,12.334946829301975],[-1.5914553573461443,12.335126492358798]]]]},"id":"-8859+68660","properties":{"count":14,"eau":1}},{"type":"Feature","geometry":{"geodesic":false,"type":"Polygon","coordinates":[[[-1.5923536726302638,12.335485818472446],[-1.5923536726302638,12.335306155415621],[-1.5921740095734398,12.335306155415621],[-1.5921740095734398,12.335126492358798],[-1.5918146834597922,12.335126492358798],[-1.5918146834597922,12.335306155415621],[-1.591994346516616,12.335306155415621],[-1.591994346516616,12.335485818472446],[-1.5923536726302638,12.335485818472446]]]},"id":"-8862+68658","properties":{"count":4,"eau":1}},{"type":"Feature","geometry":{"geodesic":false,"type":"MultiPolygon","coordinates":[[[[-1.5928926618007355,12.335126492358798],[-1.5925333356870879,12.335126492358798],[-1.5925333356870879,12.335485818472446],[-1.5930723248575596,12.335485818472446],[-1.5930723248575596,12.335306155415623],[-1.5928926618007355,12.335306155415623],[-1.5928926618007355,12.335126492358798]]],[[[-1.5930723248575596,12.334946829301975],[-1.5928926618007355,12.334946829301975],[-1.5928926618007355,12.335126492358798],[-1.5930723248575596,12.335126492358798],[-1.5930723248575596,12.334946829301975]]]]},"id":"-8865+68658","properties":{"count":6,"eau":1}},{"type":"Feature","geometry":{"geodesic":false,"type":"Polygon","coordinates":[[[-1.593611314028031,12.335845144586093],[-1.593611314028031,12.335665481529269],[-1.593790977084855,12.335665481529269],[-1.593790977084855,12.335485818472446],[-1.5934316509712072,12.335485818472446],[-1.5934316509712072,12.335665481529269],[-1.5928926618007355,12.335665481529269],[-1.5928926618007355,12.335845144586093],[-1.593611314028031,12.335845144586093]]]},"id":"-8867+68660","properties":{"count":6,"eau":1}},{"type":"Feature","geometry":{"geodesic":false,"type":"Polygon","coordinates":[[[-1.5990012057327483,12.316261871392287],[-1.5990012057327483,12.316082208335464],[-1.599180868789572,12.316082208335464],[-1.599180868789572,12.31590254527864],[-1.5988215426759242,12.31590254527864],[-1.5988215426759242,12.316082208335464],[-1.5986418796191004,12.316082208335464],[-1.5986418796191004,12.316261871392287],[-1.5990012057327483,12.316261871392287]]]},"id":"-8899+68551","properties":{"count":4,"eau":1}},{"type":"Feature","geometry":{"geodesic":false,"type":"MultiPolygon","coordinates":[[[[-1.6002588471305157,12.514070896955406],[-1.6000791840736919,12.514070896955406],[-1.6000791840736919,12.513352244728111],[-1.599719857960044,12.513352244728111],[-1.599719857960044,12.513172581671288],[-1.5993605318463961,12.513172581671288],[-1.5993605318463961,12.512992918614463],[-1.5982825535054528,12.512992918614463],[-1.5982825535054528,12.512813255557639],[-1.597923227391805,12.512813255557639],[-1.597923227391805,12.512633592500816],[-1.597563901278157,12.512633592500816],[-1.597563901278157,12.512453929443991],[-1.5972045751645092,12.512453929443991],[-1.5972045751645092,12.512274266387168],[-1.5970249121076854,12.512274266387168],[-1.5970249121076854,12.512453929443991],[-1.5968452490508616,12.512453929443991],[-1.5968452490508616,12.512274266387168],[-1.5966655859940375,12.512274266387168],[-1.5966655859940375,12.512094603330343],[-1.5963062598803899,12.512094603330343],[-1.5963062598803899,12.512633592500816],[-1.5961265968235658,12.512633592500816],[-1.5961265968235658,12.512992918614463],[-1.595946933766742,12.512992918614463],[-1.595946933766742,12.513172581671288],[-1.5950486184826225,12.513172581671288],[-1.5950486184826225,12.513352244728111],[-1.5946892923689746,12.513352244728111],[-1.5946892923689746,12.513172581671288],[-1.5943299662553267,12.513172581671288],[-1.5943299662553267,12.512992918614463],[-1.594150303198503,12.512992918614463],[-1.594150303198503,12.512813255557639],[-1.593970640141679,12.512813255557639],[-1.593970640141679,12.512633592500816],[-1.5934316509712072,12.512633592500816],[-1.5934316509712072,12.512274266387168],[-1.5930723248575596,12.512274266387168],[-1.5930723248575596,12.512094603330343],[-1.5923536726302638,12.512094603330343],[-1.5923536726302638,12.51191494027352],[-1.5918146834597922,12.51191494027352],[-1.5918146834597922,12.511735277216696],[-1.5912756942893205,12.511735277216696],[-1.5912756942893205,12.51191494027352],[-1.5905570420620248,12.51191494027352],[-1.5905570420620248,12.511375951103048],[-1.590197715948377,12.511375951103048],[-1.590197715948377,12.511555614159873],[-1.590018052891553,12.511555614159873],[-1.590018052891553,12.511375951103048],[-1.5898383898347292,12.511375951103048],[-1.5898383898347292,12.511196288046225],[-1.5896587267779054,12.511196288046225],[-1.5896587267779054,12.511555614159873],[-1.5894790637210814,12.511555614159873],[-1.5894790637210814,12.511735277216696],[-1.5892994006642576,12.511735277216696],[-1.5892994006642576,12.51191494027352],[-1.5871434439823706,12.51191494027352],[-1.5871434439823706,12.511735277216696],[-1.586245128698251,12.511735277216696],[-1.586245128698251,12.513891233898583],[-1.5864247917550751,12.513891233898583],[-1.5864247917550751,12.514070896955406],[-1.5867841178687228,12.514070896955406],[-1.5867841178687228,12.514250560012231],[-1.5873231070391947,12.514250560012231],[-1.5873231070391947,12.514430223069054],[-1.5878620962096663,12.514430223069054],[-1.5878620962096663,12.514250560012231],[-1.5898383898347292,12.514250560012231],[-1.5898383898347292,12.514430223069054],[-1.590018052891553,12.514430223069054],[-1.590018052891553,12.514609886125879],[-1.590377379005201,12.514609886125879],[-1.590377379005201,12.514789549182703],[-1.5910960312324967,12.514789549182703],[-1.5910960312324967,12.514969212239526],[-1.5918146834597922,12.514969212239526],[-1.5918146834597922,12.515148875296351],[-1.59217400957344,12.515148875296351],[-1.59217400957344,12.515328538353174],[-1.5927129987439117,12.515328538353174],[-1.5927129987439117,12.515508201409999],[-1.5930723248575596,12.515508201409999],[-1.5930723248575596,12.515687864466821],[-1.5934316509712072,12.515687864466821],[-1.5934316509712072,12.515867527523646],[-1.593790977084855,12.515867527523646],[-1.593790977084855,12.515687864466821],[-1.594150303198503,12.515687864466821],[-1.594150303198503,12.515508201409999],[-1.5950486184826225,12.515508201409999],[-1.5950486184826225,12.515687864466821],[-1.5952282815394463,12.515687864466821],[-1.5952282815394463,12.516047190580469],[-1.5954079445962703,12.516047190580469],[-1.5954079445962703,12.516406516694117],[-1.5955876076530942,12.516406516694117],[-1.5955876076530942,12.516765842807766],[-1.595946933766742,12.516765842807766],[-1.595946933766742,12.516945505864589],[-1.5964859229372137,12.516945505864589],[-1.5964859229372137,12.516765842807766],[-1.5966655859940375,12.516765842807766],[-1.5966655859940375,12.516945505864589],[-1.597743564334981,12.516945505864589],[-1.597743564334981,12.516765842807766],[-1.5981028904486287,12.516765842807766],[-1.5981028904486287,12.516586179750941],[-1.5984622165622766,12.516586179750941],[-1.5984622165622766,12.516406516694117],[-1.5986418796191004,12.516406516694117],[-1.5986418796191004,12.516586179750941],[-1.5988215426759245,12.516586179750941],[-1.5988215426759245,12.516765842807766],[-1.5990012057327483,12.516765842807766],[-1.5990012057327483,12.516945505864589],[-1.5991808687895723,12.516945505864589],[-1.5991808687895723,12.517304831978237],[-1.5993605318463961,12.517304831978237],[-1.5993605318463961,12.516945505864589],[-1.599719857960044,12.516945505864589],[-1.599719857960044,12.516765842807766],[-1.6006181732441636,12.516765842807766],[-1.6006181732441636,12.515687864466821],[-1.6004385101873395,12.515687864466821],[-1.6004385101873395,12.515148875296351],[-1.5998995210168678,12.515148875296351],[-1.5998995210168678,12.514969212239526],[-1.59954019490322,12.514969212239526],[-1.59954019490322,12.514789549182703],[-1.5993605318463961,12.514789549182703],[-1.5993605318463961,12.514609886125879],[-1.5998995210168678,12.514609886125879],[-1.5998995210168678,12.514789549182703],[-1.6000791840736919,12.514789549182703],[-1.6000791840736919,12.514609886125879],[-1.6002588471305157,12.514609886125879],[-1.6002588471305157,12.514070896955406]],[[-1.5972045751645092,12.512633592500816],[-1.5970249121076854,12.512633592500816],[-1.5970249121076854,12.512813255557639],[-1.5972045751645092,12.512813255557639],[-1.5972045751645092,12.512633592500816]],[[-1.5972045751645092,12.513352244728111],[-1.5968452490508616,12.513352244728111],[-1.5968452490508616,12.513172581671288],[-1.5966655859940375,12.513172581671288],[-1.5966655859940375,12.513531907784936],[-1.5972045751645092,12.513531907784936],[-1.5972045751645092,12.513352244728111]],[[-1.590377379005201,12.511735277216696],[-1.590197715948377,12.511735277216696],[-1.590197715948377,12.51191494027352],[-1.590377379005201,12.51191494027352],[-1.590377379005201,12.511735277216696]]],[[[-1.6004385101873395,12.513891233898583],[-1.6002588471305157,12.513891233898583],[-1.6002588471305157,12.514070896955406],[-1.6004385101873395,12.514070896955406],[-1.6004385101873395,12.513891233898583]]]]},"id":"-8902+69670","properties":{"count":1386,"eau":1}},{"type":"Feature","geometry":{"geodesic":false,"type":"MultiPolygon","coordinates":[[[[-1.6011571624146352,12.516586179750941],[-1.6009774993578112,12.516586179750941],[-1.6009774993578112,12.516945505864589],[-1.6011571624146352,12.516945505864589],[-1.6011571624146352,12.516586179750941]]],[[[-1.6011571624146352,12.516586179750941],[-1.601336825471459,12.516586179750941],[-1.601336825471459,12.516047190580469],[-1.6011571624146352,12.516047190580469],[-1.6011571624146352,12.515328538353174],[-1.6006181732441636,12.515328538353174],[-1.6006181732441636,12.515508201409999],[-1.6007978363009874,12.515508201409999],[-1.6007978363009874,12.515687864466821],[-1.6009774993578112,12.515687864466821],[-1.6009774993578112,12.516406516694117],[-1.6011571624146352,12.516406516694117],[-1.6011571624146352,12.516586179750941]]]]},"id":"-8912+69668","properties":{"count":14,"eau":1}},{"type":"Feature","geometry":{"geodesic":false,"type":"Polygon","coordinates":[[[-1.6115776197104215,12.647919874289215],[-1.6110386305399498,12.647919874289215],[-1.6110386305399498,12.64774021123239],[-1.610858967483126,12.64774021123239],[-1.610858967483126,12.647560548175568],[-1.610499641369478,12.647560548175568],[-1.610499641369478,12.647380885118743],[-1.6103199783126543,12.647380885118743],[-1.6103199783126543,12.647021559005095],[-1.610499641369478,12.647021559005095],[-1.610499641369478,12.646662232891448],[-1.6101403152558302,12.646662232891448],[-1.6101403152558302,12.64684189594827],[-1.6099606521990064,12.64684189594827],[-1.6099606521990064,12.646662232891448],[-1.6097809891421826,12.646662232891448],[-1.6097809891421826,12.646482569834623],[-1.6096013260853586,12.646482569834623],[-1.6096013260853586,12.6463029067778],[-1.6094216630285347,12.6463029067778],[-1.6094216630285347,12.646123243720975],[-1.608882673858063,12.646123243720975],[-1.608882673858063,12.6463029067778],[-1.608703010801239,12.6463029067778],[-1.608703010801239,12.645943580664152],[-1.6078046955171195,12.645943580664152],[-1.6078046955171195,12.645763917607328],[-1.607086043289824,12.645763917607328],[-1.607086043289824,12.646123243720975],[-1.606906380233,12.646123243720975],[-1.606906380233,12.64720122206192],[-1.606726717176176,12.64720122206192],[-1.606726717176176,12.648099537346038],[-1.6076250324602956,12.648099537346038],[-1.6076250324602956,12.648279200402863],[-1.6078046955171195,12.648279200402863],[-1.6078046955171195,12.648458863459686],[-1.6079843585739435,12.648458863459686],[-1.6079843585739435,12.64863852651651],[-1.6085233477444152,12.64863852651651],[-1.6085233477444152,12.648818189573333],[-1.608703010801239,12.648818189573333],[-1.608703010801239,12.649716504857453],[-1.6090623369148869,12.649716504857453],[-1.6090623369148869,12.649896167914278],[-1.6092419999717107,12.649896167914278],[-1.6092419999717107,12.650075830971101],[-1.6094216630285347,12.650075830971101],[-1.6094216630285347,12.649896167914278],[-1.6096013260853586,12.649896167914278],[-1.6096013260853586,12.649716504857453],[-1.6097809891421826,12.649716504857453],[-1.6097809891421826,12.650075830971101],[-1.6103199783126543,12.650075830971101],[-1.6103199783126543,12.650255494027926],[-1.610679304426302,12.650255494027926],[-1.610679304426302,12.650075830971101],[-1.610858967483126,12.650075830971101],[-1.610858967483126,12.649896167914278],[-1.6110386305399498,12.649896167914278],[-1.6110386305399498,12.650255494027926],[-1.6117572827672455,12.650255494027926],[-1.6117572827672455,12.650435157084749],[-1.612475934994541,12.650435157084749],[-1.612475934994541,12.650614820141573],[-1.6133742502786605,12.650614820141573],[-1.6133742502786605,12.650435157084749],[-1.6140929025059563,12.650435157084749],[-1.6140929025059563,12.650255494027926],[-1.6148115547332518,12.650255494027926],[-1.6148115547332518,12.650435157084749],[-1.6158895330741951,12.650435157084749],[-1.6158895330741951,12.650255494027926],[-1.616428522244667,12.650255494027926],[-1.616428522244667,12.650435157084749],[-1.6169675114151387,12.650435157084749],[-1.6169675114151387,12.650614820141573],[-1.6173268375287866,12.650614820141573],[-1.6173268375287866,12.650794483198396],[-1.618045489756082,12.650794483198396],[-1.618045489756082,12.650974146255221],[-1.6189438050402016,12.650974146255221],[-1.6189438050402016,12.650614820141573],[-1.6193031311538495,12.650614820141573],[-1.6193031311538495,12.650794483198396],[-1.6194827942106733,12.650794483198396],[-1.6194827942106733,12.650614820141573],[-1.620201446437969,12.650614820141573],[-1.620201446437969,12.650435157084749],[-1.6205607725516167,12.650435157084749],[-1.6205607725516167,12.650255494027926],[-1.620021783381145,12.650255494027926],[-1.620021783381145,12.650435157084749],[-1.6189438050402016,12.650435157084749],[-1.6189438050402016,12.650075830971101],[-1.6194827942106733,12.650075830971101],[-1.6194827942106733,12.649896167914278],[-1.6193031311538495,12.649896167914278],[-1.6193031311538495,12.649716504857453],[-1.6185844789265538,12.649716504857453],[-1.6185844789265538,12.64953684180063],[-1.6178658266992583,12.64953684180063],[-1.6178658266992583,12.649357178743806],[-1.6173268375287866,12.649357178743806],[-1.6173268375287866,12.649177515686983],[-1.6166081853014909,12.649177515686983],[-1.6166081853014909,12.648997852630158],[-1.6158895330741951,12.648997852630158],[-1.6158895330741951,12.648818189573333],[-1.614452228619604,12.648818189573333],[-1.614452228619604,12.64863852651651],[-1.6137335763923084,12.64863852651651],[-1.6137335763923084,12.648458863459686],[-1.612655598051365,12.648458863459686],[-1.612655598051365,12.648279200402863],[-1.6121166088808931,12.648279200402863],[-1.6121166088808931,12.648099537346038],[-1.6115776197104215,12.648099537346038],[-1.6115776197104215,12.647919874289215]],[[-1.6103199783126543,12.64953684180063],[-1.610679304426302,12.64953684180063],[-1.610679304426302,12.649357178743806],[-1.6103199783126543,12.649357178743806],[-1.6103199783126543,12.64953684180063]]]},"id":"-9007+70414","properties":{"count":813,"eau":1}},{"type":"Feature","geometry":{"geodesic":false,"type":"Polygon","coordinates":[[[-1.6210997617220884,12.650255494027926],[-1.6207404356084407,12.650255494027926],[-1.6207404356084407,12.650435157084749],[-1.6210997617220884,12.650435157084749],[-1.6210997617220884,12.650255494027926]]]},"id":"-9022+70411","properties":{"count":2,"eau":1}},{"type":"Feature","geometry":{"geodesic":false,"type":"Polygon","coordinates":[[[-1.6210997617220884,12.416873183213674],[-1.6210997617220884,12.41669352015685],[-1.6212794247789124,12.41669352015685],[-1.6212794247789124,12.416154530986379],[-1.6216387508925603,12.416154530986379],[-1.6216387508925603,12.415615541815907],[-1.6214590878357362,12.415615541815907],[-1.6214590878357362,12.41579520487273],[-1.6212794247789124,12.41579520487273],[-1.6212794247789124,12.415974867929554],[-1.6210997617220884,12.415974867929554],[-1.6210997617220884,12.416513857100027],[-1.6209200986652645,12.416513857100027],[-1.6209200986652645,12.416873183213674],[-1.6210997617220884,12.416873183213674]]]},"id":"-9023+69111","properties":{"count":11,"eau":1}},{"type":"Feature","geometry":{"geodesic":false,"type":"MultiPolygon","coordinates":[[[[-1.6457136005069635,12.091144061191937],[-1.6455339374501396,12.091144061191937],[-1.6455339374501396,12.09132372424876],[-1.6457136005069635,12.09132372424876],[-1.6457136005069635,12.091144061191937]]],[[[-1.6457136005069635,12.09132372424876],[-1.6457136005069635,12.091862713419232],[-1.6462525896774352,12.091862713419232],[-1.6462525896774352,12.091503387305584],[-1.6458932635637873,12.091503387305584],[-1.6458932635637873,12.09132372424876],[-1.6457136005069635,12.09132372424876]]]]},"id":"-9161+67302","properties":{"count":8,"eau":1}},{"type":"Feature","geometry":{"geodesic":false,"type":"Polygon","coordinates":[[[-1.6462525896774352,12.090784735078287],[-1.646072926620611,12.090784735078287],[-1.646072926620611,12.090964398135112],[-1.6462525896774352,12.090964398135112],[-1.6462525896774352,12.090784735078287]]]},"id":"-9163+67297","properties":{"count":1,"eau":1}},{"type":"Feature","geometry":{"geodesic":false,"type":"Polygon","coordinates":[[[-1.6473305680183785,12.09132372424876],[-1.6473305680183785,12.090964398135112],[-1.6466119157910828,12.090964398135112],[-1.6466119157910828,12.090784735078287],[-1.646432252734259,12.090784735078287],[-1.646432252734259,12.091144061191935],[-1.6467915788479068,12.091144061191935],[-1.6467915788479068,12.09132372424876],[-1.6473305680183785,12.09132372424876]]]},"id":"-9167+67299","properties":{"count":9,"eau":1}},{"type":"Feature","geometry":{"geodesic":false,"type":"Polygon","coordinates":[[[-1.6473305680183785,12.093479680930646],[-1.6471509049615547,12.093479680930646],[-1.6471509049615547,12.09365934398747],[-1.6473305680183785,12.09365934398747],[-1.6473305680183785,12.093479680930646]]]},"id":"-9169+67312","properties":{"count":1,"eau":1}},{"type":"Feature","geometry":{"geodesic":false,"type":"MultiPolygon","coordinates":[[[[-1.6480492202456742,12.091144061191937],[-1.6478695571888504,12.091144061191937],[-1.6478695571888504,12.09132372424876],[-1.6480492202456742,12.09132372424876],[-1.6480492202456742,12.091144061191937]]],[[[-1.648408546359322,12.09132372424876],[-1.6480492202456742,12.09132372424876],[-1.6480492202456742,12.091503387305584],[-1.648408546359322,12.091503387305584],[-1.648408546359322,12.09132372424876]]]]},"id":"-9174+67300","properties":{"count":3,"eau":1}},{"type":"Feature","geometry":{"geodesic":false,"type":"Polygon","coordinates":[[[-1.6489475355297936,12.091503387305583],[-1.6487678724729697,12.091503387305583],[-1.6487678724729697,12.091683050362407],[-1.6489475355297936,12.091683050362407],[-1.6489475355297936,12.091503387305583]]]},"id":"-9178+67301","properties":{"count":1,"eau":1}},{"type":"Feature","geometry":{"geodesic":false,"type":"Polygon","coordinates":[[[-1.6491271985866176,12.09365934398747],[-1.6487678724729697,12.09365934398747],[-1.6487678724729697,12.093839007044293],[-1.6491271985866176,12.093839007044293],[-1.6491271985866176,12.09365934398747]]]},"id":"-9178+67313","properties":{"count":2,"eau":1}},{"type":"Feature","geometry":{"geodesic":false,"type":"Polygon","coordinates":[[[-1.650205176927561,12.09186271341923],[-1.6500255138707371,12.09186271341923],[-1.6500255138707371,12.092042376476055],[-1.650205176927561,12.092042376476055],[-1.650205176927561,12.09186271341923]]]},"id":"-9185+67303","properties":{"count":1,"eau":1}},{"type":"Feature","geometry":{"geodesic":false,"type":"Polygon","coordinates":[[[-1.665117210643945,12.161392316410081],[-1.664937547587121,12.161392316410081],[-1.664937547587121,12.161571979466906],[-1.665117210643945,12.161571979466906],[-1.665117210643945,12.161392316410081]]]},"id":"-9268+67690","properties":{"count":1,"eau":1}},{"type":"Feature","geometry":{"geodesic":false,"type":"Polygon","coordinates":[[[-1.6660155259280645,12.160314338069139],[-1.6658358628712406,12.160314338069139],[-1.6658358628712406,12.160673664182786],[-1.6660155259280645,12.160673664182786],[-1.6660155259280645,12.160314338069139]]]},"id":"-9273+67685","properties":{"count":2,"eau":1}},{"type":"Feature","geometry":{"geodesic":false,"type":"Polygon","coordinates":[[[-1.6672731673258319,12.163188946978321],[-1.6672731673258319,12.162470294751026],[-1.667093504269008,12.162470294751026],[-1.667093504269008,12.161571979466906],[-1.6665545150985364,12.161571979466906],[-1.6665545150985364,12.161212653353259],[-1.6663748520417123,12.161212653353259],[-1.6663748520417123,12.16085332723961],[-1.6661951889848885,12.16085332723961],[-1.6661951889848885,12.161032990296434],[-1.6660155259280645,12.161032990296434],[-1.6660155259280645,12.161212653353259],[-1.6658358628712406,12.161212653353259],[-1.6658358628712406,12.161032990296434],[-1.6656561998144168,12.161032990296434],[-1.6656561998144168,12.160494001125961],[-1.6654765367575928,12.160494001125961],[-1.6654765367575928,12.160673664182786],[-1.665296873700769,12.160673664182786],[-1.665296873700769,12.16085332723961],[-1.665117210643945,12.16085332723961],[-1.665117210643945,12.161212653353259],[-1.6654765367575928,12.161212653353259],[-1.6654765367575928,12.161571979466906],[-1.6656561998144168,12.161571979466906],[-1.6656561998144168,12.161751642523729],[-1.6658358628712406,12.161751642523729],[-1.6658358628712406,12.161931305580554],[-1.6660155259280645,12.161931305580554],[-1.6660155259280645,12.162110968637377],[-1.6661951889848885,12.162110968637377],[-1.6661951889848885,12.162470294751026],[-1.6663748520417123,12.162470294751026],[-1.6663748520417123,12.162649957807849],[-1.666913841212184,12.162649957807849],[-1.666913841212184,12.163009283921497],[-1.667093504269008,12.163009283921497],[-1.667093504269008,12.163188946978321],[-1.6672731673258319,12.163188946978321]]]},"id":"-9280+67699","properties":{"count":66,"eau":1}},{"type":"Feature","geometry":{"geodesic":false,"type":"Polygon","coordinates":[[[-1.6703274392918384,12.341055373233987],[-1.6703274392918384,12.340875710177162],[-1.6701477762350143,12.340875710177162],[-1.6701477762350143,12.34033672100669],[-1.6699681131781905,12.34033672100669],[-1.6699681131781905,12.340157057949867],[-1.6697884501213665,12.340157057949867],[-1.6697884501213665,12.339977394893042],[-1.6694291240077188,12.339977394893042],[-1.6694291240077188,12.340157057949867],[-1.6696087870645426,12.340157057949867],[-1.6696087870645426,12.341055373233987],[-1.6703274392918384,12.341055373233987]]]},"id":"-9294+68689","properties":{"count":17,"eau":1}},{"type":"Feature","geometry":{"geodesic":false,"type":"MultiPolygon","coordinates":[[[[-1.6773342985079707,12.191935036070147],[-1.6769749723943228,12.191935036070147],[-1.6769749723943228,12.192474025240617],[-1.6771546354511466,12.192474025240617],[-1.6771546354511466,12.19301301441109],[-1.6773342985079707,12.19301301441109],[-1.6773342985079707,12.192474025240617],[-1.6775139615647945,12.192474025240617],[-1.6775139615647945,12.19211469912697],[-1.6773342985079707,12.19211469912697],[-1.6773342985079707,12.191935036070147]]],[[[-1.6773342985079707,12.191935036070147],[-1.6775139615647945,12.191935036070147],[-1.6775139615647945,12.191216383842852],[-1.6773342985079707,12.191216383842852],[-1.6773342985079707,12.191036720786027],[-1.6775139615647945,12.191036720786027],[-1.6775139615647945,12.190497731615554],[-1.6773342985079707,12.190497731615554],[-1.6773342985079707,12.190138405501907],[-1.6771546354511466,12.190138405501907],[-1.6771546354511466,12.189419753274612],[-1.6773342985079707,12.189419753274612],[-1.6773342985079707,12.188701101047316],[-1.6775139615647945,12.188701101047316],[-1.6775139615647945,12.187443459649549],[-1.6773342985079707,12.187443459649549],[-1.6773342985079707,12.186006155194958],[-1.6775139615647945,12.186006155194958],[-1.6775139615647945,12.185826492138133],[-1.6776936246216185,12.185826492138133],[-1.6776936246216185,12.185467166024486],[-1.6775139615647945,12.185467166024486],[-1.6775139615647945,12.185287502967661],[-1.676795309337499,12.185287502967661],[-1.676795309337499,12.185467166024486],[-1.6764359832238511,12.185467166024486],[-1.6764359832238511,12.18564682908131],[-1.6760766571102033,12.18564682908131],[-1.6760766571102033,12.185826492138133],[-1.6758969940533794,12.185826492138133],[-1.6758969940533794,12.186545144365429],[-1.6762563201670273,12.186545144365429],[-1.6762563201670273,12.187084133535901],[-1.6757173309965554,12.187084133535901],[-1.6757173309965554,12.187443459649549],[-1.6758969940533794,12.187443459649549],[-1.6758969940533794,12.187802785763196],[-1.6760766571102033,12.187802785763196],[-1.6760766571102033,12.187443459649549],[-1.6762563201670273,12.187443459649549],[-1.6762563201670273,12.187263796592724],[-1.6764359832238511,12.187263796592724],[-1.6764359832238511,12.188341774933669],[-1.676615646280675,12.188341774933669],[-1.676615646280675,12.188701101047316],[-1.676795309337499,12.188701101047316],[-1.676795309337499,12.189419753274612],[-1.676615646280675,12.189419753274612],[-1.676615646280675,12.18977907938826],[-1.676795309337499,12.18977907938826],[-1.676795309337499,12.190138405501907],[-1.6769749723943228,12.190138405501907],[-1.6769749723943228,12.19067739467238],[-1.6771546354511466,12.19067739467238],[-1.6771546354511466,12.190857057729202],[-1.676795309337499,12.190857057729202],[-1.676795309337499,12.191036720786027],[-1.6769749723943228,12.191036720786027],[-1.6769749723943228,12.191216383842852],[-1.676795309337499,12.191216383842852],[-1.676795309337499,12.1915757099565],[-1.6769749723943228,12.1915757099565],[-1.6769749723943228,12.191755373013322],[-1.6773342985079707,12.191755373013322],[-1.6773342985079707,12.191935036070147]]]]},"id":"-9336+67865","properties":{"count":190,"eau":1}},{"type":"Feature","geometry":{"geodesic":false,"type":"Polygon","coordinates":[[[-1.683802168553631,12.560423965615973],[-1.683802168553631,12.560064639502325],[-1.683981831610455,12.560064639502325],[-1.683981831610455,12.5598849764455],[-1.6843411577241028,12.5598849764455],[-1.6843411577241028,12.559525650331853],[-1.6845208207809266,12.559525650331853],[-1.6845208207809266,12.55934598727503],[-1.6848801468945744,12.55934598727503],[-1.6848801468945744,12.559166324218205],[-1.6850598099513985,12.559166324218205],[-1.6850598099513985,12.558806998104558],[-1.6843411577241028,12.558806998104558],[-1.6843411577241028,12.558627335047735],[-1.6829038532695115,12.558627335047735],[-1.6829038532695115,12.559166324218205],[-1.6830835163263353,12.559166324218205],[-1.6830835163263353,12.559705313388678],[-1.6832631793831594,12.559705313388678],[-1.6832631793831594,12.56024430255915],[-1.6834428424399832,12.56024430255915],[-1.6834428424399832,12.560423965615973],[-1.683802168553631,12.560423965615973]]]},"id":"-9371+69910","properties":{"count":72,"eau":1}},{"type":"Feature","geometry":{"geodesic":false,"type":"MultiPolygon","coordinates":[[[[-1.6823648640990398,12.21511157040043],[-1.6823648640990398,12.214752244286782],[-1.6827241902126877,12.214752244286782],[-1.6827241902126877,12.214931907343606],[-1.6829038532695118,12.214931907343606],[-1.6829038532695118,12.215291233457254],[-1.6830835163263356,12.215291233457254],[-1.6830835163263356,12.215470896514077],[-1.6829038532695118,12.215470896514077],[-1.6829038532695118,12.215830222627726],[-1.6830835163263356,12.215830222627726],[-1.6830835163263356,12.21600988568455],[-1.6832631793831594,12.21600988568455],[-1.6832631793831594,12.216369211798197],[-1.6834428424399834,12.216369211798197],[-1.6834428424399834,12.216548874855022],[-1.6836225054968073,12.216548874855022],[-1.6836225054968073,12.216728537911845],[-1.683802168553631,12.216728537911845],[-1.683802168553631,12.216548874855022],[-1.6839818316104551,12.216548874855022],[-1.6839818316104551,12.217267527082317],[-1.684161494667279,12.217267527082317],[-1.684161494667279,12.21744719013914],[-1.684341157724103,12.21744719013914],[-1.684341157724103,12.217626853195965],[-1.6847004838377506,12.217626853195965],[-1.6847004838377506,12.21744719013914],[-1.6848801468945747,12.21744719013914],[-1.6848801468945747,12.217087864025492],[-1.6850598099513985,12.217087864025492],[-1.6850598099513985,12.21690820096867],[-1.6852394730082223,12.21690820096867],[-1.6852394730082223,12.216548874855022],[-1.6850598099513985,12.216548874855022],[-1.6850598099513985,12.216728537911845],[-1.6847004838377506,12.216728537911845],[-1.6847004838377506,12.21690820096867],[-1.6845208207809268,12.21690820096867],[-1.6845208207809268,12.216728537911845],[-1.684341157724103,12.216728537911845],[-1.684341157724103,12.216548874855022],[-1.684161494667279,12.216548874855022],[-1.684161494667279,12.21600988568455],[-1.6839818316104551,12.21600988568455],[-1.6839818316104551,12.215830222627726],[-1.684341157724103,12.215830222627726],[-1.684341157724103,12.215650559570902],[-1.6845208207809268,12.215650559570902],[-1.6845208207809268,12.215470896514077],[-1.6847004838377506,12.215470896514077],[-1.6847004838377506,12.214931907343606],[-1.6848801468945747,12.214931907343606],[-1.6848801468945747,12.214752244286782],[-1.6850598099513985,12.214752244286782],[-1.6850598099513985,12.214213255116311],[-1.6848801468945747,12.214213255116311],[-1.6848801468945747,12.214033592059486],[-1.684341157724103,12.214033592059486],[-1.684341157724103,12.214213255116311],[-1.684161494667279,12.214213255116311],[-1.684161494667279,12.214033592059486],[-1.683802168553631,12.214033592059486],[-1.683802168553631,12.213674265945839],[-1.6839818316104551,12.213674265945839],[-1.6839818316104551,12.213494602889014],[-1.684161494667279,12.213494602889014],[-1.684161494667279,12.213314939832191],[-1.684341157724103,12.213314939832191],[-1.684341157724103,12.213135276775366],[-1.6845208207809268,12.213135276775366],[-1.6845208207809268,12.212775950661719],[-1.6847004838377506,12.212775950661719],[-1.6847004838377506,12.212057298434424],[-1.684341157724103,12.212057298434424],[-1.684341157724103,12.211518309263951],[-1.6836225054968073,12.211518309263951],[-1.6836225054968073,12.211697972320776],[-1.6830835163263356,12.211697972320776],[-1.6830835163263356,12.211518309263951],[-1.6829038532695118,12.211518309263951],[-1.6829038532695118,12.211338646207128],[-1.6827241902126877,12.211338646207128],[-1.6827241902126877,12.211158983150304],[-1.6823648640990398,12.211158983150304],[-1.6823648640990398,12.211338646207128],[-1.6814665488149205,12.211338646207128],[-1.6814665488149205,12.210619993979833],[-1.6812868857580965,12.210619993979833],[-1.6812868857580965,12.209901341752536],[-1.6811072227012727,12.209901341752536],[-1.6811072227012727,12.209362352582065],[-1.6809275596444486,12.209362352582065],[-1.6809275596444486,12.209542015638888],[-1.6802089074171531,12.209542015638888],[-1.6802089074171531,12.209721678695713],[-1.6796699182466814,12.209721678695713],[-1.6796699182466814,12.209901341752536],[-1.6793105921330336,12.209901341752536],[-1.6793105921330336,12.21008100480936],[-1.6789512660193857,12.21008100480936],[-1.6789512660193857,12.210260667866185],[-1.6785919399057379,12.210260667866185],[-1.6785919399057379,12.210440330923008],[-1.6791309290762098,12.210440330923008],[-1.6791309290762098,12.210619993979833],[-1.678771602962562,12.210619993979833],[-1.678771602962562,12.211697972320776],[-1.6789512660193857,12.211697972320776],[-1.6789512660193857,12.211877635377599],[-1.6785919399057379,12.211877635377599],[-1.6785919399057379,12.212236961491248],[-1.678412276848914,12.212236961491248],[-1.678412276848914,12.212955613718544],[-1.6785919399057379,12.212955613718544],[-1.6785919399057379,12.213135276775366],[-1.678771602962562,12.213135276775366],[-1.678771602962562,12.213494602889014],[-1.6794902551898574,12.213494602889014],[-1.6794902551898574,12.213314939832191],[-1.6796699182466814,12.213314939832191],[-1.6796699182466814,12.213135276775366],[-1.6798495813035053,12.213135276775366],[-1.6798495813035053,12.212955613718544],[-1.680029244360329,12.212955613718544],[-1.680029244360329,12.213135276775366],[-1.6802089074171531,12.213135276775366],[-1.6802089074171531,12.213314939832191],[-1.680388570473977,12.213314939832191],[-1.680388570473977,12.213674265945839],[-1.680568233530801,12.213674265945839],[-1.680568233530801,12.213494602889014],[-1.6807478965876248,12.213494602889014],[-1.6807478965876248,12.212955613718544],[-1.6812868857580965,12.212955613718544],[-1.6812868857580965,12.213135276775366],[-1.6816462118717443,12.213135276775366],[-1.6816462118717443,12.213674265945839],[-1.6818258749285682,12.213674265945839],[-1.6818258749285682,12.214752244286782],[-1.6820055379853922,12.214752244286782],[-1.6820055379853922,12.21511157040043],[-1.6823648640990398,12.21511157040043]],[[-1.6836225054968073,12.21600988568455],[-1.6834428424399834,12.21600988568455],[-1.6834428424399834,12.216189548741374],[-1.6836225054968073,12.216189548741374],[-1.6836225054968073,12.21600988568455]],[[-1.6832631793831594,12.214572581229959],[-1.6829038532695118,12.214572581229959],[-1.6829038532695118,12.214752244286782],[-1.6832631793831594,12.214752244286782],[-1.6832631793831594,12.214572581229959]],[[-1.6830835163263356,12.212775950661719],[-1.6829038532695118,12.212775950661719],[-1.6829038532695118,12.213135276775366],[-1.6830835163263356,12.213135276775366],[-1.6830835163263356,12.212775950661719]],[[-1.6823648640990398,12.213674265945839],[-1.682185201042216,12.213674265945839],[-1.682185201042216,12.213853929002664],[-1.6823648640990398,12.213853929002664],[-1.6823648640990398,12.213674265945839]],[[-1.6791309290762098,12.212955613718544],[-1.6794902551898574,12.212955613718544],[-1.6794902551898574,12.212775950661719],[-1.6791309290762098,12.212775950661719],[-1.6791309290762098,12.212955613718544]],[[-1.6791309290762098,12.212955613718544],[-1.6789512660193857,12.212955613718544],[-1.6789512660193857,12.213135276775366],[-1.6791309290762098,12.213135276775366],[-1.6791309290762098,12.212955613718544]]],[[[-1.6827241902126877,12.21511157040043],[-1.6823648640990398,12.21511157040043],[-1.6823648640990398,12.215291233457254],[-1.6827241902126877,12.215291233457254],[-1.6827241902126877,12.21511157040043]]]]},"id":"-9376+68002","properties":{"count":692,"eau":1}},{"type":"Feature","geometry":{"geodesic":false,"type":"Polygon","coordinates":[[[-1.6848801468945744,12.21600988568455],[-1.6845208207809266,12.21600988568455],[-1.6845208207809266,12.216369211798197],[-1.6848801468945744,12.216369211798197],[-1.6848801468945744,12.21600988568455]]]},"id":"-9377+67995","properties":{"count":4,"eau":1}},{"type":"Feature","geometry":{"geodesic":false,"type":"Polygon","coordinates":[[[-1.6852394730082223,12.215650559570902],[-1.6850598099513985,12.215650559570902],[-1.6850598099513985,12.215830222627725],[-1.6852394730082223,12.215830222627725],[-1.6852394730082223,12.215650559570902]]]},"id":"-9380+67992","properties":{"count":1,"eau":1}},{"type":"Feature","geometry":{"geodesic":false,"type":"Polygon","coordinates":[[[-1.6922463322243546,12.14342601072769],[-1.6922463322243546,12.142707358500395],[-1.6920666691675306,12.142707358500395],[-1.6920666691675306,12.142527695443572],[-1.6918870061107067,12.142527695443572],[-1.6918870061107067,12.142348032386748],[-1.6920666691675306,12.142348032386748],[-1.6920666691675306,12.142168369329925],[-1.6918870061107067,12.142168369329925],[-1.6918870061107067,12.1419887062731],[-1.691707343053883,12.1419887062731],[-1.691707343053883,12.14109039098898],[-1.6915276799970589,12.14109039098898],[-1.6915276799970589,12.140731064875332],[-1.691348016940235,12.140731064875332],[-1.691348016940235,12.14055140181851],[-1.6911683538834112,12.14055140181851],[-1.6911683538834112,12.140192075704862],[-1.6909886908265872,12.140192075704862],[-1.6909886908265872,12.140012412648037],[-1.6908090277697634,12.140012412648037],[-1.6908090277697634,12.139832749591214],[-1.6906293647129393,12.139832749591214],[-1.6906293647129393,12.140012412648037],[-1.6899107124856438,12.140012412648037],[-1.6899107124856438,12.140731064875332],[-1.68973104942882,12.140731064875332],[-1.68973104942882,12.140910727932157],[-1.6899107124856438,12.140910727932157],[-1.6899107124856438,12.14109039098898],[-1.6900903755424677,12.14109039098898],[-1.6900903755424677,12.141270054045805],[-1.6906293647129393,12.141270054045805],[-1.6906293647129393,12.142168369329925],[-1.6909886908265872,12.142168369329925],[-1.6909886908265872,12.142348032386748],[-1.6908090277697634,12.142348032386748],[-1.6908090277697634,12.142707358500395],[-1.6911683538834112,12.142707358500395],[-1.6911683538834112,12.14288702155722],[-1.691348016940235,12.14288702155722],[-1.691348016940235,12.143066684614043],[-1.6915276799970589,12.143066684614043],[-1.6915276799970589,12.143246347670868],[-1.691707343053883,12.143246347670868],[-1.691707343053883,12.14342601072769],[-1.6922463322243546,12.14342601072769]]]},"id":"-9417+67589","properties":{"count":125,"eau":1}},{"type":"Feature","geometry":{"geodesic":false,"type":"Polygon","coordinates":[[[-1.6929649844516501,12.14432432601181],[-1.6929649844516501,12.144144662954988],[-1.6927853213948263,12.144144662954988],[-1.6927853213948263,12.143964999898163],[-1.6924259952811784,12.143964999898163],[-1.6924259952811784,12.14378533684134],[-1.6922463322243546,12.14378533684134],[-1.6922463322243546,12.143605673784515],[-1.6920666691675306,12.143605673784515],[-1.6920666691675306,12.143964999898163],[-1.6922463322243546,12.143964999898163],[-1.6922463322243546,12.144144662954988],[-1.6924259952811784,12.144144662954988],[-1.6924259952811784,12.14432432601181],[-1.6929649844516501,12.14432432601181]]]},"id":"-9421+67594","properties":{"count":9,"eau":1}},{"type":"Feature","geometry":{"geodesic":false,"type":"Polygon","coordinates":[[[-1.6994328544973107,12.30350579435779],[-1.699253191440487,12.30350579435779],[-1.699253191440487,12.303685457414614],[-1.6994328544973107,12.303685457414614],[-1.6994328544973107,12.30350579435779]]]},"id":"-9459+68481","properties":{"count":1,"eau":1}},{"type":"Feature","geometry":{"geodesic":false,"type":"MultiPolygon","coordinates":[[[[-1.6999718436677826,12.303326131300967],[-1.6997921806109586,12.303326131300967],[-1.6997921806109586,12.303505794357791],[-1.6999718436677826,12.303505794357791],[-1.6999718436677826,12.303326131300967]]],[[[-1.7001515067246065,12.303505794357791],[-1.6999718436677826,12.303505794357791],[-1.6999718436677826,12.303685457414614],[-1.7001515067246065,12.303685457414614],[-1.7001515067246065,12.303505794357791]]]]},"id":"-9463+68481","properties":{"count":2,"eau":1}},{"type":"Feature","geometry":{"geodesic":false,"type":"Polygon","coordinates":[[[-1.7181178124069967,12.326682328688074],[-1.7181178124069967,12.32650266563125],[-1.7182974754638207,12.32650266563125],[-1.7182974754638207,12.326143339517602],[-1.7179381493501729,12.326143339517602],[-1.7179381493501729,12.325963676460779],[-1.717758486293349,12.325963676460779],[-1.717758486293349,12.325604350347131],[-1.7181178124069967,12.325604350347131],[-1.7181178124069967,12.325245024233482],[-1.717758486293349,12.325245024233482],[-1.717758486293349,12.325424687290306],[-1.717578823236525,12.325424687290306],[-1.717578823236525,12.324526372006186],[-1.7173991601797012,12.324526372006186],[-1.7173991601797012,12.324346708949363],[-1.7170398340660533,12.324346708949363],[-1.7170398340660533,12.324526372006186],[-1.7166805079524055,12.324526372006186],[-1.7166805079524055,12.324706035063011],[-1.7165008448955816,12.324706035063011],[-1.7165008448955816,12.324885698119834],[-1.7163211818387578,12.324885698119834],[-1.7163211818387578,12.325784013403954],[-1.7165008448955816,12.325784013403954],[-1.7165008448955816,12.325963676460779],[-1.7166805079524055,12.325963676460779],[-1.7166805079524055,12.326143339517602],[-1.7168601710092295,12.326143339517602],[-1.7168601710092295,12.325963676460779],[-1.7172194971228774,12.325963676460779],[-1.7172194971228774,12.326143339517602],[-1.7173991601797012,12.326143339517602],[-1.7173991601797012,12.32650266563125],[-1.717578823236525,12.32650266563125],[-1.717578823236525,12.326682328688074],[-1.7181178124069967,12.326682328688074]],[[-1.7172194971228774,12.324706035063011],[-1.7173991601797012,12.324706035063011],[-1.7173991601797012,12.324526372006186],[-1.7172194971228774,12.324526372006186],[-1.7172194971228774,12.324706035063011]]]},"id":"-9561+68609","properties":{"count":78,"eau":1}},{"type":"Feature","geometry":{"geodesic":false,"type":"Polygon","coordinates":[[[-1.7186568015774686,12.32650266563125],[-1.7184771385206445,12.32650266563125],[-1.7184771385206445,12.326682328688074],[-1.7186568015774686,12.326682328688074],[-1.7186568015774686,12.32650266563125]]]},"id":"-9566+68609","properties":{"count":1,"eau":1}},{"type":"Feature","geometry":{"geodesic":false,"type":"Polygon","coordinates":[[[-1.7427316511918716,12.076411690532375],[-1.7427316511918716,12.076232027475552],[-1.7429113142486956,12.076232027475552],[-1.7429113142486956,12.076052364418727],[-1.7427316511918716,12.076052364418727],[-1.7427316511918716,12.075872701361904],[-1.7421926620213999,12.075872701361904],[-1.7421926620213999,12.075513375248256],[-1.742012998964576,12.075513375248256],[-1.742012998964576,12.075154049134607],[-1.7418333359077522,12.075154049134607],[-1.7418333359077522,12.074974386077784],[-1.7416536728509282,12.074974386077784],[-1.7416536728509282,12.07479472302096],[-1.7414740097941044,12.07479472302096],[-1.7414740097941044,12.074615059964136],[-1.7411146836804565,12.074615059964136],[-1.7411146836804565,12.074435396907312],[-1.7407553575668087,12.074435396907312],[-1.7407553575668087,12.074076070793664],[-1.7405756945099848,12.074076070793664],[-1.7405756945099848,12.073896407736841],[-1.740216368396337,12.073896407736841],[-1.740216368396337,12.073716744680016],[-1.7400367053395132,12.073716744680016],[-1.7400367053395132,12.073537081623194],[-1.7398570422826891,12.073537081623194],[-1.7398570422826891,12.073177755509544],[-1.7396773792258653,12.073177755509544],[-1.7396773792258653,12.072818429395896],[-1.7394977161690415,12.072818429395896],[-1.7394977161690415,12.072638766339074],[-1.7389587269985698,12.072638766339074],[-1.7389587269985698,12.072279440225426],[-1.738599400884922,12.072279440225426],[-1.738599400884922,12.072099777168601],[-1.7384197378280979,12.072099777168601],[-1.7384197378280979,12.071920114111778],[-1.738240074771274,12.071920114111778],[-1.738240074771274,12.072099777168601],[-1.7380604117144502,12.072099777168601],[-1.7380604117144502,12.072279440225426],[-1.7378807486576262,12.072279440225426],[-1.7378807486576262,12.072459103282249],[-1.7380604117144502,12.072459103282249],[-1.7380604117144502,12.072818429395896],[-1.7378807486576262,12.072818429395896],[-1.7378807486576262,12.073177755509544],[-1.7380604117144502,12.073177755509544],[-1.7380604117144502,12.073537081623194],[-1.7384197378280979,12.073537081623194],[-1.7384197378280979,12.073716744680016],[-1.738599400884922,12.073716744680016],[-1.738599400884922,12.074076070793664],[-1.7387790639417458,12.074076070793664],[-1.7387790639417458,12.073896407736841],[-1.7391383900553936,12.073896407736841],[-1.7391383900553936,12.074076070793664],[-1.7393180531122174,12.074076070793664],[-1.7393180531122174,12.074435396907312],[-1.7394977161690415,12.074435396907312],[-1.7394977161690415,12.074615059964136],[-1.7398570422826891,12.074615059964136],[-1.7398570422826891,12.07479472302096],[-1.7400367053395132,12.07479472302096],[-1.7400367053395132,12.074974386077784],[-1.740396031453161,12.074974386077784],[-1.740396031453161,12.075154049134607],[-1.7407553575668087,12.075154049134607],[-1.7407553575668087,12.075333712191432],[-1.7409350206236327,12.075333712191432],[-1.7409350206236327,12.075513375248256],[-1.7412943467372803,12.075513375248256],[-1.7412943467372803,12.07569303830508],[-1.7416536728509282,12.07569303830508],[-1.7416536728509282,12.076052364418727],[-1.742012998964576,12.076052364418727],[-1.742012998964576,12.076232027475552],[-1.7421926620213999,12.076232027475552],[-1.7421926620213999,12.076411690532375],[-1.7427316511918716,12.076411690532375]]]},"id":"-9698+67216","properties":{"count":176,"eau":1}}]}