ville,province,longitude,latitude,periode,saison,debut,fin,ndwi_moyen,ndvi_moyen,evi_moyen,precipitation,temperature,altitude,humidite_sol
Banwa,Boucle Du Mouhoun,,,2019-T1,seche,2019-01-01,2019-03-31,-0.3897303058819776,0.22064232679136184,0.3614147778645792,0.0008501068944515889,301.23158550123657,346.70697866565405,0.06534177570432413
Kossi,Boucle Du Mouhoun,-3.822956261825886,12.812686525228674,2019-T1,seche,2019-01-01,2019-03-31,-0.3827896738099616,0.21214775875087077,0.3403342068858031,0.0005576630930731134,300.77636263603426,293.3944418740256,0.07763115204444383
Bale,Boucle Du Mouhoun,-3.1562002940694236,11.724962044865523,2019-T1,seche,2019-01-01,2019-03-31,-0.37472444824863754,0.21686775317744061,0.3720593239270053,0.003665760539826283,302.01262925730487,289.66245385220446,0.09459981213602156
Mouhoun,Boucle Du Mouhoun,-3.465560822558568,12.148429141055294,2019-T1,seche,2019-01-01,2019-03-31,-0.3815822350364795,0.22486807868117414,0.38683365624142724,0.0018641600461565936,301.5570191051434,298.28399172912424,0.065229534903123
Nayala,Boucle Du Mouhoun,-3.0944590634145883,12.657096114822512,2019-T1,seche,2019-01-01,2019-03-31,-0.3625956500430683,0.2047332920771149,0.3456707616313271,0.0016354383614395889,300.83869522788194,281.7824974179386,0.0472218341546992
Sourou,Boucle Du Mouhoun,-3.0425338311313457,13.20277689536505,2019-T1,seche,2019-01-01,2019-03-31,-0.36162345238573057,0.20438173831022038,0.3460418844760352,0.0010108863373051618,300.29239213355254,285.56400385503065,0.05864022716985357
Comoe,Cascades,-4.514135440850249,10.486252031591674,2019-T1,seche,2019-01-01,2019-03-31,-0.4124755572826839,0.2817552657278213,0.5158138012153674,0.007317257090147521,302.28647232760375,312.9290116505069,0.10482849460124297
Leraba,Cascades,-5.16214118260538,10.59270126662498,2019-T1,seche,2019-01-01,2019-03-31,-0.45393343419793586,0.30877866928486014,0.5325883725599826,0.003785284159852683,301.8599629031986,395.739589276246,0.09543144292112658
Kadiogo,Centre,-1.4189075947220224,12.312731953406667,2019-T1,seche,2019-01-01,2019-03-31,-0.35009753303751473,0.17779548010092042,0.2810691808893826,0.0018432293720815176,301.1064332468871,307.73791575922803,0.06476908279698909
Boulgou,Centre-est,-0.45761713244389585,11.503793323148528,2019-T1,seche,2019-01-01,2019-03-31,-0.33597028203156803,0.17623932358269825,0.2956863139672766,0.0016356158379703671,302.82877539058865,255.58216146296527,0.11823161077934208
Koulpelogo,Centre-est,0.15035667022296972,11.463301970345205,2019-T1,seche,2019-01-01,2019-03-31,-0.34955023455911094,0.18887410648890726,0.3203202328672901,0.0015344379616763603,302.9819137983691,259.1149121211507,0.10845565592470831
Kouritenga,Centre-est,-0.329596707027452,12.276621177276377,2019-T1,seche,2019-01-01,2019-03-31,-0.34459485915622123,0.1740131807532356,0.2699024613840541,0.0009229931586177693,301.70619679223427,306.9204786849931,0.07644233067317716
Bam,Centre-nord,-1.6136483749809556,13.351495353793153,2019-T1,seche,2019-01-01,2019-03-31,-0.363351527993841,0.1687830368847445,0.23521806725017952,0.0012919097981514466,299.3329538716219,334.0163129623158,0.04737489863326109
Namentenga,Centre-nord,-0.49062813376172576,13.108749399980104,2019-T1,seche,2019-01-01,2019-03-31,-0.338761449899637,0.15916017686382927,0.236823983470229,0.0007321337961253609,300.041810529952,300.8292948855314,0.04940592314796156
Sanmatenga,Centre-nord,-1.0261364414418561,13.177157572778016,2019-T1,seche,2019-01-01,2019-03-31,-0.35140895991276455,0.16635754985663812,0.2449167783709301,0.0010077429738841875,299.6895438070448,313.9949279047657,0.05409318055651401
Boulkiemde,Centre-ouest,-2.116690600453765,12.33281653730948,2019-T1,seche,2019-01-01,2019-03-31,-0.36121322490921753,0.1908205231326732,0.29984613648191427,0.002616472406545311,301.2924908597172,312.39910123302417,0.06992060249000563
Sanguie,Centre-ouest,-2.635215140603591,12.172899114173353,2019-T1,seche,2019-01-01,2019-03-31,-0.36753375526141646,0.20425958306388564,0.3391765846627734,0.004087401602159534,301.15070492159765,281.72584704545613,0.04893077383145411
Sissili,Centre-ouest,,,2019-T1,seche,2019-01-01,2019-03-31,-0.3641950372938538,0.20949834400557074,0.366888269809617,0.004590473693954942,302.4414054480084,308.5288517216317,0.05540315176455051
Ziro,Centre-ouest,-1.789604030127707,11.649300172172008,2019-T1,seche,2019-01-01,2019-03-31,-0.36586977335070303,0.2053398838241776,0.3471618456801299,0.002510546237223226,301.9530613888193,327.23765090353845,0.05342276035536565
Bazega,Centre-sud,-1.3940711729379671,11.929600821086295,2019-T1,seche,2019-01-01,2019-03-31,-0.3565717534531873,0.19569154310872036,0.3302151248896008,0.001262204730659784,301.5123665375814,308.0504250184022,0.06564703777966975
Banwa,Boucle Du Mouhoun,,,2019-T2,transition,2019-04-01,2019-06-30,-0.34050204149919516,0.20814030554697432,0.3805607540045374,0.04201613765692709,304.86518603231707,346.70697866565405,0.10645958190125228
Kossi,Boucle Du Mouhoun,-3.822956261825886,12.812686525228674,2019-T2,transition,2019-04-01,2019-06-30,-0.3081827425006031,0.16238919645791766,0.2830757524890586,0.033113090863483206,305.94249414952696,293.3944418740256,0.09702954616203102
Bale,Boucle Du Mouhoun,-3.1562002940694236,11.724962044865523,2019-T2,transition,2019-04-01,2019-06-30,-0.3490305543982292,0.24366739101830298,0.4887893917554985,0.04810336181329148,304.84751681019355,289.66245385220446,0.13146691089518542
Mouhoun,Boucle Du Mouhoun,-3.465560822558568,12.148429141055294,2019-T2,transition,2019-04-01,2019-06-30,-0.3366039296791489,0.20999623490080335,0.3883584685287719,0.04409595225137974,305.1703077142173,298.28399172912424,0.10040927961796511
Nayala,Boucle Du Mouhoun,-3.0944590634145883,12.657096114822512,2019-T2,transition,2019-04-01,2019-06-30,-0.3186678759060837,0.18002068351045566,0.31660915583242066,0.035270374613195564,305.6752503736564,281.7824974179386,0.07433391494080244
Sourou,Boucle Du Mouhoun,-3.0425338311313457,13.20277689536505,2019-T2,transition,2019-04-01,2019-06-30,-0.31604301836538645,0.1822109924422141,0.3302208980149666,0.02941073247945987,306.12035914261185,285.56400385503065,0.07384802451787069
Comoe,Cascades,-4.514135440850249,10.486252031591674,2019-T2,transition,2019-04-01,2019-06-30,-0.43110229874854933,0.3710131816045119,0.8253056954534215,0.0673067496007166,302.9762084315867,312.9290116505069,0.1610356284028794
Leraba,Cascades,-5.16214118260538,10.59270126662498,2019-T2,transition,2019-04-01,2019-06-30,-0.4400525137841942,0.3584737621101098,0.7242943596984402,0.06337667025862531,302.80726676800447,395.739589276246,0.1637586049983324
Kadiogo,Centre,-1.4189075947220224,12.312731953406667,2019-T2,transition,2019-04-01,2019-06-30,-0.30022481233941645,0.16154020967553004,0.28415525704727723,0.03470156234367939,305.3959671207765,307.73791575922803,0.0915850758191391
Boulgou,Centre-est,-0.45761713244389585,11.503793323148528,2019-T2,transition,2019-04-01,2019-06-30,-0.29266134130249505,0.1630695119281353,0.3052581190627726,0.03777360536869767,304.9204960538354,255.58216146296527,0.1585916936510917
Koulpelogo,Centre-est,0.15035667022296972,11.463301970345205,2019-T2,transition,2019-04-01,2019-06-30,-0.2991694500906614,0.16565225304050485,0.3121844200743259,0.035609625755381194,304.9493903904696,259.1149121211507,0.15360652360204793
Kouritenga,Centre-est,-0.329596707027452,12.276621177276377,2019-T2,transition,2019-04-01,2019-06-30,-0.2790042952701244,0.13753045714123274,0.2341215752666359,0.03309734544354945,305.2643991699405,306.9204786849931,0.11656447179077092
Bam,Centre-nord,-1.6136483749809556,13.351495353793153,2019-T2,transition,2019-04-01,2019-06-30,-0.3069501108959998,0.1250999963648446,0.1844761123287729,0.020678428683785447,306.0777751978936,334.0163129623158,0.05484575358509753
Namentenga,Centre-nord,-0.49062813376172576,13.108749399980104,2019-T2,transition,2019-04-01,2019-06-30,-0.2824485056730511,0.12211661701121389,0.19042822792394343,0.02029660832443515,306.2828002670049,300.8292948855314,0.07000900592765257
Sanmatenga,Centre-nord,-1.0261364414418561,13.177157572778016,2019-T2,transition,2019-04-01,2019-06-30,-0.2909696091514128,0.1231804551034783,0.18926227106720256,0.01959827798698909,306.1914894307943,313.9949279047657,0.06975528624899123
Boulkiemde,Centre-ouest,-2.116690600453765,12.33281653730948,2019-T2,transition,2019-04-01,2019-06-30,-0.30347195758609236,0.17480445919843832,0.2964680544128591,0.03465281272008692,305.1803682336507,312.39910123302417,0.1022523859900682
Sanguie,Centre-ouest,-2.635215140603591,12.172899114173353,2019-T2,transition,2019-04-01,2019-06-30,-0.32941743459647543,0.21211967382871041,0.4113785142847866,0.038662898910923386,305.114395794838,281.72584704545613,0.0770820486812451
Sissili,Centre-ouest,,,2019-T2,transition,2019-04-01,2019-06-30,-0.37096136954756176,0.28207733983624234,0.5926375616484042,0.043168714185913774,304.2530061393737,308.5288517216317,0.09558618120377618
Ziro,Centre-ouest,-1.789604030127707,11.649300172172008,2019-T2,transition,2019-04-01,2019-06-30,-0.3564743148181451,0.2588282654839779,0.530618819126201,0.04229107162037934,304.5467459563571,327.23765090353845,0.0918634396325627
Bazega,Centre-sud,-1.3940711729379671,11.929600821086295,2019-T2,transition,2019-04-01,2019-06-30,-0.324616792898662,0.20246480340421252,0.3809985890410942,0.034974643787383596,305.0115924593138,308.0504250184022,0.10177825824383571
Banwa,Boucle Du Mouhoun,,,2019-T3,pluies,2019-07-01,2019-09-30,-0.48322296593569125,0.48739700655249146,1.2529421122988131,0.20428385955634049,299.27345523684465,346.70697866565405,0.21092862066191298
Kossi,Boucle Du Mouhoun,-3.822956261825886,12.812686525228674,2019-T3,pluies,2019-07-01,2019-09-30,-0.46618020583750047,0.4141267064652624,0.8745680819781302,0.16572505146623198,300.2272691367426,293.3944418740256,0.2059194228185072
Bale,Boucle Du Mouhoun,-3.1562002940694236,11.724962044865523,2019-T3,pluies,2019-07-01,2019-09-30,-0.44705349256933696,0.46189895138532777,1.3909216696342366,0.18475352181797194,299.361520329341,289.66245385220446,0.23318358497759384
Mouhoun,Boucle Du Mouhoun,-3.465560822558568,12.148429141055294,2019-T3,pluies,2019-07-01,2019-09-30,-0.483400527382255,0.4854047982154886,1.2379558900148255,0.18669451043223068,299.5798835757986,298.28399172912424,0.21447097289966294
Nayala,Boucle Du Mouhoun,-3.0944590634145883,12.657096114822512,2019-T3,pluies,2019-07-01,2019-09-30,-0.47460895328069297,0.4643006682811966,1.1067450277209463,0.16870946668051304,300.1177141290663,281.7824974179386,0.1911891612690245
Sourou,Boucle Du Mouhoun,-3.0425338311313457,13.20277689536505,2019-T3,pluies,2019-07-01,2019-09-30,-0.4754323917067468,0.4592036938116286,1.0391084176740302,0.13755198217461068,300.69026569481997,285.56400385503065,0.1773085426663134
Comoe,Cascades,-4.514135440850249,10.486252031591674,2019-T3,pluies,2019-07-01,2019-09-30,-0.4692682843548987,0.5079241947720754,1.4300496611804248,0.19077664667419084,298.48830044018064,312.9290116505069,0.25037972561370686
Leraba,Cascades,-5.16214118260538,10.59270126662498,2019-T3,pluies,2019-07-01,2019-09-30,-0.5571595986337367,0.5843729132483922,1.5330614111597975,0.22321603403677634,298.09800754264745,395.739589276246,0.2567471805961234
Kadiogo,Centre,-1.4189075947220224,12.312731953406667,2019-T3,pluies,2019-07-01,2019-09-30,-0.39513539058452785,0.35748005810980665,0.8544932415589458,0.14245364869661084,300.0272170503678,307.73791575922803,0.17269547190823945
Boulgou,Centre-est,-0.45761713244389585,11.503793323148528,2019-T3,pluies,2019-07-01,2019-09-30,-0.43386211118478857,0.41120350765224456,0.9656269093335729,0.1497839013129056,299.5750760169673,255.58216146296527,0.2588350154611171
Koulpelogo,Centre-est,0.15035667022296972,11.463301970345205,2019-T3,pluies,2019-07-01,2019-09-30,-0.42880604406910616,0.396779894775465,0.9174821466816714,0.14437539360699728,299.4964451055373,259.1149121211507,0.24277920101561432
Kouritenga,Centre-est,-0.329596707027452,12.276621177276377,2019-T3,pluies,2019-07-01,2019-09-30,-0.4054771543160514,0.3527844177135723,0.7983758573826321,0.11091318907837652,300.0944943187031,306.9204786849931,0.20017314458612606
Bam,Centre-nord,-1.6136483749809556,13.351495353793153,2019-T3,pluies,2019-07-01,2019-09-30,-0.40801188697344265,0.31424365287583794,0.6070021251582949,0.10164885646903071,301.07411430397616,334.0163129623158,0.14931716615800153
Namentenga,Centre-nord,-0.49062813376172576,13.108749399980104,2019-T3,pluies,2019-07-01,2019-09-30,-0.35792157907473593,0.24866514007232898,0.4607637853537309,0.09155201517590453,301.26625970650343,300.8292948855314,0.14867117383144152
Sanmatenga,Centre-nord,-1.0261364414418561,13.177157572778016,2019-T3,pluies,2019-07-01,2019-09-30,-0.39022772990279214,0.2984649446446072,0.5755122781772597,0.10552631320980312,301.0895894273307,313.9949279047657,0.1564087826898312
Boulkiemde,Centre-ouest,-2.116690600453765,12.33281653730948,2019-T3,pluies,2019-07-01,2019-09-30,-0.3842665955982901,0.3410976000416145,0.8085481254147551,0.15106601639352937,299.8364486680138,312.39910123302417,0.20509886508068614
Sanguie,Centre-ouest,-2.635215140603591,12.172899114173353,2019-T3,pluies,2019-07-01,2019-09-30,-0.4452889327209913,0.4425341215994234,1.142838836905229,0.16791586859834018,299.73965713859155,281.72584704545613,0.17046416845981963
Sissili,Centre-ouest,,,2019-T3,pluies,2019-07-01,2019-09-30,-0.569882922007406,0.6428813786365876,1.8098191163987476,0.17639537574231046,298.978691120616,308.5288517216317,0.18286554838393693
Ziro,Centre-ouest,-1.789604030127707,11.649300172172008,2019-T3,pluies,2019-07-01,2019-09-30,-0.533930509932515,0.5842962659998299,1.9815360922533738,0.16131005247879582,299.039555766235,327.23765090353845,0.17021715620866473
Bazega,Centre-sud,-1.3940711729379671,11.929600821086295,2019-T3,pluies,2019-07-01,2019-09-30,-0.4364388114704814,0.4354220717630179,1.1860908778906518,0.14647306641329708,299.5630065137853,308.0504250184022,0.174731448776207
Banwa,Boucle Du Mouhoun,,,2019-T4,transition,2019-10-01,2019-12-31,-0.461607016464737,0.3417336480219548,0.6341628382529126,0.03444465407215406,300.0309105268534,346.70697866565405,0.12419522392616622
Kossi,Boucle Du Mouhoun,-3.822956261825886,12.812686525228674,2019-T4,transition,2019-10-01,2019-12-31,-0.43735627428563495,0.29960102343482187,0.5439521076097277,0.017727573315411006,300.8691489623379,293.3944418740256,0.12847267850162947
Bale,Boucle Du Mouhoun,-3.1562002940694236,11.724962044865523,2019-T4,transition,2019-10-01,2019-12-31,-0.4749122534746504,0.37936153789132954,0.7369269838015413,0.03939672384657248,300.74916710841615,289.66245385220446,0.17670171204536078
Mouhoun,Boucle Du Mouhoun,-3.465560822558568,12.148429141055294,2019-T4,transition,2019-10-01,2019-12-31,-0.45937735362359666,0.3461610802447764,0.6451209905114135,0.04073163507141471,300.4661870397871,298.28399172912424,0.13219608638519934
Nayala,Boucle Du Mouhoun,-3.0944590634145883,12.657096114822512,2019-T4,transition,2019-10-01,2019-12-31,-0.4346968542931324,0.30118558555500613,0.5370684377004231,0.03255003456289842,300.5573344076102,281.7824974179386,0.12286907159657484
Sourou,Boucle Du Mouhoun,-3.0425338311313457,13.20277689536505,2019-T4,transition,2019-10-01,2019-12-31,-0.41466146964750106,0.2770745751483014,0.519232267465621,0.01729443180964668,301.1546111733713,285.56400385503065,0.10913075584493308
Comoe,Cascades,-4.514135440850249,10.486252031591674,2019-T4,transition,2019-10-01,2019-12-31,-0.524930834090845,0.4857699266828971,1.0951831486597765,0.05733685706825737,299.71053420051976,312.9290116505069,0.2085042777782962
Leraba,Cascades,-5.16214118260538,10.59270126662498,2019-T4,transition,2019-10-01,2019-12-31,-0.5194684129467259,0.4374179938560333,0.8575549680840431,0.05604870024470131,299.31626674743313,395.739589276246,0.19422157043307914
Kadiogo,Centre,-1.4189075947220224,12.312731953406667,2019-T4,transition,2019-10-01,2019-12-31,-0.40084272305748536,0.25907663392770386,0.44669719672016767,0.03200225921556092,300.9432318961479,307.73791575922803,0.11961439102068024
Boulgou,Centre-est,-0.45761713244389585,11.503793323148528,2019-T4,transition,2019-10-01,2019-12-31,-0.443036366490975,0.3248219761298418,0.5767252176387748,0.03287201256947426,300.9535972247919,255.58216146296527,0.2126475477482571
Koulpelogo,Centre-est,0.15035667022296972,11.463301970345205,2019-T4,transition,2019-10-01,2019-12-31,-0.4528254831948441,0.3314857941369182,0.5988120712242281,0.03421733034068999,300.8685670962929,259.1149121211507,0.18600457425989814
Kouritenga,Centre-est,-0.329596707027452,12.276621177276377,2019-T4,transition,2019-10-01,2019-12-31,-0.40034468214558444,0.2525525251183697,0.4087786157875706,0.026743441200150517,301.29012979922635,306.9204786849931,0.14080034839278455
Bam,Centre-nord,-1.6136483749809556,13.351495353793153,2019-T4,transition,2019-10-01,2019-12-31,-0.38867075793395395,0.21812700950679367,0.33439947720546376,0.012044727035184524,301.0093434694173,334.0163129623158,0.10274769254484906
Namentenga,Centre-nord,-0.49062813376172576,13.108749399980104,2019-T4,transition,2019-10-01,2019-12-31,-0.36620361968983206,0.1963685830905765,0.30096219191836593,0.012699624669287047,301.3463873792411,300.8292948855314,0.08548380362776184
Sanmatenga,Centre-nord,-1.0261364414418561,13.177157572778016,2019-T4,transition,2019-10-01,2019-12-31,-0.3819288958277217,0.21575785840317363,0.3334667795033917,0.014925093382719105,301.04176574114086,313.9949279047657,0.09936801747434364
Boulkiemde,Centre-ouest,-2.116690600453765,12.33281653730948,2019-T4,transition,2019-10-01,2019-12-31,-0.4145590103827949,0.27807707785841185,0.4724147717396098,0.03280930147275014,300.86740639207494,312.39910123302417,0.13625818100748244
Sanguie,Centre-ouest,-2.635215140603591,12.172899114173353,2019-T4,transition,2019-10-01,2019-12-31,-0.44650094112407057,0.3284139357036279,0.6070597051832753,0.03597329381824317,300.4791009992685,281.72584704545613,0.12124112500759965
Sissili,Centre-ouest,,,2019-T4,transition,2019-10-01,2019-12-31,-0.48127192527265217,0.38438709183468306,0.7703935567478555,0.05278201251873819,300.1271531389546,308.5288517216317,0.12169053460628078
Ziro,Centre-ouest,-1.789604030127707,11.649300172172008,2019-T4,transition,2019-10-01,2019-12-31,-0.4665208944254446,0.3577957640989666,0.6972103932675998,0.04803838820760521,300.2319263493769,327.23765090353845,0.106534033937725
Bazega,Centre-sud,-1.3940711729379671,11.929600821086295,2019-T4,transition,2019-10-01,2019-12-31,-0.4329880049806707,0.3002896441397569,0.5312203991304295,0.03978248790432907,300.78272267684974,308.0504250184022,0.11759358666810775
Banwa,Boucle Du Mouhoun,,,2020-T1,seche,2020-01-01,2020-03-31,-0.37180479327817983,0.2155254753421052,0.37266583225334865,0.002017120476386637,301.378104043488,346.70697866565405,0.06340413438184374
Kossi,Boucle Du Mouhoun,-3.822956261825886,12.812686525228674,2020-T1,seche,2020-01-01,2020-03-31,-0.36419665976352666,0.20210942720126493,0.33362294788527097,0.0006955406268176201,301.12128687043935,293.3944418740256,0.07527487408709474
Bale,Boucle Du Mouhoun,-3.1562002940694236,11.724962044865523,2020-T1,seche,2020-01-01,2020-03-31,-0.36669026758414786,0.21656601707167553,0.38154595664439805,0.002378436420711186,302.2241695038175,289.66245385220446,0.09597914199343179
Mouhoun,Boucle Du Mouhoun,-3.465560822558568,12.148429141055294,2020-T1,seche,2020-01-01,2020-03-31,-0.36632189852930075,0.21212862735208377,0.3676564558330683,0.002286408626808417,301.7632392497133,298.28399172912424,0.06478158315802349
Nayala,Boucle Du Mouhoun,-3.0944590634145883,12.657096114822512,2020-T1,seche,2020-01-01,2020-03-31,-0.3558387277512541,0.20038528405822714,0.3352908369566794,0.0005948899399940518,301.1262288988286,281.7824974179386,0.04897772473251529
Sourou,Boucle Du Mouhoun,-3.0425338311313457,13.20277689536505,2020-T1,seche,2020-01-01,2020-03-31,-0.34714121183343866,0.1915717452033265,0.2739248983189197,0.00018915723262340778,300.8841062069383,285.56400385503065,0.05672591130742045
Comoe,Cascades,-4.514135440850249,10.486252031591674,2020-T1,seche,2020-01-01,2020-03-31,-0.4137302598499812,0.2821520776429726,0.5175028933532697,0.008402705418191119,302.1629858266347,312.9290116505069,0.10747171584320929
Leraba,Cascades,-5.16214118260538,10.59270126662498,2020-T1,seche,2020-01-01,2020-03-31,-0.41886863170521454,0.2913455577132755,0.5439342939440912,0.004915675240691507,301.60858240688367,395.739589276246,0.09820890630225389
Kadiogo,Centre,-1.4189075947220224,12.312731953406667,2020-T1,seche,2020-01-01,2020-03-31,-0.350429704909507,0.18012198294265408,0.2797973870448893,0.00101712615502107,301.60379189620954,307.73791575922803,0.06426747342868389
Boulgou,Centre-est,-0.45761713244389585,11.503793323148528,2020-T1,seche,2020-01-01,2020-03-31,-0.3255598817240188,0.17533937457873186,0.30017079625650306,0.0009348626260581595,302.7664375686156,255.58216146296527,0.12048467122511788
Koulpelogo,Centre-est,0.15035667022296972,11.463301970345205,2020-T1,seche,2020-01-01,2020-03-31,-0.3394536770400445,0.18233633523776763,0.3098910240016671,0.0008066714386857083,302.73478304850863,259.1149121211507,0.10800391527268335
Kouritenga,Centre-est,-0.329596707027452,12.276621177276377,2020-T1,seche,2020-01-01,2020-03-31,-0.3310357076791656,0.1744840469665263,0.28350820204239235,0.0007305082703511955,301.8203203470196,306.9204786849931,0.07826108884186225
Bam,Centre-nord,-1.6136483749809556,13.351495353793153,2020-T1,seche,2020-01-01,2020-03-31,-0.3414639908792139,0.15623695543619553,0.23121968684522562,5.6202496649594946e-05,300.0056762144098,334.0163129623158,0.04545456327803899
Namentenga,Centre-nord,-0.49062813376172576,13.108749399980104,2020-T1,seche,2020-01-01,2020-03-31,-0.3179397280956559,0.15213772476410575,0.24204744427004515,0.0002848963229532866,300.44567794786235,300.8292948855314,0.04635632788840488
Sanmatenga,Centre-nord,-1.0261364414418561,13.177157572778016,2020-T1,seche,2020-01-01,2020-03-31,-0.3298705130836895,0.15667661031530622,0.2443857945595488,0.00014880626878926791,300.17493206299196,313.9949279047657,0.050854218170932504
Boulkiemde,Centre-ouest,-2.116690600453765,12.33281653730948,2020-T1,seche,2020-01-01,2020-03-31,-0.3470543183187097,0.19020356500513735,0.09259776320596694,0.0012077972364391454,301.81420352092783,312.39910123302417,0.06887838105193922
Sanguie,Centre-ouest,-2.635215140603591,12.172899114173353,2020-T1,seche,2020-01-01,2020-03-31,-0.3457111754551042,0.1972716966184449,0.3482610960019535,0.0008901304988500587,301.5755225585456,281.72584704545613,0.05138727533380794
Sissili,Centre-ouest,,,2020-T1,seche,2020-01-01,2020-03-31,-0.3809162583667717,0.23066831607124785,0.4031019915878701,0.0035454887185184542,302.38098885701714,308.5288517216317,0.056297737743236306
Ziro,Centre-ouest,-1.789604030127707,11.649300172172008,2020-T1,seche,2020-01-01,2020-03-31,-0.37368325122363877,0.21970379343296356,0.37827141499423816,0.0019668529175260172,302.06173737618434,327.23765090353845,0.05196942566058229
Bazega,Centre-sud,-1.3940711729379671,11.929600821086295,2020-T1,seche,2020-01-01,2020-03-31,-0.35853609200750775,0.19805524748407932,0.32280812777699824,0.0010856939684500933,301.9577025709229,308.0504250184022,0.06329071342354652
Banwa,Boucle Du Mouhoun,,,2020-T2,transition,2020-04-01,2020-06-30,-0.33500824921490985,0.20763982358398395,0.39587890126762143,0.03047508119379794,305.02726495101206,346.70697866565405,0.10370109538164902
Kossi,Boucle Du Mouhoun,-3.822956261825886,12.812686525228674,2020-T2,transition,2020-04-01,2020-06-30,-0.3178429680856894,0.1703382523169656,0.30023631680208396,0.013490260007206085,306.33294764837524,293.3944418740256,0.09568588431758468
Bale,Boucle Du Mouhoun,-3.1562002940694236,11.724962044865523,2020-T2,transition,2020-04-01,2020-06-30,-0.3446125122734991,0.2372993833632773,0.46991483417000307,0.024497820333757796,305.4481780692729,289.66245385220446,0.13957841095241927
Mouhoun,Boucle Du Mouhoun,-3.465560822558568,12.148429141055294,2020-T2,transition,2020-04-01,2020-06-30,-0.327533815340097,0.20888007403093292,0.40341365444485017,0.02250424777252158,305.7480994845203,298.28399172912424,0.10981476633041022
Nayala,Boucle Du Mouhoun,-3.0944590634145883,12.657096114822512,2020-T2,transition,2020-04-01,2020-06-30,-0.3045267958895655,0.1780175374575004,0.33435016840338094,0.016423410860086213,306.244766837939,281.7824974179386,0.08055467769781383
Sourou,Boucle Du Mouhoun,-3.0425338311313457,13.20277689536505,2020-T2,transition,2020-04-01,2020-06-30,-0.2977730166144965,0.15537908072764445,0.27725151673737336,0.01050935944102327,306.6970897743489,285.56400385503065,0.07220419355391776
Comoe,Cascades,-4.514135440850249,10.486252031591674,2020-T2,transition,2020-04-01,2020-06-30,-0.4404595698426599,0.38127790080936436,0.8424478182771715,0.05084588365167075,303.1623346281149,312.9290116505069,0.15604578910255468
Leraba,Cascades,-5.16214118260538,10.59270126662498,2020-T2,transition,2020-04-01,2020-06-30,-0.43456023543279776,0.3545332430560332,0.735629019363959,0.05777766797147097,302.6816687704039,395.739589276246,0.1517536641461451
Kadiogo,Centre,-1.4189075947220224,12.312731953406667,2020-T2,transition,2020-04-01,2020-06-30,-0.29213995546265337,0.14446408482612155,0.244911821208088,0.014140905460785424,305.86471511704804,307.73791575922803,0.08427311293987393
Boulgou,Centre-est,-0.45761713244389585,11.503793323148528,2020-T2,transition,2020-04-01,2020-06-30,-0.31513176429090894,0.1835406885899149,0.3346042077836885,0.02063818464377473,305.089240467815,255.58216146296527,0.15330651240738974
Koulpelogo,Centre-est,0.15035667022296972,11.463301970345205,2020-T2,transition,2020-04-01,2020-06-30,-0.33446200093734085,0.20428721327917146,0.3806421114440039,0.02340227254647633,304.84233973099435,259.1149121211507,0.1507871836573685
Kouritenga,Centre-est,-0.329596707027452,12.276621177276377,2020-T2,transition,2020-04-01,2020-06-30,-0.2969620849061427,0.1414371937261981,0.22784890933460622,0.014594907442787955,305.7039788205297,306.9204786849931,0.1097373746996179
Bam,Centre-nord,-1.6136483749809556,13.351495353793153,2020-T2,transition,2020-04-01,2020-06-30,-0.30409724058363313,0.11933190256269129,0.1738592318355576,0.00938653679361975,306.5121564101386,334.0163129623158,0.05838887349712031
Namentenga,Centre-nord,-0.49062813376172576,13.108749399980104,2020-T2,transition,2020-04-01,2020-06-30,-0.2691455245836223,0.11246208928319582,0.18341069566092852,0.008411617515019579,306.6653402483179,300.8292948855314,0.06475471085024397
Sanmatenga,Centre-nord,-1.0261364414418561,13.177157572778016,2020-T2,transition,2020-04-01,2020-06-30,-0.28560404898750535,0.11841916204777266,0.184619257228564,0.008774137732470965,306.504064809586,313.9949279047657,0.0659882071533337
Boulkiemde,Centre-ouest,-2.116690600453765,12.33281653730948,2020-T2,transition,2020-04-01,2020-06-30,-0.29027656885079617,0.15516254589797013,0.2583809283773386,0.016468421244495633,305.6395612524215,312.39910123302417,0.0988532032359509
Sanguie,Centre-ouest,-2.635215140603591,12.172899114173353,2020-T2,transition,2020-04-01,2020-06-30,-0.31138680445260497,0.18897320079008492,0.35699431937160025,0.01885095233777681,305.62047127572174,281.72584704545613,0.07925685011144454
Sissili,Centre-ouest,,,2020-T2,transition,2020-04-01,2020-06-30,-0.35564134164288125,0.24883515885307284,0.4974495319776917,0.026099830966357408,304.6062026336485,308.5288517216317,0.08988898954143706
Ziro,Centre-ouest,-1.789604030127707,11.649300172172008,2020-T2,transition,2020-04-01,2020-06-30,-0.33709052810599904,0.22358181725170218,0.4398997804382588,0.027263127586253308,304.8215849900956,327.23765090353845,0.08477069059292369
Bazega,Centre-sud,-1.3940711729379671,11.929600821086295,2020-T2,transition,2020-04-01,2020-06-30,-0.31274339743339535,0.17913201764574951,0.3226270440648622,0.020594952178304208,305.36194002490856,308.0504250184022,0.09123384494406686
Banwa,Boucle Du Mouhoun,,,2020-T3,pluies,2020-07-01,2020-09-30,-0.42319746805823044,0.3887974677920697,1.071697368856246,0.23710327978431156,298.8320617531277,346.70697866565405,0.23872066064720512
Kossi,Boucle Du Mouhoun,-3.822956261825886,12.812686525228674,2020-T3,pluies,2020-07-01,2020-09-30,-0.4088238451976272,0.35171705402442993,0.8233365993087464,0.21028982931584903,299.6703894369163,293.3944418740256,0.24106083992053792
Bale,Boucle Du Mouhoun,-3.1562002940694236,11.724962044865523,2020-T3,pluies,2020-07-01,2020-09-30,-0.5055536354831293,0.5284500057201041,1.292477454767667,0.20144451132873895,299.053561148038,289.66245385220446,0.24405881764776782
Mouhoun,Boucle Du Mouhoun,-3.465560822558568,12.148429141055294,2020-T3,pluies,2020-07-01,2020-09-30,-0.5334679384303389,0.561508960451386,1.330768854126992,0.21721531163818278,299.1901448534236,298.28399172912424,0.24020897498108892
Nayala,Boucle Du Mouhoun,-3.0944590634145883,12.657096114822512,2020-T3,pluies,2020-07-01,2020-09-30,-0.43096249509751455,0.40371793351059665,0.9613388033331086,0.20359974963215532,299.65816321169666,281.7824974179386,0.23080655557524513
Sourou,Boucle Du Mouhoun,-3.0425338311313457,13.20277689536505,2020-T3,pluies,2020-07-01,2020-09-30,-0.40660164894241624,0.35222088183763667,0.7412248578655659,0.20072128264460457,300.15242393220706,285.56400385503065,0.21745966964902635
Comoe,Cascades,-4.514135440850249,10.486252031591674,2020-T3,pluies,2020-07-01,2020-09-30,-0.5536163141739845,0.5850864656780641,1.5016643766324476,0.234006624836521,298.25407325736194,312.9290116505069,0.23899203464074564
Leraba,Cascades,-5.16214118260538,10.59270126662498,2020-T3,pluies,2020-07-01,2020-09-30,-0.5473673262618002,0.5643840214728432,1.4500087542631728,0.21338359962356304,297.8698673906565,395.739589276246,0.2590078281648087
Kadiogo,Centre,-1.4189075947220224,12.312731953406667,2020-T3,pluies,2020-07-01,2020-09-30,-0.3824435435698817,0.33140138579558037,0.8079597443167038,0.21559411335202203,299.5823437700536,307.73791575922803,0.2037671800935931
Boulgou,Centre-est,-0.45761713244389585,11.503793323148528,2020-T3,pluies,2020-07-01,2020-09-30,-0.36228871900457527,0.3469551698738887,1.0913175876222105,0.22158916047373386,299.05436785323667,255.58216146296527,0.28558942212016863
Koulpelogo,Centre-est,0.15035667022296972,11.463301970345205,2020-T3,pluies,2020-07-01,2020-09-30,-0.4940344905092315,0.5201064553499081,1.387566438162504,0.24044581399285817,298.91358119019765,259.1149121211507,0.2653125930249834
Kouritenga,Centre-est,-0.329596707027452,12.276621177276377,2020-T3,pluies,2020-07-01,2020-09-30,-0.4011840140318109,0.36841570810750374,0.9068547101179227,0.1771730510447874,299.4231077820216,306.9204786849931,0.23790613520771672
Bam,Centre-nord,-1.6136483749809556,13.351495353793153,2020-T3,pluies,2020-07-01,2020-09-30,-0.43765346107548164,0.36724983657125665,0.711509323450862,0.1393718666276051,300.43660405558086,334.0163129623158,0.18878404333038298
Namentenga,Centre-nord,-0.49062813376172576,13.108749399980104,2020-T3,pluies,2020-07-01,2020-09-30,-0.40506420678061356,0.3211937660160404,0.6233526241941396,0.1276761749076851,300.5518429342309,300.8292948855314,0.1917741127629625
Sanmatenga,Centre-nord,-1.0261364414418561,13.177157572778016,2020-T3,pluies,2020-07-01,2020-09-30,-0.42675239460291564,0.35442174287996375,0.6954001350170169,0.13599691852261656,300.4175564564406,313.9949279047657,0.2001470558212841
Boulkiemde,Centre-ouest,-2.116690600453765,12.33281653730948,2020-T3,pluies,2020-07-01,2020-09-30,-0.3992489348949588,0.33656433786053164,0.689633370591526,0.2313185277328378,299.4239023106694,312.39910123302417,0.2313344064259763
Sanguie,Centre-ouest,-2.635215140603591,12.172899114173353,2020-T3,pluies,2020-07-01,2020-09-30,-0.44655980178246885,0.41437235179223153,0.9105179538186202,0.22326421654271097,299.3585002544953,281.72584704545613,0.18821190980195554
Sissili,Centre-ouest,,,2020-T3,pluies,2020-07-01,2020-09-30,-0.4236901132592463,0.4094269484363253,1.0476225952093805,0.22770889400038655,298.5893480224204,308.5288517216317,0.18532977185038776
Ziro,Centre-ouest,-1.789604030127707,11.649300172172008,2020-T3,pluies,2020-07-01,2020-09-30,-0.47775365691384325,0.45605609800073654,1.1091077837708423,0.24309504822269945,298.64392283678734,327.23765090353845,0.18350125480579005
Bazega,Centre-sud,-1.3940711729379671,11.929600821086295,2020-T3,pluies,2020-07-01,2020-09-30,-0.4266382430531301,0.41270967135671743,0.7762510311936044,0.24995177995414816,299.08657493768084,308.0504250184022,0.202826968484546
Banwa,Boucle Du Mouhoun,,,2020-T4,transition,2020-10-01,2020-12-31,-0.4871871492717229,0.38202708809271607,0.7134076331407594,0.02229759422557904,299.9028871558041,346.70697866565405,0.1259773014657443
Kossi,Boucle Du Mouhoun,-3.822956261825886,12.812686525228674,2020-T4,transition,2020-10-01,2020-12-31,-0.4602921102889814,0.3338957254848302,0.5953975631061631,0.014843909770838508,300.32218006375695,293.3944418740256,0.1348447564583334
Bale,Boucle Du Mouhoun,-3.1562002940694236,11.724962044865523,2020-T4,transition,2020-10-01,2020-12-31,-0.4530476242659006,0.3304194081404923,0.6060484803407626,0.022041618993021136,300.35193544646614,289.66245385220446,0.14872978182658927
Mouhoun,Boucle Du Mouhoun,-3.465560822558568,12.148429141055294,2020-T4,transition,2020-10-01,2020-12-31,-0.46341961798086073,0.34600894304707164,0.6429076681594755,0.017855160549195878,300.25540253041,298.28399172912424,0.11824580060119491
Nayala,Boucle Du Mouhoun,-3.0944590634145883,12.657096114822512,2020-T4,transition,2020-10-01,2020-12-31,-0.44184985075267647,0.3037731360420651,0.5219237629788749,0.012367075236461997,300.430561620214,281.7824974179386,0.10559942233107504
Sourou,Boucle Du Mouhoun,-3.0425338311313457,13.20277689536505,2020-T4,transition,2020-10-01,2020-12-31,-0.4386277500715612,0.29935943710681195,0.5103060727064671,0.00967350039827391,300.55126488765393,285.56400385503065,0.10858682629352667
Comoe,Cascades,-4.514135440850249,10.486252031591674,2020-T4,transition,2020-10-01,2020-12-31,-0.5201652618379966,0.46643907948137103,1.0049251643301582,0.03984510600771752,300.1068545074618,312.9290116505069,0.17795999764662823
Leraba,Cascades,-5.16214118260538,10.59270126662498,2020-T4,transition,2020-10-01,2020-12-31,-0.5272592444375496,0.44514842582338454,0.8517336471631948,0.04712517847837699,299.7851361720381,395.739589276246,0.18062243532074956
Kadiogo,Centre,-1.4189075947220224,12.312731953406667,2020-T4,transition,2020-10-01,2020-12-31,-0.41206687223234023,0.26621878288919587,0.454718008509341,0.019728754641696954,300.56304903801606,307.73791575922803,0.12040891643727433
Boulgou,Centre-est,-0.45761713244389585,11.503793323148528,2020-T4,transition,2020-10-01,2020-12-31,-0.4239630117824673,0.3081401066292794,0.580878900677024,0.01593183271399852,300.866537731904,255.58216146296527,0.21259418904235625
Koulpelogo,Centre-est,0.15035667022296972,11.463301970345205,2020-T4,transition,2020-10-01,2020-12-31,-0.44694107544374373,0.3213136492213018,0.581863401563966,0.01770243450684992,300.82659132934185,259.1149121211507,0.18678364393397923
Kouritenga,Centre-est,-0.329596707027452,12.276621177276377,2020-T4,transition,2020-10-01,2020-12-31,-0.41072234501800947,0.29160752740946494,0.541561257068642,0.011010346480790972,301.01365104106196,306.9204786849931,0.13251971265670007
Bam,Centre-nord,-1.6136483749809556,13.351495353793153,2020-T4,transition,2020-10-01,2020-12-31,-0.4055350716779692,0.23763942089590726,0.3732130548297274,0.0061557945524215625,300.5681713052572,334.0163129623158,0.10151472178969852
Namentenga,Centre-nord,-0.49062813376172576,13.108749399980104,2020-T4,transition,2020-10-01,2020-12-31,-0.38932399323112976,0.23474784893527467,0.38481613896806316,0.008043495477063952,300.90487514405805,300.8292948855314,0.09587579496149481
Sanmatenga,Centre-nord,-1.0261364414418561,13.177157572778016,2020-T4,transition,2020-10-01,2020-12-31,-0.4122687933718252,0.26044274169011633,0.4325478418481542,0.006970495972906626,300.6600359131881,313.9949279047657,0.10696099929248404
Boulkiemde,Centre-ouest,-2.116690600453765,12.33281653730948,2020-T4,transition,2020-10-01,2020-12-31,-0.4151545404968168,0.2650392295812236,0.43905365214889513,0.013581746194926006,300.6876814529063,312.39910123302417,0.12273763324429003
Sanguie,Centre-ouest,-2.635215140603591,12.172899114173353,2020-T4,transition,2020-10-01,2020-12-31,-0.44085369526325247,0.30289110306436584,0.5298700661995113,0.014935920234660218,300.32653308709666,281.72584704545613,0.09870250227060391
Sissili,Centre-ouest,,,2020-T4,transition,2020-10-01,2020-12-31,-0.46687384822148764,0.35029503550318647,0.6569188143093486,0.0342469258155847,300.0764878981207,308.5288517216317,0.09815649497294039
Ziro,Centre-ouest,-1.789604030127707,11.649300172172008,2020-T4,transition,2020-10-01,2020-12-31,-0.47056941745703895,0.35681427863520904,0.6793987581978731,0.03369994722745582,299.9107664309408,327.23765090353845,0.09239132263908315
Bazega,Centre-sud,-1.3940711729379671,11.929600821086295,2020-T4,transition,2020-10-01,2020-12-31,-0.45725098066399067,0.34076805138199007,0.6380490393164279,0.02674817023963368,300.2185969303025,308.0504250184022,0.1156457815194379
Banwa,Boucle Du Mouhoun,,,2021-T1,seche,2021-01-01,2021-03-31,-0.38482320765852657,0.2215581417443198,0.3778235235066584,0.0017117526320265396,301.8236907952834,346.70697866565405,0.06378559845674843
Kossi,Boucle Du Mouhoun,-3.822956261825886,12.812686525228674,2021-T1,seche,2021-01-01,2021-03-31,-0.3770446204876265,0.21358752533500777,0.3635488304062852,0.0006143880323131551,301.6166722317171,293.3944418740256,0.07746918183680647
Bale,Boucle Du Mouhoun,-3.1562002940694236,11.724962044865523,2021-T1,seche,2021-01-01,2021-03-31,-0.3713167124380466,0.21263217306127144,0.3729499714295103,0.0006116618963240921,302.3292081419321,289.66245385220446,0.09051092160433892
Mouhoun,Boucle Du Mouhoun,-3.465560822558568,12.148429141055294,2021-T1,seche,2021-01-01,2021-03-31,-0.3753555669031909,0.21741005236922326,0.3878844396194717,0.0006884858911943963,302.1881475478086,298.28399172912424,0.061544228052448045
Nayala,Boucle Du Mouhoun,-3.0944590634145883,12.657096114822512,2021-T1,seche,2021-01-01,2021-03-31,-0.36880948826006593,0.21018634967619848,0.3692794129624436,8.90591354288747e-05,301.6462170618605,281.7824974179386,0.045882301744694966
Sourou,Boucle Du Mouhoun,-3.0425338311313457,13.20277689536505,2021-T1,seche,2021-01-01,2021-03-31,-0.37154403706670414,0.21139813852422626,0.37204000910006213,0.00010826493328794128,301.2821770889678,285.56400385503065,0.05724324370336149
Comoe,Cascades,-4.514135440850249,10.486252031591674,2021-T1,seche,2021-01-01,2021-03-31,-0.42000819597837297,0.2911069195925409,0.5416617604435581,0.00990945268867114,301.99643078141736,312.9290116505069,0.10759004461039574
Leraba,Cascades,-5.16214118260538,10.59270126662498,2021-T1,seche,2021-01-01,2021-03-31,-0.4463840442446559,0.3073874052956544,0.5414790459930966,0.005012790821061042,301.65726304831463,395.739589276246,0.09488897341442633
Kadiogo,Centre,-1.4189075947220224,12.312731953406667,2021-T1,seche,2021-01-01,2021-03-31,-0.3585260546221437,0.1879428033456257,0.29866588854792014,6.80333632879373e-05,302.1870208959191,307.73791575922803,0.06643201708413181
Boulgou,Centre-est,-0.45761713244389585,11.503793323148528,2021-T1,seche,2021-01-01,2021-03-31,-0.3475620307455387,0.18569101535980356,0.3215668520121063,0.00016639904902980454,303.0408325524632,255.5821614629653,0.11972723789865221
Koulpelogo,Centre-est,0.15035667022296972,11.463301970345205,2021-T1,seche,2021-01-01,2021-03-31,-0.3571184966015544,0.19605307076051873,0.34004567414157516,0.00022884627557136453,302.92463018904874,259.11491212115067,0.1113443146445828
Kouritenga,Centre-est,-0.329596707027452,12.276621177276377,2021-T1,seche,2021-01-01,2021-03-31,-0.35576595808539657,0.18576794763141935,0.2959214702510139,5.169058532604588e-05,302.3624132174273,306.9204786849931,0.07852007605494876
Bam,Centre-nord,-1.6136483749809556,13.351495353793153,2021-T1,seche,2021-01-01,2021-03-31,-0.365216347290286,0.17042923028770826,0.25640521359796875,4.393480767839251e-05,300.4450279104962,334.0163129623158,0.04633057883254454
Namentenga,Centre-nord,-0.49062813376172576,13.108749399980104,2021-T1,seche,2021-01-01,2021-03-31,-0.34887664951366976,0.16813598285420517,0.2521462283155668,2.583711072045077e-05,300.98902621636836,300.8292948855314,0.050638985426244176
Sanmatenga,Centre-nord,-1.0261364414418561,13.177157572778016,2021-T1,seche,2021-01-01,2021-03-31,-0.3596791294326018,0.17811782249717617,0.27200304950544946,3.281552664221611e-05,300.67228277283215,313.9949279047657,0.05436949109439955
Boulkiemde,Centre-ouest,-2.116690600453765,12.33281653730948,2021-T1,seche,2021-01-01,2021-03-31,-0.3658467501367701,0.19684761006243964,0.3177443453103706,0.0003431423551477948,302.39786841257734,312.39910123302417,0.06808275359803172
Sanguie,Centre-ouest,-2.635215140603591,12.172899114173353,2021-T1,seche,2021-01-01,2021-03-31,-0.36905286417996314,0.20782827334299256,0.3587108966629576,0.00026710425575209875,302.014046717582,281.72584704545613,0.04614277197644031
Sissili,Centre-ouest,,,2021-T1,seche,2021-01-01,2021-03-31,-0.38559212474364674,0.2265077802728449,0.3916529716263069,0.0007831374268767926,302.48104066151984,308.5288517216317,0.05233940965988672
Ziro,Centre-ouest,-1.789604030127707,11.649300172172008,2021-T1,seche,2021-01-01,2021-03-31,-0.3893571492791153,0.22645055649158793,0.38741865220410326,0.0006136143422724642,302.2633497803149,327.23765090353845,0.04988091442700374
Bazega,Centre-sud,-1.3940711729379671,11.929600821086295,2021-T1,seche,2021-01-01,2021-03-31,-0.3721056075093212,0.20964276547896704,0.3519572417101825,0.0001573287162373805,302.2245241086453,308.0504250184022,0.06506975390378202
Banwa,Boucle Du Mouhoun,,,2021-T2,transition,2021-04-01,2021-06-30,-0.37020333333271205,0.21444960697231052,0.36634828194793206,0.022109186351961404,304.85695777481027,346.70697866565405,0.11380035716803387
Kossi,Boucle Du Mouhoun,-3.822956261825886,12.812686525228674,2021-T2,transition,2021-04-01,2021-06-30,-0.35204603374913135,0.1893733999725874,0.31295681780294865,0.014938217771572898,306.04059121128324,293.3944418740256,0.10596353836219853
Bale,Boucle Du Mouhoun,-3.1562002940694236,11.724962044865523,2021-T2,transition,2021-04-01,2021-06-30,-0.34678153276349505,0.2259592657165417,0.43650319660508546,0.027068540385663125,305.0217617936181,289.66245385220446,0.1355685106052306
Mouhoun,Boucle Du Mouhoun,-3.465560822558568,12.148429141055294,2021-T2,transition,2021-04-01,2021-06-30,-0.347638699727856,0.21144415699315602,0.3877733573850243,0.022799900675598,305.4050939678128,298.28399172912424,0.10989124170870423
Nayala,Boucle Du Mouhoun,-3.0944590634145883,12.657096114822512,2021-T2,transition,2021-04-01,2021-06-30,-0.33264768959817187,0.19412705934202693,0.346671258987684,0.02135879517970347,305.85267092732136,281.7824974179386,0.07865057719444249
Sourou,Boucle Du Mouhoun,-3.0425338311313457,13.20277689536505,2021-T2,transition,2021-04-01,2021-06-30,-0.3237263293175523,0.18000839078276867,0.3080592017391816,0.01641749165652887,306.2747868473919,285.56400385503065,0.07626872682403858
Comoe,Cascades,-4.514135440850249,10.486252031591674,2021-T2,transition,2021-04-01,2021-06-30,-0.44020962129036845,0.3793913939840633,0.8298144525471933,0.043049830574751674,303.07904897414215,312.9290116505069,0.15724300523029927
Leraba,Cascades,-5.16214118260538,10.59270126662498,2021-T2,transition,2021-04-01,2021-06-30,-0.45404133952415615,0.34033842951891885,0.6132849356799097,0.03719097526599373,302.74435979945054,395.739589276246,0.14588484436754331
Kadiogo,Centre,-1.4189075947220224,12.312731953406667,2021-T2,transition,2021-04-01,2021-06-30,-0.3160138715807621,0.16706041613204478,0.28222081835017326,0.021784745587148626,305.6247027538816,307.73791575922803,0.10274258029459579
Boulgou,Centre-est,-0.45761713244389585,11.503793323148528,2021-T2,transition,2021-04-01,2021-06-30,-0.32007099083004575,0.18887476079219578,0.3466125907992679,0.01769303233019251,305.16052559084324,255.58216146296527,0.15556302994926027
Koulpelogo,Centre-est,0.15035667022296972,11.463301970345205,2021-T2,transition,2021-04-01,2021-06-30,-0.32663898746810466,0.18824723741322907,0.33971172228206653,0.02028548722514205,305.1598721966369,259.1149121211507,0.1437423822984453
Kouritenga,Centre-est,-0.329596707027452,12.276621177276377,2021-T2,transition,2021-04-01,2021-06-30,-0.29921230532728205,0.14270112181668732,0.23138045437470567,0.014476114677801686,305.5773962536672,306.9204786849931,0.12128575846661165
Bam,Centre-nord,-1.6136483749809556,13.351495353793153,2021-T2,transition,2021-04-01,2021-06-30,-0.32375834758395877,0.14109123326134101,0.20900089008638975,0.01696019317156263,306.1493162067928,334.0163129623158,0.06414441190341016
Namentenga,Centre-nord,-0.49062813376172576,13.108749399980104,2021-T2,transition,2021-04-01,2021-06-30,-0.3019803234991083,0.12963547599525135,0.19884705575831615,0.01119962085435683,306.2826265982313,300.8292948855314,0.07489238510452198
Sanmatenga,Centre-nord,-1.0261364414418561,13.177157572778016,2021-T2,transition,2021-04-01,2021-06-30,-0.3182963274596935,0.14685052238695465,0.22735626490162092,0.012292753049807733,306.1898526653033,313.9949279047657,0.07886288748423255
Boulkiemde,Centre-ouest,-2.116690600453765,12.33281653730948,2021-T2,transition,2021-04-01,2021-06-30,-0.3210221821150303,0.1757343496536286,0.2720337322931414,0.02958696631350874,305.29501129850064,312.39910123302417,0.10888889142694921
Sanguie,Centre-ouest,-2.635215140603591,12.172899114173353,2021-T2,transition,2021-04-01,2021-06-30,-0.34930981541296924,0.221478519156057,0.41583185247048265,0.028129580946167035,305.17285471429665,281.72584704545613,0.07884105222298446
Sissili,Centre-ouest,,,2021-T2,transition,2021-04-01,2021-06-30,-0.3650688613127043,0.25347323927193904,0.5076977632052501,0.03363980828671039,304.26505655883943,308.5288517216317,0.10176242342768493
Ziro,Centre-ouest,-1.789604030127707,11.649300172172008,2021-T2,transition,2021-04-01,2021-06-30,-0.3677077627463977,0.2518795086114327,0.495784580851342,0.029482208135552513,304.5256111569518,327.23765090353845,0.09902300609743327
Bazega,Centre-sud,-1.3940711729379671,11.929600821086295,2021-T2,transition,2021-04-01,2021-06-30,-0.3445197829710121,0.20798920089202635,0.37292691695397234,0.023981625944474654,305.13773074334784,308.0504250184022,0.10867009250034254
Banwa,Boucle Du Mouhoun,,,2021-T3,pluies,2021-07-01,2021-09-30,-0.5178982502986896,0.4976485926433307,1.0942478435792742,0.16254843084386245,299.5023936759523,346.70697866565405,0.21726264202401277
Kossi,Boucle Du Mouhoun,-3.822956261825886,12.812686525228674,2021-T3,pluies,2021-07-01,2021-09-30,-0.48185263830408104,0.44257186675959026,0.9188811363631676,0.13070143415575702,300.55640216446926,293.3944418740256,0.2121615475510696
Bale,Boucle Du Mouhoun,-3.1562002940694236,11.724962044865523,2021-T3,pluies,2021-07-01,2021-09-30,-0.5500905529394238,0.5901761058716336,1.5010386148073303,0.1431943155511381,299.64367049452744,289.66245385220446,0.22881584228856647
Mouhoun,Boucle Du Mouhoun,-3.465560822558568,12.148429141055294,2021-T3,pluies,2021-07-01,2021-09-30,-0.5686386723920284,0.6029481966973121,1.3320160756978265,0.158655724040211,299.83873813064736,298.28399172912424,0.22221090718285563
Nayala,Boucle Du Mouhoun,-3.0944590634145883,12.657096114822512,2021-T3,pluies,2021-07-01,2021-09-30,-0.5516678158488987,0.5762261166298848,1.261929270251475,0.13478516705197174,300.4112697514665,281.7824974179386,0.19629533836902224
Sourou,Boucle Du Mouhoun,-3.0425338311313457,13.20277689536505,2021-T3,pluies,2021-07-01,2021-09-30,-0.515141826085857,0.514285063309631,1.1187202605319981,0.09453549739213615,301.164721290176,285.56400385503065,0.17239884106316464
Comoe,Cascades,-4.514135440850249,10.486252031591674,2021-T3,pluies,2021-07-01,2021-09-30,-0.548509374445388,0.582013424019025,1.46139098651761,0.1815084462453579,298.66789242708234,312.9290116505069,0.25113964397887606
Leraba,Cascades,-5.16214118260538,10.59270126662498,2021-T3,pluies,2021-07-01,2021-09-30,-0.5466203017970551,0.5501176572460518,1.277063465394023,0.2987376876305551,298.22176220663465,395.739589276246,0.2610573085358236
Kadiogo,Centre,-1.4189075947220224,12.312731953406667,2021-T3,pluies,2021-07-01,2021-09-30,-0.4894707322575879,0.47941448734527775,1.1098466876109065,0.12294790900863742,300.30410776150745,307.73791575922803,0.18345977295396956
Boulgou,Centre-est,-0.45761713244389585,11.503793323148528,2021-T3,pluies,2021-07-01,2021-09-30,-0.4543435463133532,0.4538360877026128,1.1090699562295907,0.15947415459283504,299.8436279196055,255.58216146296527,0.25735231334728365
Koulpelogo,Centre-est,0.15035667022296972,11.463301970345205,2021-T3,pluies,2021-07-01,2021-09-30,-0.5015842995984694,0.5326970487532517,0.6252119747922311,0.15823090309790297,299.8077800407822,259.1149121211507,0.24969431884403395
Kouritenga,Centre-est,-0.329596707027452,12.276621177276377,2021-T3,pluies,2021-07-01,2021-09-30,-0.38111947126102025,0.3335653549644616,0.8672080961665458,0.15425544729095442,300.2382290003431,306.9204786849931,0.20511524261088623
Bam,Centre-nord,-1.6136483749809556,13.351495353793153,2021-T3,pluies,2021-07-01,2021-09-30,-0.4259140196279691,0.3368209561851917,0.6421908005700965,0.07423970686664826,301.480391042664,334.0163129623158,0.14051256117072022
Namentenga,Centre-nord,-0.49062813376172576,13.108749399980104,2021-T3,pluies,2021-07-01,2021-09-30,-0.41847716439390426,0.35947371197378475,0.7503705061755266,0.07579412456823266,301.51236643527756,300.8292948855314,0.15779928943840754
Sanmatenga,Centre-nord,-1.0261364414418561,13.177157572778016,2021-T3,pluies,2021-07-01,2021-09-30,-0.4542000602063929,0.405675924702219,0.8613447529875824,0.07465604084948292,301.443191713892,313.9949279047657,0.1599595499526042
Boulkiemde,Centre-ouest,-2.116690600453765,12.33281653730948,2021-T3,pluies,2021-07-01,2021-09-30,-0.48350800395074867,0.47661982117493323,1.0499106235755369,0.14161543571804017,300.0629761950756,312.39910123302417,0.2070920934448458
Sanguie,Centre-ouest,-2.635215140603591,12.172899114173353,2021-T3,pluies,2021-07-01,2021-09-30,-0.511767882886204,0.5229055015068038,1.2170607518810708,0.14162996208982895,300.0080198688375,281.72584704545613,0.1700425067035501
Sissili,Centre-ouest,,,2021-T3,pluies,2021-07-01,2021-09-30,-0.5646807337451653,0.6207632198894961,1.6754453638877733,0.15047484728236948,299.1166198345154,308.5288517216317,0.1869459859390939
Ziro,Centre-ouest,-1.789604030127707,11.649300172172008,2021-T3,pluies,2021-07-01,2021-09-30,-0.566401544987925,0.6168441974235702,1.5995928125092376,0.14356917149010076,299.2326751431208,327.23765090353845,0.17577908582829654
Bazega,Centre-sud,-1.3940711729379671,11.929600821086295,2021-T3,pluies,2021-07-01,2021-09-30,-0.5145764902430049,0.5450790026251477,1.4530728125878345,0.13401897105685684,299.76754625616854,308.0504250184022,0.18309705833622805
Banwa,Boucle Du Mouhoun,,,2021-T4,transition,2021-10-01,2021-12-31,-0.45849545422663557,0.34300383018117114,0.66363152633644,0.008109172589557923,300.9772247153237,346.70697866565405,0.10414962683726589
Kossi,Boucle Du Mouhoun,-3.822956261825886,12.812686525228674,2021-T4,transition,2021-10-01,2021-12-31,-0.4376173066591717,0.304724643960988,0.5399851131241107,0.004384411343058009,301.85392048353384,293.3944418740256,0.10834570289124379
Bale,Boucle Du Mouhoun,-3.1562002940694236,11.724962044865523,2021-T4,transition,2021-10-01,2021-12-31,-0.44996235420295533,0.35145477811963455,0.6884921653317813,0.005658668508698352,301.5264468729149,289.66245385220446,0.13397918158961
Mouhoun,Boucle Du Mouhoun,-3.465560822558568,12.148429141055294,2021-T4,transition,2021-10-01,2021-12-31,-0.45497214042297296,0.36142736775607487,0.7250624537709571,0.00526829932736239,301.4409955054115,298.28399172912424,0.10358494575367039
Nayala,Boucle Du Mouhoun,-3.0944590634145883,12.657096114822512,2021-T4,transition,2021-10-01,2021-12-31,-0.44328048882968657,0.31259738136528653,0.5418180156122333,0.004908601864063682,301.7700673331508,281.7824974179386,0.08535407531262278
Sourou,Boucle Du Mouhoun,-3.0425338311313457,13.20277689536505,2021-T4,transition,2021-10-01,2021-12-31,-0.4204286870459527,0.27876762398980276,0.46639489611598295,0.003112170036894481,301.9545010389621,285.56400385503065,0.08582425329849279
Comoe,Cascades,-4.514135440850249,10.486252031591674,2021-T4,transition,2021-10-01,2021-12-31,-0.5126472807896721,0.47352318123549253,1.0695869027620462,0.019534080086142946,300.6513828848134,312.9290116505069,0.18899039420277752
Leraba,Cascades,-5.16214118260538,10.59270126662498,2021-T4,transition,2021-10-01,2021-12-31,-0.5357147832375392,0.4783507323144904,0.9987006911214205,0.02239954937410953,299.9332759266998,395.739589276246,0.18841518952138916
Kadiogo,Centre,-1.4189075947220224,12.312731953406667,2021-T4,transition,2021-10-01,2021-12-31,-0.4002886906417727,0.2612152388110724,0.45981056393919695,0.005703602455718545,301.8607012154867,307.73791575922803,0.09359201479986064
Boulgou,Centre-est,-0.45761713244389585,11.503793323148528,2021-T4,transition,2021-10-01,2021-12-31,-0.41229380943741323,0.29082355013348926,0.5402516508187812,0.009893891763572651,301.8287351964256,255.5821614629653,0.1678389134177009
Koulpelogo,Centre-est,0.15035667022296972,11.463301970345205,2021-T4,transition,2021-10-01,2021-12-31,-0.41917208758116087,0.2895946475083909,0.5242346895977644,0.0070988966668772855,301.9106846148629,259.11491212115067,0.1518849222344753
Kouritenga,Centre-est,-0.329596707027452,12.276621177276377,2021-T4,transition,2021-10-01,2021-12-31,-0.3915389048120817,0.25072142066052777,0.43180259826255996,0.006342091697775307,301.82761840302146,306.9204786849931,0.10961543688777545
Bam,Centre-nord,-1.6136483749809556,13.351495353793153,2021-T4,transition,2021-10-01,2021-12-31,-0.3834987950323914,0.20888824817306523,0.3235171329233329,0.0023370005385891617,301.6041716046904,334.0163129623158,0.06790483544866281
Namentenga,Centre-nord,-0.49062813376172576,13.108749399980104,2021-T4,transition,2021-10-01,2021-12-31,-0.3745359926072518,0.21182148958764896,0.3406571672806581,0.001671244536179907,301.8033187568402,300.8292948855314,0.0727826030666178
Sanmatenga,Centre-nord,-1.0261364414418561,13.177157572778016,2021-T4,transition,2021-10-01,2021-12-31,-0.39231785174733563,0.22870195210749342,0.36888213286962385,0.0017258985335701367,301.68448391079573,313.9949279047657,0.0744814662410894
Boulkiemde,Centre-ouest,-2.116690600453765,12.33281653730948,2021-T4,transition,2021-10-01,2021-12-31,-0.40319018448260857,0.2580843894550487,0.4442159951212517,0.006797646432580954,301.68254498671934,312.39910123302417,0.10384107395110749
Sanguie,Centre-ouest,-2.635215140603591,12.172899114173353,2021-T4,transition,2021-10-01,2021-12-31,-0.42464070775835044,0.28977295805827497,0.5135961796034157,0.005289388939556564,301.41811788343574,281.72584704545613,0.08175640395443064
Sissili,Centre-ouest,,,2021-T4,transition,2021-10-01,2021-12-31,-0.4815760991227935,0.3999586854059233,0.809992444090994,0.010895884676553048,301.1795345041712,308.5288517216317,0.09141838672648817
Ziro,Centre-ouest,-1.789604030127707,11.649300172172008,2021-T4,transition,2021-10-01,2021-12-31,-0.4721688726330488,0.3775542774115365,0.7534835562238272,0.00956799332482501,301.1746866767875,327.23765090353845,0.0821383900955942
Bazega,Centre-sud,-1.3940711729379671,11.929600821086295,2021-T4,transition,2021-10-01,2021-12-31,-0.4424113308412002,0.3258872666367137,0.6136351488412743,0.008409175005653398,301.537450021047,308.0504250184022,0.09387317163361002
Banwa,Boucle Du Mouhoun,,,2022-T1,seche,2022-01-01,2022-03-31,-0.37863282121072533,0.21168926590924225,0.34961827427703873,0.0017243915377229606,300.9482456097362,346.70697866565405,0.06562136121959697
Kossi,Boucle Du Mouhoun,-3.822956261825886,12.812686525228674,2022-T1,seche,2022-01-01,2022-03-31,-0.37707776907887997,0.2043703755174685,0.3193486810154209,0.000818010048342189,300.6968671842121,293.3944418740256,0.0744269677006633
Bale,Boucle Du Mouhoun,-3.1562002940694236,11.724962044865523,2022-T1,seche,2022-01-01,2022-03-31,-0.37235299091413165,0.20447439512897678,0.3290080097749457,0.0008835497732572749,301.6513728063934,289.66245385220446,0.09212549005593737
Mouhoun,Boucle Du Mouhoun,-3.465560822558568,12.148429141055294,2022-T1,seche,2022-01-01,2022-03-31,-0.37892133623873947,0.2105223239695679,0.3431055757426778,0.0013048003439411178,301.2194956998156,298.28399172912424,0.06535707886084491
Nayala,Boucle Du Mouhoun,-3.0944590634145883,12.657096114822512,2022-T1,seche,2022-01-01,2022-03-31,-0.37316624365120166,0.20145496322615267,0.3185755292340613,0.001577642584168396,300.69239123294227,281.7824974179386,0.04543077615846289
Sourou,Boucle Du Mouhoun,-3.0425338311313457,13.20277689536505,2022-T1,seche,2022-01-01,2022-03-31,-0.3653776839809855,0.19427940941874372,0.308301577265046,0.0008391206656207449,300.324940864762,285.56400385503065,0.052161459495982276
Comoe,Cascades,-4.514135440850249,10.486252031591674,2022-T1,seche,2022-01-01,2022-03-31,-0.44147365579013065,0.2993264406323078,0.515731222754024,0.006738051560903399,302.0840214056021,312.9290116505069,0.10814962310756156
Leraba,Cascades,-5.16214118260538,10.59270126662498,2022-T1,seche,2022-01-01,2022-03-31,-0.4622692258172636,0.3146512251847272,0.5191649276495,0.008190863646838244,301.4532075908115,395.739589276246,0.09542217879936882
Kadiogo,Centre,-1.4189075947220224,12.312731953406667,2022-T1,seche,2022-01-01,2022-03-31,-0.34266880068782796,0.17199861605666086,0.2728085143848066,0.001174048432118506,301.49446534075133,307.73791575922803,0.06244253981309942
Boulgou,Centre-est,-0.45761713244389585,11.503793323148528,2022-T1,seche,2022-01-01,2022-03-31,-0.3401583881688695,0.1829854133502411,0.30963479124587145,0.0012782694399854596,302.61860098625795,255.58216146296527,0.11631208361672205
Koulpelogo,Centre-est,0.15035667022296972,11.463301970345205,2022-T1,seche,2022-01-01,2022-03-31,-0.3446215299692681,0.19016142210242318,0.33500818514118763,0.0006518949214347117,302.5391082419346,259.1149121211507,0.10490722684563748
Kouritenga,Centre-est,-0.329596707027452,12.276621177276377,2022-T1,seche,2022-01-01,2022-03-31,-0.33814916478540663,0.17726426620747512,0.28680813822359985,0.0007594650306651743,301.6533115563504,306.9204786849931,0.07499562274542163
Bam,Centre-nord,-1.6136483749809556,13.351495353793153,2022-T1,seche,2022-01-01,2022-03-31,-0.35949582295551386,0.15669283032535722,0.21303590469726194,0.0006193806222726406,299.63881748708764,334.0163129623158,0.039832402927824445
Namentenga,Centre-nord,-0.49062813376172576,13.108749399980104,2022-T1,seche,2022-01-01,2022-03-31,-0.34329035082761294,0.16596011908644293,0.2512572168023051,0.000618630397759986,300.3371628964812,300.8292948855314,0.04496322356382473
Sanmatenga,Centre-nord,-1.0261364414418561,13.177157572778016,2022-T1,seche,2022-01-01,2022-03-31,-0.34973906795408966,0.16684006271779778,0.24844577728669362,0.0007382855671246545,299.9777956876943,313.9949279047657,0.04841367916115894
Boulkiemde,Centre-ouest,-2.116690600453765,12.33281653730948,2022-T1,seche,2022-01-01,2022-03-31,-0.3514624874065548,0.18246550226777586,0.2960623963750101,0.00222629660586924,301.38956344936696,312.39910123302417,0.06931523597998568
Sanguie,Centre-ouest,-2.635215140603591,12.172899114173353,2022-T1,seche,2022-01-01,2022-03-31,-0.36286407814979316,0.19277352368714085,0.3062263408784675,0.0017533443711836463,301.01437987613076,281.72584704545613,0.0461950126474858
Sissili,Centre-ouest,,,2022-T1,seche,2022-01-01,2022-03-31,-0.3768454989021197,0.2129952925576689,0.351352793251104,0.002343024542161072,302.0270982031443,308.5288517216317,0.05531355002375787
Ziro,Centre-ouest,-1.789604030127707,11.649300172172008,2022-T1,seche,2022-01-01,2022-03-31,-0.3707307507508805,0.20623687925912146,0.3421677706535809,0.0034898010457195504,301.77262266955336,327.23765090353845,0.05268414820998848
Bazega,Centre-sud,-1.3940711729379671,11.929600821086295,2022-T1,seche,2022-01-01,2022-03-31,-0.35614954840547935,0.19469422023782168,0.3283875163214453,0.0025299828202493568,301.7584461121211,308.0504250184022,0.0639322970106774
Banwa,Boucle Du Mouhoun,,,2022-T2,transition,2022-04-01,2022-06-30,-0.36974064638918985,0.212779964351206,0.35657395946274745,0.043331902129679856,304.14593427894164,346.70697866565405,0.10908463040073578
Kossi,Boucle Du Mouhoun,-3.822956261825886,12.812686525228674,2022-T2,transition,2022-04-01,2022-06-30,-0.35679871181419265,0.1885293903848186,0.2946428025210809,0.026245769339586753,305.14576604345467,293.3944418740256,0.10713825414700734
Bale,Boucle Du Mouhoun,-3.1562002940694236,11.724962044865523,2022-T2,transition,2022-04-01,2022-06-30,-0.3802421599371177,0.2512158729727039,0.4267859416776899,0.04023518457105141,304.21834724372627,289.66245385220446,0.14961109076547058
Mouhoun,Boucle Du Mouhoun,-3.465560822558568,12.148429141055294,2022-T2,transition,2022-04-01,2022-06-30,-0.37224498088666386,0.2188344433206004,0.3469213584428349,0.03774894526658851,304.64524661679906,298.28399172912424,0.11536178428610551
Nayala,Boucle Du Mouhoun,-3.0944590634145883,12.657096114822512,2022-T2,transition,2022-04-01,2022-06-30,-0.37131538845763157,0.20984883123900472,0.3124174416097613,0.0332795541065212,305.1606078956806,281.7824974179386,0.0974798822130937
Sourou,Boucle Du Mouhoun,-3.0425338311313457,13.20277689536505,2022-T2,transition,2022-04-01,2022-06-30,-0.3451047644324445,0.1787061512661983,0.2664017028325735,0.026440258976655803,305.40677977255086,285.56400385503065,0.08212898621236131
Comoe,Cascades,-4.514135440850249,10.486252031591674,2022-T2,transition,2022-04-01,2022-06-30,-0.473924825133478,0.4171942700752572,0.8495319784409502,0.07687738447844703,302.3496885305734,312.9290116505069,0.16670808167349868
Leraba,Cascades,-5.16214118260538,10.59270126662498,2022-T2,transition,2022-04-01,2022-06-30,-0.4439492186577031,0.3339914137369114,0.6453399380315725,0.0751894260792959,301.99570151893477,395.739589276246,0.1568521497601584
Kadiogo,Centre,-1.4189075947220224,12.312731953406667,2022-T2,transition,2022-04-01,2022-06-30,-0.3438650075496221,0.18367702846419853,0.27414435260991515,0.031387398065468426,304.82321138320054,307.73791575922803,0.10449962065547148
Boulgou,Centre-est,-0.45761713244389585,11.503793323148528,2022-T2,transition,2022-04-01,2022-06-30,-0.37178034097126683,0.2502812150458232,0.4228183738924627,0.03019601064947023,304.4849888426601,255.58216146296527,0.164065279023821
Koulpelogo,Centre-est,0.15035667022296972,11.463301970345205,2022-T2,transition,2022-04-01,2022-06-30,-0.3929217934935958,0.2739461422206374,0.4476122029652204,0.031081103819622095,304.1889709020309,259.1149121211507,0.16213231472771114
Kouritenga,Centre-est,-0.329596707027452,12.276621177276377,2022-T2,transition,2022-04-01,2022-06-30,-0.314288056259306,0.1521432541130525,0.22451578203229375,0.022749443162285967,305.1046040720004,306.9204786849931,0.11339816527849035
Bam,Centre-nord,-1.6136483749809556,13.351495353793153,2022-T2,transition,2022-04-01,2022-06-30,-0.3524860773188186,0.14342376095314735,0.1852692742437139,0.01807162116912673,305.46943747380857,334.0163129623158,0.060369268527895814
Namentenga,Centre-nord,-0.49062813376172576,13.108749399980104,2022-T2,transition,2022-04-01,2022-06-30,-0.3320931750994521,0.14735624188303723,0.19972516180054517,0.01484309455628281,305.8286102879175,300.8292948855314,0.06630653223693063
Sanmatenga,Centre-nord,-1.0261364414418561,13.177157572778016,2022-T2,transition,2022-04-01,2022-06-30,-0.34792543445379787,0.15808028821976203,0.21534848289181632,0.01605702874306596,305.56983965100477,313.9949279047657,0.07191458404943042
Boulkiemde,Centre-ouest,-2.116690600453765,12.33281653730948,2022-T2,transition,2022-04-01,2022-06-30,-0.33904122463553704,0.1727335614025608,0.2573548950584334,0.03275762241363816,304.5966013465525,312.39910123302417,0.11206429782416581
Sanguie,Centre-ouest,-2.635215140603591,12.172899114173353,2022-T2,transition,2022-04-01,2022-06-30,-0.3716803151850336,0.22379527580342456,0.3506772440898616,0.036319054216095784,304.534075542172,281.72584704545613,0.0931366547132022
Sissili,Centre-ouest,,,2022-T2,transition,2022-04-01,2022-06-30,-0.3882963816567581,0.28335172836473194,0.5290218357845166,0.042745376297128594,303.4280907030524,308.5288517216317,0.10619832558719425
Ziro,Centre-ouest,-1.789604030127707,11.649300172172008,2022-T2,transition,2022-04-01,2022-06-30,-0.38295105510867455,0.26375462293157304,0.4633917120316246,0.039513497180399086,303.64385889336984,327.23765090353845,0.09775108790048936
Bazega,Centre-sud,-1.3940711729379671,11.929600821086295,2022-T2,transition,2022-04-01,2022-06-30,-0.3736597005520681,0.2378302649582391,0.3812908793177638,0.03383746599571878,304.3362512875479,308.0504250184022,0.10883906435942849
Banwa,Boucle Du Mouhoun,,,2022-T3,pluies,2022-07-01,2022-09-30,-0.5020801597753906,0.4826707791283632,0.9107744826650167,0.20188253735059042,298.9441370042097,346.70697866565405,0.22793913403585547
Kossi,Boucle Du Mouhoun,-3.822956261825886,12.812686525228674,2022-T3,pluies,2022-07-01,2022-09-30,-0.5291882320470506,0.5092052041335358,1.040606839937684,0.16495563411827308,299.8766513252066,293.3944418740256,0.2329165252521455
Bale,Boucle Du Mouhoun,-3.1562002940694236,11.724962044865523,2022-T3,pluies,2022-07-01,2022-09-30,-0.5077059714290519,0.5088567233121476,1.309563242965162,0.17907252743113147,299.0042098979613,289.66245385220446,0.25725302875475564
Mouhoun,Boucle Du Mouhoun,-3.465560822558568,12.148429141055294,2022-T3,pluies,2022-07-01,2022-09-30,-0.5198113102572173,0.5210994304847808,1.2361494591498852,0.18363910730417002,299.28070967396826,298.28399172912424,0.2319103066572506
Nayala,Boucle Du Mouhoun,-3.0944590634145883,12.657096114822512,2022-T3,pluies,2022-07-01,2022-09-30,-0.4978762261257915,0.4789992814433509,1.037489779894727,0.16980610013258635,299.8078264894945,281.7824974179386,0.20942532598308075
Sourou,Boucle Du Mouhoun,-3.0425338311313457,13.20277689536505,2022-T3,pluies,2022-07-01,2022-09-30,-0.5052427294187767,0.48888747351115525,0.9958244112987393,0.13187420557453353,300.3860424520178,285.56400385503065,0.21747769540337197
Comoe,Cascades,-4.514135440850249,10.486252031591674,2022-T3,pluies,2022-07-01,2022-09-30,-0.5047062241724134,0.5337480396315027,1.6638865283734043,0.22707043520744127,298.14055326904446,312.9290116505069,0.251292909536124
Leraba,Cascades,-5.16214118260538,10.59270126662498,2022-T3,pluies,2022-07-01,2022-09-30,-0.4978482771374087,0.5129184468661975,1.2315739892626771,0.2564681383815155,297.7167528955631,395.739589276246,0.2735497315710675
Kadiogo,Centre,-1.4189075947220224,12.312731953406667,2022-T3,pluies,2022-07-01,2022-09-30,-0.44369001077157244,0.3878677667399342,0.764826900945673,0.19014554416071483,299.6070787345276,307.73791575922803,0.1976090642262614
Boulgou,Centre-est,-0.45761713244389585,11.503793323148528,2022-T3,pluies,2022-07-01,2022-09-30,-0.38190010901091787,0.3015921687753505,0.6526776984563742,0.21799380773168175,299.20732695532655,255.58216146296527,0.2761086927429774
Koulpelogo,Centre-est,0.15035667022296972,11.463301970345205,2022-T3,pluies,2022-07-01,2022-09-30,-0.3675524116857255,0.3555946783851032,0.5571237858405584,0.20077891307763227,299.1758898170133,259.1149121211507,0.2503561491824391
Kouritenga,Centre-est,-0.329596707027452,12.276621177276377,2022-T3,pluies,2022-07-01,2022-09-30,-0.3286676094096636,0.22779114533568715,0.385620503013388,0.19801516298591476,299.5916320210703,306.9204786849931,0.2256914740945494
Bam,Centre-nord,-1.6136483749809556,13.351495353793153,2022-T3,pluies,2022-07-01,2022-09-30,-0.4583900326524006,0.3558752287698327,0.5943156899101876,0.11369015436699278,300.5834755686145,334.0163129623158,0.1856771600849906
Namentenga,Centre-nord,-0.49062813376172576,13.108749399980104,2022-T3,pluies,2022-07-01,2022-09-30,-0.3790191562709515,0.2645518307052391,0.4611600137116445,0.12436245452291898,300.6805476545093,300.8292948855314,0.17111734491762665
Sanmatenga,Centre-nord,-1.0261364414418561,13.177157572778016,2022-T3,pluies,2022-07-01,2022-09-30,-0.4329132609301912,0.3393444395305689,0.5966111083126127,0.12506123270343905,300.4978020726638,313.9949279047657,0.18086377462670175
Boulkiemde,Centre-ouest,-2.116690600453765,12.33281653730948,2022-T3,pluies,2022-07-01,2022-09-30,-0.45290947652858865,0.40798427832507833,0.8297490259124277,0.1901984333092052,299.470233971067,312.39910123302417,0.23479095195431302
Sanguie,Centre-ouest,-2.635215140603591,12.172899114173353,2022-T3,pluies,2022-07-01,2022-09-30,-0.477635505091424,0.4552376776224487,1.0282200698460369,0.18232115116635775,299.42378142977157,281.72584704545613,0.19227225867094025
Sissili,Centre-ouest,,,2022-T3,pluies,2022-07-01,2022-09-30,-0.44745479164290286,0.4528023223136591,1.0398820304147405,0.19689402053622498,298.55178877937345,308.5288517216317,0.18853699479739053
Ziro,Centre-ouest,-1.789604030127707,11.649300172172008,2022-T3,pluies,2022-07-01,2022-09-30,-0.4547093923195299,0.46097672806890516,1.1964303503647424,0.19248356410106376,298.65308533869944,327.23765090353845,0.1878233290114125
Bazega,Centre-sud,-1.3940711729379671,11.929600821086295,2022-T3,pluies,2022-07-01,2022-09-30,-0.44250761754777257,0.4137837365003631,1.2009802828622749,0.20968173758105724,299.13860469911657,308.0504250184022,0.20072564264682477
Banwa,Boucle Du Mouhoun,,,2022-T4,transition,2022-10-01,2022-12-31,-0.485362778543391,0.3690600341659213,0.6801805402185042,0.006193552001153061,299.79257458288987,346.70697866565405,0.11879463596061016
Kossi,Boucle Du Mouhoun,-3.822956261825886,12.812686525228674,2022-T4,transition,2022-10-01,2022-12-31,-0.4825584358957171,0.3555493055896143,0.6109581421034108,0.003253374663053353,300.1714081049076,293.3944418740256,0.1414694341881371
Bale,Boucle Du Mouhoun,-3.1562002940694236,11.724962044865523,2022-T4,transition,2022-10-01,2022-12-31,-0.4710596462409598,0.33414086425235107,0.5715101656627505,0.007825650019032978,300.5381043955615,289.66245385220446,0.1504793331492032
Mouhoun,Boucle Du Mouhoun,-3.465560822558568,12.148429141055294,2022-T4,transition,2022-10-01,2022-12-31,-0.4731001462359938,0.33034612206254876,0.5593956793246135,0.007544878512779935,300.3080089655005,298.28399172912424,0.11717819099533812
Nayala,Boucle Du Mouhoun,-3.0944590634145883,12.657096114822512,2022-T4,transition,2022-10-01,2022-12-31,-0.46050674266517205,0.30451365756070375,0.4890893636871127,0.007143416995806529,300.2739542962146,281.7824974179386,0.10481278906547442
Sourou,Boucle Du Mouhoun,-3.0425338311313457,13.20277689536505,2022-T4,transition,2022-10-01,2022-12-31,-0.4676025917385269,0.31947103808455257,0.5195992756417794,0.002499075383474222,300.25409121140825,285.56400385503065,0.11289057237486942
Comoe,Cascades,-4.514135440850249,10.486252031591674,2022-T4,transition,2022-10-01,2022-12-31,-0.5225953403677369,0.49784959426424147,1.1771782960439146,0.027527455255978835,299.30718097963967,312.9290116505069,0.18301401273412202
Leraba,Cascades,-5.16214118260538,10.59270126662498,2022-T4,transition,2022-10-01,2022-12-31,-0.5158204093971898,0.4487272886036787,0.9595402655860953,0.028641333324182065,298.8290329123976,395.739589276246,0.18110657649851208
Kadiogo,Centre,-1.4189075947220224,12.312731953406667,2022-T4,transition,2022-10-01,2022-12-31,-0.43522022740065447,0.28052546423011826,0.4662867523751175,0.00566349072304826,300.3993808153405,307.73791575922803,0.11040904845110641
Boulgou,Centre-est,-0.45761713244389585,11.503793323148528,2022-T4,transition,2022-10-01,2022-12-31,-0.4436041419867087,0.29895297884193867,0.499218965619762,0.005030639896217958,300.71173139054906,255.5821614629653,0.19961104479672517
Koulpelogo,Centre-est,0.15035667022296972,11.463301970345205,2022-T4,transition,2022-10-01,2022-12-31,-0.4720923470711994,0.3409387242842017,0.5996335073085988,0.004493464373673194,300.6691020705075,259.11491212115067,0.18215704688146098
Kouritenga,Centre-est,-0.329596707027452,12.276621177276377,2022-T4,transition,2022-10-01,2022-12-31,-0.4284975053996164,0.268859481690547,0.41766114927384584,0.003663031612511775,300.4022640409921,306.9204786849931,0.13445369547517289
Bam,Centre-nord,-1.6136483749809556,13.351495353793153,2022-T4,transition,2022-10-01,2022-12-31,-0.4489848172622737,0.2798817964259768,0.41730563984302627,0.006252616816091231,299.8047085704184,334.0163129623158,0.09958568872990038
Namentenga,Centre-nord,-0.49062813376172576,13.108749399980104,2022-T4,transition,2022-10-01,2022-12-31,-0.4158890295575038,0.24115089115281232,0.3581259706707372,0.0036149755933610806,300.23348837999663,300.8292948855314,0.09274510589088493
Sanmatenga,Centre-nord,-1.0261364414418561,13.177157572778016,2022-T4,transition,2022-10-01,2022-12-31,-0.45194298689161133,0.28798322000258403,0.4373054777009337,0.005898835694115427,299.8131476813869,313.9949279047657,0.10152633541591313
Boulkiemde,Centre-ouest,-2.116690600453765,12.33281653730948,2022-T4,transition,2022-10-01,2022-12-31,-0.44334266224425195,0.2929541933385529,0.47427066809135165,0.006517452178731684,300.50119659190057,312.39910123302417,0.1252648885454756
Sanguie,Centre-ouest,-2.635215140603591,12.172899114173353,2022-T4,transition,2022-10-01,2022-12-31,-0.4617460165635388,0.31528095399157385,0.5250599104392975,0.006331739940536279,300.3008055575727,281.72584704545613,0.0992139323075733
Sissili,Centre-ouest,,,2022-T4,transition,2022-10-01,2022-12-31,-0.4918712451379148,0.3632860366184933,0.6299068734470565,0.006733135173019342,300.3021684849321,308.5288517216317,0.09225574405438497
Ziro,Centre-ouest,-1.789604030127707,11.649300172172008,2022-T4,transition,2022-10-01,2022-12-31,-0.4996342995198179,0.37552304644760354,0.6588595478235545,0.006062077638641315,300.1486976274444,327.23765090353845,0.08808851548935821
Bazega,Centre-sud,-1.3940711729379671,11.929600821086295,2022-T4,transition,2022-10-01,2022-12-31,-0.4832610317072991,0.34688510674787715,0.5877394470284737,0.00563068401682415,300.21441583214704,308.0504250184022,0.10972329578579298
Banwa,Boucle Du Mouhoun,,,2023-T1,seche,2023-01-01,2023-03-31,-0.39930815334156794,0.22512167402535896,0.3559228853194749,0.0006677413131121324,301.61506236108,346.70697866565405,0.065634009275802
Kossi,Boucle Du Mouhoun,-3.822956261825886,12.812686525228674,2023-T1,seche,2023-01-01,2023-03-31,-0.3874724976894363,0.2117319330052141,0.32921734198842134,0.00018058352650032877,301.38943046692367,293.3944418740256,0.08124209494632387
Bale,Boucle Du Mouhoun,-3.1562002940694236,11.724962044865523,2023-T1,seche,2023-01-01,2023-03-31,-0.3921251534989163,0.2214835073547807,0.35991787790198415,0.0014944224796885818,302.3226695289472,289.66245385220446,0.09449207379037214
Mouhoun,Boucle Du Mouhoun,-3.465560822558568,12.148429141055294,2023-T1,seche,2023-01-01,2023-03-31,-0.3924192101886354,0.21828572925557127,0.35142994806090244,0.0012700847649552943,301.9748811459187,298.28399172912424,0.06471136247581619
Nayala,Boucle Du Mouhoun,-3.0944590634145883,12.657096114822512,2023-T1,seche,2023-01-01,2023-03-31,-0.37702956688634215,0.19934126283002016,0.31005497049666986,0.00041709938126629825,301.3492274575059,281.7824974179386,0.04675415880487054
Sourou,Boucle Du Mouhoun,-3.0425338311313457,13.20277689536505,2023-T1,seche,2023-01-01,2023-03-31,-0.3836204430962236,0.20912237964258726,0.33147262741225336,7.686051318725935e-05,301.02834462155545,285.56400385503065,0.059673901549949185
Comoe,Cascades,-4.514135440850249,10.486252031591674,2023-T1,seche,2023-01-01,2023-03-31,-0.44850565991607494,0.30897841380748986,0.5487933720217062,0.003656395656281753,302.1317886188168,312.9290116505069,0.10750493203640202
Leraba,Cascades,-5.16214118260538,10.59270126662498,2023-T1,seche,2023-01-01,2023-03-31,-0.4679505166774476,0.3202653225854727,0.5299938925310415,0.003307090948750227,301.85677385734806,395.739589276246,0.09735603789764048
Kadiogo,Centre,-1.4189075947220224,12.312731953406667,2023-T1,seche,2023-01-01,2023-03-31,-0.3672904284908079,0.18791475776183847,0.2916801087089989,0.001631828368469548,301.7320993561429,307.73791575922803,0.06700779368911047
Boulgou,Centre-est,-0.45761713244389585,11.503793323148528,2023-T1,seche,2023-01-01,2023-03-31,-0.3484889312205657,0.18460109693121488,0.3059748646360528,0.0020803644966567126,302.56939775029156,255.58216146296527,0.12321282753661478
Koulpelogo,Centre-est,0.15035667022296972,11.463301970345205,2023-T1,seche,2023-01-01,2023-03-31,-0.3547006677927523,0.1869749105456416,0.3176207874689058,0.001962057155621244,302.5933722574713,259.1149121211507,0.11972324908300208
Kouritenga,Centre-est,-0.329596707027452,12.276621177276377,2023-T1,seche,2023-01-01,2023-03-31,-0.34998036777017755,0.18147290735632643,0.28558395659950925,0.0011918757426203457,301.9769331760875,306.9204786849931,0.08184528958865497
Bam,Centre-nord,-1.6136483749809556,13.351495353793153,2023-T1,seche,2023-01-01,2023-03-31,-0.3802204322767056,0.18140701530827344,0.24650977611398253,0.0006536086799322873,300.3097459450424,334.0163129623158,0.04764260940551
Namentenga,Centre-nord,-0.49062813376172576,13.108749399980104,2023-T1,seche,2023-01-01,2023-03-31,-0.3609843491530562,0.1741352848461386,0.25311883402831087,0.0003590522506918901,300.937818530484,300.8292948855314,0.05108341991583531
Sanmatenga,Centre-nord,-1.0261364414418561,13.177157572778016,2023-T1,seche,2023-01-01,2023-03-31,-0.38083007307764355,0.18983844062136415,0.27376219754369097,0.0005514224545200537,300.5350910144571,313.9949279047657,0.054558555769348455
Boulkiemde,Centre-ouest,-2.116690600453765,12.33281653730948,2023-T1,seche,2023-01-01,2023-03-31,-0.37321622635541796,0.19613909897552073,0.3003213394102784,0.0010358392058186843,301.899861402937,312.39910123302417,0.07196158409053416
Sanguie,Centre-ouest,-2.635215140603591,12.172899114173353,2023-T1,seche,2023-01-01,2023-03-31,-0.37657572181992566,0.20164240121857613,0.3186058350683173,0.000692845550983764,301.6297969508875,281.72584704545613,0.048897075803796985
Sissili,Centre-ouest,,,2023-T1,seche,2023-01-01,2023-03-31,-0.38656657915924075,0.22151055063895614,0.36683094816215495,0.0024166582317971426,302.42623593668065,308.5288517216317,0.05460408723655752
Ziro,Centre-ouest,-1.789604030127707,11.649300172172008,2023-T1,seche,2023-01-01,2023-03-31,-0.38970467094492767,0.2218648517846672,0.36517096538993227,0.0030472189014854063,302.10410035657685,327.23765090353845,0.05418814810172482
Bazega,Centre-sud,-1.3940711729379671,11.929600821086295,2023-T1,seche,2023-01-01,2023-03-31,-0.3821751300601612,0.2119210552602488,0.3405823984110216,0.00223830807062978,301.8438053061252,308.0504250184022,0.06883534777067947
Banwa,Boucle Du Mouhoun,,,2023-T2,transition,2023-04-01,2023-06-30,-0.3813009684788613,0.2237698139200652,0.37358694087148114,0.036486481513042984,304.4351467124057,346.70697866565405,0.10732885445100285
Kossi,Boucle Du Mouhoun,-3.822956261825886,12.812686525228674,2023-T2,transition,2023-04-01,2023-06-30,-0.37909039194632077,0.21581146040764557,0.34974957110805055,0.029543804409212945,305.39842716524413,293.3944418740256,0.10950673711670117
Bale,Boucle Du Mouhoun,-3.1562002940694236,11.724962044865523,2023-T2,transition,2023-04-01,2023-06-30,-0.3555843491977312,0.219221854250036,0.3973971774667889,0.042133838984304596,304.427206227365,289.66245385220446,0.12835698663531286
Mouhoun,Boucle Du Mouhoun,-3.465560822558568,12.148429141055294,2023-T2,transition,2023-04-01,2023-06-30,-0.35920455893331416,0.20539598010821733,0.35390014496712013,0.0351494666261314,304.8769402383782,298.28399172912424,0.09937454743446576
Nayala,Boucle Du Mouhoun,-3.0944590634145883,12.657096114822512,2023-T2,transition,2023-04-01,2023-06-30,-0.3432318230521105,0.18805661843267565,0.31991890277584545,0.02503805938895543,305.42270564512654,281.7824974179386,0.073154303671961
Sourou,Boucle Du Mouhoun,-3.0425338311313457,13.20277689536505,2023-T2,transition,2023-04-01,2023-06-30,-0.34488761439470544,0.19222770503928752,0.3229140175602482,0.015961077749069803,305.9691732079558,285.56400385503065,0.08325432896228634
Comoe,Cascades,-4.514135440850249,10.486252031591674,2023-T2,transition,2023-04-01,2023-06-30,-0.4698333888319774,0.41019222261395866,0.8589666958803768,0.05516166314197491,302.971757777512,312.9290116505069,0.15530690272257577
Leraba,Cascades,-5.16214118260538,10.59270126662498,2023-T2,transition,2023-04-01,2023-06-30,-0.46013581642346985,0.35045611385678005,0.6279628777292521,0.05130746484640123,302.763048258496,395.739589276246,0.15319310037358763
Kadiogo,Centre,-1.4189075947220224,12.312731953406667,2023-T2,transition,2023-04-01,2023-06-30,-0.33152467367513716,0.17581086704338947,0.2845767669181721,0.026578403916014036,305.0816270241387,307.73791575922803,0.09211732131375802
Boulgou,Centre-est,-0.45761713244389585,11.503793323148528,2023-T2,transition,2023-04-01,2023-06-30,-0.330578009007562,0.19242900693135115,0.32583422436376913,0.0361038528234519,304.5782509451095,255.5821614629653,0.14658492212765364
Koulpelogo,Centre-est,0.15035667022296972,11.463301970345205,2023-T2,transition,2023-04-01,2023-06-30,-0.3386525968631143,0.2157721416300228,0.12792200571340775,0.03248100386978922,304.5389182356357,259.11491212115067,0.14898139937015176
Kouritenga,Centre-est,-0.329596707027452,12.276621177276377,2023-T2,transition,2023-04-01,2023-06-30,-0.30794309068435227,0.1461398246852199,0.22189053661987698,0.02809149628164533,305.13826147662814,306.9204786849931,0.10766803527996856
Bam,Centre-nord,-1.6136483749809556,13.351495353793153,2023-T2,transition,2023-04-01,2023-06-30,-0.33981642609429985,0.14364961608360424,0.20054413010057717,0.014149344919218206,305.85157484041565,334.0163129623158,0.05899840096901969
Namentenga,Centre-nord,-0.49062813376172576,13.108749399980104,2023-T2,transition,2023-04-01,2023-06-30,-0.3354167019238304,0.14471739989462265,0.20130254837741995,0.013007306200372963,306.0888563603191,300.8292948855314,0.06461827463654977
Sanmatenga,Centre-nord,-1.0261364414418561,13.177157572778016,2023-T2,transition,2023-04-01,2023-06-30,-0.344070118449528,0.1576740589665069,0.2270077754935053,0.014395885827941057,305.83511455889,313.9949279047657,0.06864919296727466
Boulkiemde,Centre-ouest,-2.116690600453765,12.33281653730948,2023-T2,transition,2023-04-01,2023-06-30,-0.3337140242354826,0.17700504361163352,0.2929743417532956,0.030498887039072577,304.8525393185425,312.39910123302417,0.09305874447798362
Sanguie,Centre-ouest,-2.635215140603591,12.172899114173353,2023-T2,transition,2023-04-01,2023-06-30,-0.3446937006165152,0.19677919500246951,0.34264009752931973,0.030010449519809978,304.74302532181696,281.72584704545613,0.06721703008581097
Sissili,Centre-ouest,,,2023-T2,transition,2023-04-01,2023-06-30,-0.37891972729676293,0.2802238579278124,0.5554044802390171,0.05627472891110872,303.58268682249013,308.5288517216317,0.09371563666097024
Ziro,Centre-ouest,-1.789604030127707,11.649300172172008,2023-T2,transition,2023-04-01,2023-06-30,-0.3746839203483099,0.2545576311546101,0.4688498677753924,0.046269773445215615,303.87716385124156,327.23765090353845,0.08212741930840489
Bazega,Centre-sud,-1.3940711729379671,11.929600821086295,2023-T2,transition,2023-04-01,2023-06-30,-0.3620352226079971,0.2220239752130215,0.37396457299668506,0.03692606958194204,304.63802511297627,308.0504250184022,0.09328611807102016
Banwa,Boucle Du Mouhoun,,,2023-T3,pluies,2023-07-01,2023-09-30,-0.5359609386725479,0.5278735863609049,1.1622903182384259,0.19030265621330839,299.9971749739528,346.70697866565405,0.21171167055804668
Kossi,Boucle Du Mouhoun,-3.822956261825886,12.812686525228674,2023-T3,pluies,2023-07-01,2023-09-30,-0.5219290348740218,0.4931131292670335,1.0299128342443373,0.14477923793565267,300.9275086655943,293.3944418740256,0.21471338314847327
Bale,Boucle Du Mouhoun,-3.1562002940694236,11.724962044865523,2023-T3,pluies,2023-07-01,2023-09-30,-0.40866886058336427,0.358237619305244,0.895410674155928,0.16056769015104896,300.08113643848844,289.66245385220446,0.21200652018323154
Mouhoun,Boucle Du Mouhoun,-3.465560822558568,12.148429141055294,2023-T3,pluies,2023-07-01,2023-09-30,-0.4614265693826436,0.4241179639863242,0.9615818253093945,0.16238989502184725,300.33987819594785,298.28399172912424,0.2010893629518013
Nayala,Boucle Du Mouhoun,-3.0944590634145883,12.657096114822512,2023-T3,pluies,2023-07-01,2023-09-30,-0.4816165810157587,0.46272179500296345,1.0023969183010464,0.14491566055199995,300.9162765765469,281.7824974179386,0.1829778165866444
Sourou,Boucle Du Mouhoun,-3.0425338311313457,13.20277689536505,2023-T3,pluies,2023-07-01,2023-09-30,-0.5215231253306698,0.5275037542533907,1.242589526127653,0.12032181097152879,301.5255065074845,285.56400385503065,0.1817374043678311
Comoe,Cascades,-4.514135440850249,10.486252031591674,2023-T3,pluies,2023-07-01,2023-09-30,-0.5809396723245609,0.6398214714942213,1.778508205341224,0.197725009115563,299.21841814882407,312.9290116505069,0.2404053652256716
Leraba,Cascades,-5.16214118260538,10.59270126662498,2023-T3,pluies,2023-07-01,2023-09-30,-0.5366450679689234,0.5371655762197178,1.6835973529204342,0.21351591256231583,298.8529973120163,395.739589276246,0.25815209794486604
Kadiogo,Centre,-1.4189075947220224,12.312731953406667,2023-T3,pluies,2023-07-01,2023-09-30,-0.44809981410488053,0.4081736324995432,0.8813539686258381,0.16012758996297463,300.78991780713454,307.73791575922803,0.1858897815573449
Boulgou,Centre-est,-0.45761713244389585,11.503793323148528,2023-T3,pluies,2023-07-01,2023-09-30,-0.4719915277090373,0.49047172515585147,1.4271228039657025,0.16657429717961086,300.2529630573053,255.58216146296527,0.2612232278819174
Koulpelogo,Centre-est,0.15035667022296972,11.463301970345205,2023-T3,pluies,2023-07-01,2023-09-30,-0.5331001425432186,0.5682324950553213,1.4976469678723983,0.17422312153923927,300.09845025706665,259.1149121211507,0.24518632762418563
Kouritenga,Centre-est,-0.329596707027452,12.276621177276377,2023-T3,pluies,2023-07-01,2023-09-30,-0.48798212644193006,0.4624278259744524,0.9634470807532535,0.16041337242808765,300.7342938627646,306.9204786849931,0.2170183415345036
Bam,Centre-nord,-1.6136483749809556,13.351495353793153,2023-T3,pluies,2023-07-01,2023-09-30,-0.49390381701322283,0.4535425434374261,0.8962809119858153,0.08654541568429934,301.97678644521716,334.0163129623158,0.15776311078366337
Namentenga,Centre-nord,-0.49062813376172576,13.108749399980104,2023-T3,pluies,2023-07-01,2023-09-30,-0.4769428229079711,0.4338204159054526,0.8997673707324927,0.08824407985730448,301.9602679391929,300.8292948855314,0.1678906674315673
Sanmatenga,Centre-nord,-1.0261364414418561,13.177157572778016,2023-T3,pluies,2023-07-01,2023-09-30,-0.500028612099137,0.4751913913914504,1.0084106228617462,0.0937413921107701,301.84819318013854,313.9949279047657,0.17229170365506444
Boulkiemde,Centre-ouest,-2.116690600453765,12.33281653730948,2023-T3,pluies,2023-07-01,2023-09-30,-0.426051096483241,0.37278848473343035,0.7620943395003962,0.16110963153443328,300.597328339427,312.39910123302417,0.20979607735990918
Sanguie,Centre-ouest,-2.635215140603591,12.172899114173353,2023-T3,pluies,2023-07-01,2023-09-30,-0.43349391628188194,0.38828668372530883,0.8537949367698675,0.1567499556722649,300.50831413329587,281.72584704545613,0.16248162489436435
Sissili,Centre-ouest,,,2023-T3,pluies,2023-07-01,2023-09-30,-0.4606908875003986,0.4378178180184909,1.0815497719696716,0.1891974015251201,299.60768330960286,308.5288517216317,0.1758463575373125
Ziro,Centre-ouest,-1.789604030127707,11.649300172172008,2023-T3,pluies,2023-07-01,2023-09-30,-0.46577425320719856,0.4414350106474002,1.0880232792611229,0.19834077399607902,299.70668617958137,327.23765090353845,0.17210794379094693
Bazega,Centre-sud,-1.3940711729379671,11.929600821086295,2023-T3,pluies,2023-07-01,2023-09-30,-0.49138235111082335,0.49401853852727995,1.2392027745893026,0.180662391110487,300.2514121239512,308.0504250184022,0.18744876025820728
Banwa,Boucle Du Mouhoun,,,2023-T4,transition,2023-10-01,2023-12-31,-0.47247879505443185,0.341088681444951,0.6076408480929213,0.008865723857929829,300.666655840413,346.70697866565405,0.10953510375259332
Kossi,Boucle Du Mouhoun,-3.822956261825886,12.812686525228674,2023-T4,transition,2023-10-01,2023-12-31,-0.45571014136782834,0.32445809688462285,0.558439407633828,0.007033497951146076,301.2956215140456,293.3944418740256,0.11412104022324597
Bale,Boucle Du Mouhoun,-3.1562002940694236,11.724962044865523,2023-T4,transition,2023-10-01,2023-12-31,-0.47259027071597776,0.33172669511559505,0.5691140338742493,0.009917598088249149,301.4509182139592,289.66245385220446,0.1382043955961651
Mouhoun,Boucle Du Mouhoun,-3.465560822558568,12.148429141055294,2023-T4,transition,2023-10-01,2023-12-31,-0.472456928884501,0.3285868964240291,0.5581445920073195,0.007447508362366584,301.33356571649557,298.28399172912424,0.10070661492617904
Nayala,Boucle Du Mouhoun,-3.0944590634145883,12.657096114822512,2023-T4,transition,2023-10-01,2023-12-31,-0.43903102480653167,0.2826871719677565,0.4552531278748855,0.005661444962774124,301.5480874001828,281.7824974179386,0.08267226193928667
Sourou,Boucle Du Mouhoun,-3.0425338311313457,13.20277689536505,2023-T4,transition,2023-10-01,2023-12-31,-0.4449241954707388,0.2954678385413686,0.4821697084779417,0.003022279715239876,301.8262889565569,285.56400385503065,0.08829375067496695
Comoe,Cascades,-4.514135440850249,10.486252031591674,2023-T4,transition,2023-10-01,2023-12-31,-0.519849574198633,0.4831317403060133,1.1490574731819996,0.01803751194660279,300.5612825039906,312.9290116505069,0.1842651012303581
Leraba,Cascades,-5.16214118260538,10.59270126662498,2023-T4,transition,2023-10-01,2023-12-31,-0.5154079154332235,0.4304598294708178,0.8673867538960036,0.016871377356247563,300.18718898557273,395.739589276246,0.17493562343064475
Kadiogo,Centre,-1.4189075947220224,12.312731953406667,2023-T4,transition,2023-10-01,2023-12-31,-0.4104546838294047,0.24845191337818937,0.41250305249336866,0.009891868222706105,301.358223352903,307.73791575922803,0.10292061655757359
Boulgou,Centre-est,-0.45761713244389585,11.503793323148528,2023-T4,transition,2023-10-01,2023-12-31,-0.4413064562335565,0.3060500309892248,0.5325821355662227,0.014227812040380218,301.7464723504334,255.58216146296527,0.18365718064855485
Koulpelogo,Centre-est,0.15035667022296972,11.463301970345205,2023-T4,transition,2023-10-01,2023-12-31,-0.4742017052025897,0.3461166214872535,0.5922402071663193,0.011587257538661654,301.88288740439964,259.1149121211507,0.1665494031403205
Kouritenga,Centre-est,-0.329596707027452,12.276621177276377,2023-T4,transition,2023-10-01,2023-12-31,-0.3942071260976656,0.22874666649859035,0.35240601256210047,0.013066141841585813,301.6248408158764,306.9204786849931,0.11884327698412359
Bam,Centre-nord,-1.6136483749809556,13.351495353793153,2023-T4,transition,2023-10-01,2023-12-31,-0.4219521464339515,0.24461078216501553,0.3970206202120174,0.0018306603798103132,301.6702504683588,334.0163129623158,0.07882732164329449
Namentenga,Centre-nord,-0.49062813376172576,13.108749399980104,2023-T4,transition,2023-10-01,2023-12-31,-0.3968402862691226,0.2272947136048083,0.35410452362116207,0.003733256370144342,301.91984959295087,300.8292948855314,0.07854900050551876
Sanmatenga,Centre-nord,-1.0261364414418561,13.177157572778016,2023-T4,transition,2023-10-01,2023-12-31,-0.4152002232759494,0.24697564754845855,0.3920248957089881,0.003020555257432942,301.6655952530144,313.9949279047657,0.0835661712660125
Boulkiemde,Centre-ouest,-2.116690600453765,12.33281653730948,2023-T4,transition,2023-10-01,2023-12-31,-0.43237953007171204,0.2735313002089413,0.4413065221655486,0.008840539130122383,301.34220483038627,312.39910123302417,0.11054607547864655
Sanguie,Centre-ouest,-2.635215140603591,12.172899114173353,2023-T4,transition,2023-10-01,2023-12-31,-0.45137429576542415,0.3004500723587551,0.49405326576886405,0.007947637005259254,301.25922897407594,281.72584704545613,0.08304837053820487
Sissili,Centre-ouest,,,2023-T4,transition,2023-10-01,2023-12-31,-0.48359665823196385,0.357903635418957,0.6528784203177903,0.01447310992309579,300.91040995909594,308.5288517216317,0.09447952059768677
Ziro,Centre-ouest,-1.789604030127707,11.649300172172008,2023-T4,transition,2023-10-01,2023-12-31,-0.48986944372142055,0.36657680475421484,0.6740711851341249,0.016027010770915572,300.7189476632165,327.23765090353845,0.08627210476626088
Bazega,Centre-sud,-1.3940711729379671,11.929600821086295,2023-T4,transition,2023-10-01,2023-12-31,-0.45980084436455,0.31679408421744987,0.5411386894060854,0.013759179120269643,301.1217048268482,308.0504250184022,0.10217641435157197
Banwa,Boucle Du Mouhoun,,,2024-T1,seche,2024-01-01,2024-03-31,-0.4152581973073027,0.2262958005765962,0.32886146536001626,0.00028711616927330806,302.2405987610442,346.70697866565405,0.06154932537467811
Kossi,Boucle Du Mouhoun,-3.822956261825886,12.812686525228674,2024-T1,seche,2024-01-01,2024-03-31,-0.3908689897307049,0.21449987182785582,0.32637903473301105,9.540344368786596e-05,302.0290787223548,293.3944418740256,0.07204365645260347
Bale,Boucle Du Mouhoun,-3.1562002940694236,11.724962044865523,2024-T1,seche,2024-01-01,2024-03-31,-0.38555735787660717,0.20965662672932442,0.3231484043628789,0.00027503635802398333,302.98460799948583,289.66245385220446,0.08691910219296507
Mouhoun,Boucle Du Mouhoun,-3.465560822558568,12.148429141055294,2024-T1,seche,2024-01-01,2024-03-31,-0.3893030653296566,0.21349363272464833,0.3274897787312743,0.00011009934271525768,302.6304262588849,298.28399172912424,0.0596189926937725
Nayala,Boucle Du Mouhoun,-3.0944590634145883,12.657096114822512,2024-T1,seche,2024-01-01,2024-03-31,-0.38030857850490024,0.20521837296441778,0.31388319581876944,9.171545737261181e-05,302.0501428607337,281.7824974179386,0.04249570887556503
Sourou,Boucle Du Mouhoun,-3.0425338311313457,13.20277689536505,2024-T1,seche,2024-01-01,2024-03-31,-0.38852879575129995,0.21765344592422545,0.3479474465914833,4.472303698730822e-05,301.88978000561497,285.56400385503065,0.051359656719384146
Comoe,Cascades,-4.514135440850249,10.486252031591674,2024-T1,seche,2024-01-01,2024-03-31,-0.45871059406884995,0.31389098621180006,0.5149217478008508,0.0035339861423640396,302.7857352653513,312.9290116505069,0.10577818451467204
Leraba,Cascades,-5.16214118260538,10.59270126662498,2024-T1,seche,2024-01-01,2024-03-31,-0.48094414912368744,0.3261345860753666,0.5024732467683233,0.0025501651197034716,302.4377143230723,395.739589276246,0.10065986873762675
Kadiogo,Centre,-1.4189075947220224,12.312731953406667,2024-T1,seche,2024-01-01,2024-03-31,-0.37140077332929594,0.18845773464006618,0.277566351400582,0.0003008640633924406,302.25454348375075,307.73791575922803,0.06313545084297102
Boulgou,Centre-est,-0.45761713244389585,11.503793323148528,2024-T1,seche,2024-01-01,2024-03-31,-0.37703986095979863,0.20032742801536743,0.30503866772907257,0.0010166172751779501,303.4603019991323,255.5821614629653,0.11565725096431208
Koulpelogo,Centre-est,0.15035667022296972,11.463301970345205,2024-T1,seche,2024-01-01,2024-03-31,-0.40714473833640175,0.22069528066593425,0.33006183557531804,0.0017726649420836775,303.5561376814149,259.11491212115067,0.10986531418978536
Kouritenga,Centre-est,-0.329596707027452,12.276621177276377,2024-T1,seche,2024-01-01,2024-03-31,-0.36622430249651605,0.18797905308472618,0.28276685075760893,0.0010235514336868836,302.6752667015028,306.9204786849931,0.07608923127066906
Bam,Centre-nord,-1.6136483749809556,13.351495353793153,2024-T1,seche,2024-01-01,2024-03-31,-0.3794338910773167,0.18116872560952607,0.2551574821558563,9.495073231883333e-05,301.067748264021,334.0163129623158,0.040862091145909996
Namentenga,Centre-nord,-0.49062813376172576,13.108749399980104,2024-T1,seche,2024-01-01,2024-03-31,-0.36336196645924224,0.17321729181299478,0.24908800719895832,0.00010387879955859648,301.56897838303007,300.8292948855314,0.046118425454556564
Sanmatenga,Centre-nord,-1.0261364414418561,13.177157572778016,2024-T1,seche,2024-01-01,2024-03-31,-0.3773080321074605,0.1840070656406567,0.26383876780942983,0.00010956114259281763,301.2994119283582,313.9949279047657,0.04918111064510037
Boulkiemde,Centre-ouest,-2.116690600453765,12.33281653730948,2024-T1,seche,2024-01-01,2024-03-31,-0.37484931185369696,0.19701713456591244,0.29943991877577486,0.0002134199259019494,302.44706977294464,312.39910123302417,0.06526902034062525
Sanguie,Centre-ouest,-2.635215140603591,12.172899114173353,2024-T1,seche,2024-01-01,2024-03-31,-0.3755949987886346,0.19902662470492744,0.30553694390002406,0.00027415346733303454,302.17414227030054,281.72584704545613,0.04140549806653267
Sissili,Centre-ouest,,,2024-T1,seche,2024-01-01,2024-03-31,-0.3878000008888831,0.22097171947211228,0.35096842725753996,0.0007239403732244806,303.07926998916554,308.5288517216317,0.05121567495167159
Ziro,Centre-ouest,-1.789604030127707,11.649300172172008,2024-T1,seche,2024-01-01,2024-03-31,-0.39578855218332654,0.22376535384119112,0.3535153768135152,0.0006761112300323155,302.57845904484947,327.23765090353845,0.04932850899302541
Bazega,Centre-sud,-1.3940711729379671,11.929600821086295,2024-T1,seche,2024-01-01,2024-03-31,-0.39090876674597685,0.2144912109262646,0.3287788532864572,0.0004273927872987759,302.34185488224455,308.0504250184022,0.06276532049078344
Banwa,Boucle Du Mouhoun,,,2024-T2,transition,2024-04-01,2024-06-30,-0.36737420116251424,0.21788255150281677,0.35324998980767974,0.02745144128967744,305.7143969149549,346.70697866565405,0.10004964152448576
Kossi,Boucle Du Mouhoun,-3.822956261825886,12.812686525228674,2024-T2,transition,2024-04-01,2024-06-30,-0.3416961901643174,0.18376966160279934,0.2911365956359203,0.018637936395875226,306.93974827736423,293.3944418740256,0.0926918290161606
Bale,Boucle Du Mouhoun,-3.1562002940694236,11.724962044865523,2024-T2,transition,2024-04-01,2024-06-30,-0.3495701952554113,0.20609701177718828,0.34535520259251984,0.03097424530510812,305.913559531218,289.66245385220446,0.12510622559504342
Mouhoun,Boucle Du Mouhoun,-3.465560822558568,12.148429141055294,2024-T2,transition,2024-04-01,2024-06-30,-0.3426218024445856,0.1960089174618966,0.3295834178269144,0.026321393964142976,306.356694020231,298.28399172912424,0.09900782140534978
Nayala,Boucle Du Mouhoun,-3.0944590634145883,12.657096114822512,2024-T2,transition,2024-04-01,2024-06-30,-0.32703489715580214,0.18470326725749603,0.30693787204010486,0.021820560094078966,306.91973669133404,281.7824974179386,0.07583774259770609
Sourou,Boucle Du Mouhoun,-3.0425338311313457,13.20277689536505,2024-T2,transition,2024-04-01,2024-06-30,-0.32872029852387785,0.18512026469773357,0.3050830834648118,0.015836283682407786,307.355214300123,285.56400385503065,0.07435023847581998
Comoe,Cascades,-4.514135440850249,10.486252031591674,2024-T2,transition,2024-04-01,2024-06-30,-0.42975175005391936,0.36690579268654616,0.6892585342960995,0.048778884263290447,303.85927824812103,312.9290116505069,0.1352130345373437
Leraba,Cascades,-5.16214118260538,10.59270126662498,2024-T2,transition,2024-04-01,2024-06-30,-0.4532513932727175,0.3629855005108386,0.6708902374079322,0.04673657878482014,303.5081842932808,395.739589276246,0.1373637755417295
Kadiogo,Centre,-1.4189075947220224,12.312731953406667,2024-T2,transition,2024-04-01,2024-06-30,-0.3250638214558359,0.18438177064844918,0.3027370896657172,0.02018382103816632,306.19162013067546,307.73791575922803,0.09939989601354775
Boulgou,Centre-est,-0.45761713244389585,11.503793323148528,2024-T2,transition,2024-04-01,2024-06-30,-0.3333018031527347,0.1869710332663164,0.3023029653622173,0.02304512285509928,305.6367145299532,255.58216146296527,0.15354569345678512
Koulpelogo,Centre-est,0.15035667022296972,11.463301970345205,2024-T2,transition,2024-04-01,2024-06-30,-0.3317557429633822,0.18161106415517764,0.2479492912604439,0.021005461462164966,305.6074264258493,259.1149121211507,0.1488458048292794
Kouritenga,Centre-est,-0.329596707027452,12.276621177276377,2024-T2,transition,2024-04-01,2024-06-30,-0.3144410808195749,0.15142484837042725,0.22379763278653336,0.021551796760858898,305.99806127581246,306.9204786849931,0.11701434943327352
Bam,Centre-nord,-1.6136483749809556,13.351495353793153,2024-T2,transition,2024-04-01,2024-06-30,-0.3339417521357858,0.1555986561733644,0.2231633153660003,0.012476603251507424,307.18303064732766,334.0163129623158,0.062028701942338234
Namentenga,Centre-nord,-0.49062813376172576,13.108749399980104,2024-T2,transition,2024-04-01,2024-06-30,-0.3319841255158973,0.16622840566251884,0.24350692634143498,0.013271813310091423,307.19843876290014,300.8292948855314,0.0755791373127179
Sanmatenga,Centre-nord,-1.0261364414418561,13.177157572778016,2024-T2,transition,2024-04-01,2024-06-30,-0.33290468661204353,0.16298862832488786,0.2376808912412021,0.01280319420359973,307.1488650313367,313.9949279047657,0.07433676868922698
Boulkiemde,Centre-ouest,-2.116690600453765,12.33281653730948,2024-T2,transition,2024-04-01,2024-06-30,-0.3229593308933048,0.174299802787033,0.2894673879794141,0.021795078274744657,306.12961256726567,312.39910123302417,0.10039311308508614
Sanguie,Centre-ouest,-2.635215140603591,12.172899114173353,2024-T2,transition,2024-04-01,2024-06-30,-0.3379517348012564,0.19317169955392283,0.3164802179213978,0.022919708218067273,306.1742590135034,281.72584704545613,0.07299966891084639
Sissili,Centre-ouest,,,2024-T2,transition,2024-04-01,2024-06-30,-0.36995441617474123,0.23745298177871513,0.4105278043934618,0.036807861941703914,305.05518723695866,308.5288517216317,0.09388051949307459
Ziro,Centre-ouest,-1.789604030127707,11.649300172172008,2024-T2,transition,2024-04-01,2024-06-30,-0.37051496640413933,0.23373599976836754,0.3967662084852876,0.0318926495448389,305.16283599523973,327.23765090353845,0.08997568045714095
Bazega,Centre-sud,-1.3940711729379671,11.929600821086295,2024-T2,transition,2024-04-01,2024-06-30,-0.3574797280937322,0.2223628112863561,0.37217037303939027,0.02496716458653823,305.67735304308184,308.0504250184022,0.09956788548150801
Banwa,Boucle Du Mouhoun,,,2024-T3,pluies,2024-07-01,2024-09-30,-0.40781786379407337,0.40572293308585455,1.2303632155987825,0.232618242007309,299.1439628934403,346.70697866565405,0.23594796832831963
Kossi,Boucle Du Mouhoun,-3.822956261825886,12.812686525228674,2024-T3,pluies,2024-07-01,2024-09-30,-0.4232461505360809,0.4052162179700612,0.9704199519626721,0.2302366178661785,299.8276756447079,293.3944418740256,0.21593027752039945
Bale,Boucle Du Mouhoun,-3.1562002940694236,11.724962044865523,2024-T3,pluies,2024-07-01,2024-09-30,-0.34811777831340807,0.30317788903527054,0.6048099493024763,0.23318368459394248,299.3030869658354,289.66245385220446,0.23691555393419125
Mouhoun,Boucle Du Mouhoun,-3.465560822558568,12.148429141055294,2024-T3,pluies,2024-07-01,2024-09-30,-0.37185211747526536,0.3229007732672647,0.787626205101199,0.23716548684674088,299.45258676890063,298.28399172912424,0.23657882602345987
Nayala,Boucle Du Mouhoun,-3.0944590634145883,12.657096114822512,2024-T3,pluies,2024-07-01,2024-09-30,-0.3964885111858172,0.3381087440560547,0.7079216318949185,0.2275259153784301,299.79625027960344,281.7824974179386,0.20762871563919444
Sourou,Boucle Du Mouhoun,-3.0425338311313457,13.20277689536505,2024-T3,pluies,2024-07-01,2024-09-30,-0.4325005134527929,0.3940204758093748,0.8308730910691455,0.20447740107556023,300.11688675821875,285.56400385503065,0.18516481875735744
Comoe,Cascades,-4.514135440850249,10.486252031591674,2024-T3,pluies,2024-07-01,2024-09-30,-0.34568933919028155,0.3113860417239972,0.9504546663178391,0.22852561589527623,298.63835824953975,312.9290116505069,0.23795929040161404
Leraba,Cascades,-5.16214118260538,10.59270126662498,2024-T3,pluies,2024-07-01,2024-09-30,,,,0.24491457190280153,298.13795572909174,395.739589276246,0.28168019344382617
Kadiogo,Centre,-1.4189075947220224,12.312731953406667,2024-T3,pluies,2024-07-01,2024-09-30,-0.3802240562805389,0.31209370019400723,0.6138343615691982,0.1797298356935862,299.69561181684617,307.73791575922803,0.19354712499723647
Boulgou,Centre-est,-0.45761713244389585,11.503793323148528,2024-T3,pluies,2024-07-01,2024-09-30,-0.5013694694710227,0.5266775030363237,1.3888182532509425,0.16750443107918347,299.524263490228,255.58216146296527,0.27655953314413506
Koulpelogo,Centre-est,0.15035667022296972,11.463301970345205,2024-T3,pluies,2024-07-01,2024-09-30,-0.47039492791159143,0.4884392350199748,1.3683257962306812,0.1617990499522594,299.4746518636844,259.1149121211507,0.2524209643838402
Kouritenga,Centre-est,-0.329596707027452,12.276621177276377,2024-T3,pluies,2024-07-01,2024-09-30,-0.4151737800895183,0.3680159645460809,0.8788303529661395,0.15301259519162094,299.76926784533975,306.9204786849931,0.22620876338164936
Bam,Centre-nord,-1.6136483749809556,13.351495353793153,2024-T3,pluies,2024-07-01,2024-09-30,-0.4389239837225867,0.3697248361091993,0.6788580479632583,0.15996028178162677,300.39915281554346,334.0163129623158,0.16253275421413277
Namentenga,Centre-nord,-0.49062813376172576,13.108749399980104,2024-T3,pluies,2024-07-01,2024-09-30,-0.4162520162328584,0.3254759000950364,0.6029584461007022,0.12234427246052647,300.62750725686385,300.8292948855314,0.17687049944966848
Sanmatenga,Centre-nord,-1.0261364414418561,13.177157572778016,2024-T3,pluies,2024-07-01,2024-09-30,-0.41168880204249847,0.3357663179785002,0.4830707862985377,0.13966249737707195,300.4336314990098,313.9949279047657,0.17823640110794683
Boulkiemde,Centre-ouest,-2.116690600453765,12.33281653730948,2024-T3,pluies,2024-07-01,2024-09-30,-0.3424318695456404,0.2611697006299733,0.5028438406873201,0.23189929113598629,299.5289174910333,312.39910123302417,0.21929527854951436
Sanguie,Centre-ouest,-2.635215140603591,12.172899114173353,2024-T3,pluies,2024-07-01,2024-09-30,-0.37596923251472775,0.3201701292093261,0.6850637338955637,0.22074232767966817,299.5369256933611,281.72584704545613,0.1759612810992228
Sissili,Centre-ouest,,,2024-T3,pluies,2024-07-01,2024-09-30,-0.41564580798571393,0.3945603446867493,0.9957209206478763,0.22405696760654392,298.9506815381895,308.5288517216317,0.17830394123443544
Ziro,Centre-ouest,-1.789604030127707,11.649300172172008,2024-T3,pluies,2024-07-01,2024-09-30,-0.4470893713443046,0.4112893098841237,0.8641723242549261,0.21368000091679432,298.89391028684696,327.23765090353845,0.17586683314738533
Bazega,Centre-sud,-1.3940711729379671,11.929600821086295,2024-T3,pluies,2024-07-01,2024-09-30,-0.47072902058050864,0.4480935658370667,0.9266258371970522,0.1867420244104105,299.31632732105396,308.0504250184022,0.19624872394336657
Banwa,Boucle Du Mouhoun,,,2024-T4,transition,2024-10-01,2024-12-31,-0.5010922161191248,0.397634846608354,0.7794265738130428,0.030336926564636543,299.0104843647506,346.70697866565405,0.15163226860203913
Kossi,Boucle Du Mouhoun,-3.822956261825886,12.812686525228674,2024-T4,transition,2024-10-01,2024-12-31,-0.5086803772719516,0.3936241485512222,0.7042310543461444,0.023239332395854167,299.23575244335524,293.3944418740256,0.15720757147055653
Bale,Boucle Du Mouhoun,-3.1562002940694236,11.724962044865523,2024-T4,transition,2024-10-01,2024-12-31,-0.4780838739091133,0.3522795703472206,0.6400639279474553,0.035710130757657416,299.5675236193682,289.66245385220446,0.16399832474046228
Mouhoun,Boucle Du Mouhoun,-3.465560822558568,12.148429141055294,2024-T4,transition,2024-10-01,2024-12-31,-0.4845607846562075,0.36026373334000383,0.659477222018751,0.03241296018065525,299.29524405232974,298.28399172912424,0.13635554384533566
Nayala,Boucle Du Mouhoun,-3.0944590634145883,12.657096114822512,2024-T4,transition,2024-10-01,2024-12-31,-0.4587829432114818,0.31378477920597975,0.5319469368476795,0.033421127422395724,299.4332974994099,281.7824974179386,0.1034619030851742
Sourou,Boucle Du Mouhoun,-3.0425338311313457,13.20277689536505,2024-T4,transition,2024-10-01,2024-12-31,-0.4589789198271274,0.3239836502462769,0.5689551986942002,0.01825721135089497,299.43458048386833,285.56400385503065,0.10778437225859652
Comoe,Cascades,-4.514135440850249,10.486252031591674,2024-T4,transition,2024-10-01,2024-12-31,-0.5455896472255926,0.5163424407007732,1.1934817753913936,0.0362496487632678,299.5740801787564,312.9290116505069,0.1961462166617646
Leraba,Cascades,-5.16214118260538,10.59270126662498,2024-T4,transition,2024-10-01,2024-12-31,-0.5301597664674988,0.4575034084505034,0.9187647411724894,0.039247546412599865,299.2826689520191,395.739589276246,0.22937541331060549
Kadiogo,Centre,-1.4189075947220224,12.312731953406667,2024-T4,transition,2024-10-01,2024-12-31,-0.4162982295860106,0.26037039727315286,0.42568409781009336,0.015424484518162942,299.9808408223271,307.73791575922803,0.11678449441311017
Boulgou,Centre-est,-0.45761713244389585,11.503793323148528,2024-T4,transition,2024-10-01,2024-12-31,-0.4329701036937445,0.289599475493712,0.5125975398868083,0.013940970106328773,300.56748082226216,255.58216146296527,0.1885778703389643
Koulpelogo,Centre-est,0.15035667022296972,11.463301970345205,2024-T4,transition,2024-10-01,2024-12-31,-0.47185931842391,0.3349131332170756,0.5911679678402054,0.013244957742607632,300.51210980220065,259.1149121211507,0.17262898681993188
Kouritenga,Centre-est,-0.329596707027452,12.276621177276377,2024-T4,transition,2024-10-01,2024-12-31,-0.39850303162586176,0.24052062154616274,0.3912398933913925,0.008946675094075802,300.36090750955236,306.9204786849931,0.12512313497791436
Bam,Centre-nord,-1.6136483749809556,13.351495353793153,2024-T4,transition,2024-10-01,2024-12-31,-0.4475400631875386,0.2806332455672669,0.44533874179547234,0.007500527068491644,299.5901298701379,334.0163129623158,0.09058843071596816
Namentenga,Centre-nord,-0.49062813376172576,13.108749399980104,2024-T4,transition,2024-10-01,2024-12-31,-0.40615356419935456,0.2520773455485964,0.42510759159529965,0.006573869072506408,300.1334882134574,300.8292948855314,0.0912994960361832
Sanmatenga,Centre-nord,-1.0261364414418561,13.177157572778016,2024-T4,transition,2024-10-01,2024-12-31,-0.4292690317665892,0.27199258205958904,0.4487819923912574,0.006599868338323524,299.7295312195875,313.9949279047657,0.09522004183803003
Boulkiemde,Centre-ouest,-2.116690600453765,12.33281653730948,2024-T4,transition,2024-10-01,2024-12-31,-0.44497285956686444,0.2959636596942239,0.4826985028343377,0.02423553479819272,299.9129211102089,312.39910123302417,0.13257070971412724
Sanguie,Centre-ouest,-2.635215140603591,12.172899114173353,2024-T4,transition,2024-10-01,2024-12-31,-0.46381972032286933,0.31865374032128113,0.5403518486540826,0.0404066476352744,299.5944664493113,281.72584704545613,0.10431557430556562
Sissili,Centre-ouest,,,2024-T4,transition,2024-10-01,2024-12-31,-0.48552970071182655,0.3579195977934261,0.6443762575457908,0.031965360611948504,299.69754104097655,308.5288517216317,0.10437511845485326
Ziro,Centre-ouest,-1.789604030127707,11.649300172172008,2024-T4,transition,2024-10-01,2024-12-31,-0.48651973675044513,0.36114758237289984,0.654965268881398,0.02630730360692251,299.58705397249804,327.23765090353845,0.0912601568452239
Bazega,Centre-sud,-1.3940711729379671,11.929600821086295,2024-T4,transition,2024-10-01,2024-12-31,-0.47016150536202256,0.331354143482006,0.5733104978261073,0.01564903076659123,299.9086950286952,308.0504250184022,0.11004227595143322
