source_id,longitude,latitude,periode,saison,debut,fin,ndwi_moyen,ndvi_moyen
1,-1.8532157384520647,12.095082158888353,2020-S1,seche,2020-01-01,2020-06-30,-0.18781538354506752,0.08467670375225983
1,-1.8698671635979942,12.184925189509107,2020-S1,seche,2020-01-01,2020-06-30,0.057974553670080683,-0.0813403525603183
1,-1.924281170534282,12.414088406434953,2020-S1,seche,2020-01-01,2020-06-30,-0.0321914270958857,-0.011702653700346136
1,-1.9252393735943116,12.413329828574723,2020-S1,seche,2020-01-01,2020-06-30,-0.022203685567060635,-0.029975870432431835
1,-1.9264371271229912,12.413010428342506,2020-S1,seche,2020-01-01,2020-06-30,-0.026483050847457626,-0.03325573661456601
1,-1.9267964530243678,12.41283076390253,2020-S1,seche,2020-01-01,2020-06-30,-0.035726673603884845,-0.017924683440223646
1,-1.9574161711294407,12.43118206230244,2020-S1,seche,2020-01-01,2020-06-30,0.0091635204762578,-0.045044223086156285
1,-1.952753545408458,12.40907851784621,2020-S1,seche,2020-01-01,2020-06-30,0.13046233210998512,-0.14795198819196653
1,-1.0893869452076947,12.49781139062258,2020-S1,seche,2020-01-01,2020-06-30,0.2526002971768202,-0.3524994636344132
1,-1.0895666084806583,12.498350379815955,2020-S1,seche,2020-01-01,2020-06-30,0.2513938793210259,-0.3542802180185957
1,-1.0895666104047883,12.498709705913637,2020-S1,seche,2020-01-01,2020-06-30,0.25127060865253503,-0.3553207386060412
1,-1.0906445865882128,12.514160729344816,2020-S1,seche,2020-01-01,2020-06-30,0.25381276766813693,-0.35603502940330406
1,-1.0920818892211193,12.51487937995568,2020-S1,seche,2020-01-01,2020-06-30,0.25393700787401574,-0.3544815839897807
1,-1.0924412167853803,12.51469971721013,2020-S1,seche,2020-01-01,2020-06-30,0.2543956719537686,-0.35789919525624736
1,-1.092800543994178,12.498530041793588,2020-S1,seche,2020-01-01,2020-06-30,0.25239696177312915,-0.35343527891449494
1,-1.0932497004775314,12.498260547784568,2020-S1,seche,2020-01-01,2020-06-30,0.25455425976630314,-0.3544105891911692
1,-1.093249701278998,12.514520054447027,2020-S1,seche,2020-01-01,2020-06-30,0.2566525598511152,-0.361087334093092
1,-1.0936988594280612,12.499069033244146,2020-S1,seche,2020-01-01,2020-06-30,0.2526276740447632,-0.35045674368619023
1,-1.0939683527042396,12.498530041447275,2020-S1,seche,2020-01-01,2020-06-30,0.2508552745425876,-0.3522827554801834
1,-1.09423784837424,12.498979200053313,2020-S1,seche,2020-01-01,2020-06-30,0.25483789895014364,-0.3547344608424001
1,-1.096357692819935,12.517395427751643,2020-S1,seche,2020-01-01,2020-06-30,0.24408294660826246,-0.3462895175373543
1,-1.0945073421451468,12.497631726485157,2020-S1,seche,2020-01-01,2020-06-30,0.2543619142572283,-0.3551405831944674
1,-1.0946870048543371,12.498709707427455,2020-S1,seche,2020-01-01,2020-06-30,0.25023209461803686,-0.35109054079864
1,-1.094956499093331,12.498332412799954,2020-S1,seche,2020-01-01,2020-06-30,0.25360846088795885,-0.3532620149824827
1,-1.0958548143130395,12.498350379484027,2020-S1,seche,2020-01-01,2020-06-30,0.25202039040159147,-0.3521430109842774
1,-1.0958548146838514,12.500236841525476,2020-S1,seche,2020-01-01,2020-06-30,0.2533736042406244,-0.35338426187177635
1,-1.0960344803348354,12.499697852670268,2020-S1,seche,2020-01-01,2020-06-30,0.2535714576783037,-0.3543252319643594
1,-1.0962141404453765,12.49547577035815,2020-S1,seche,2020-01-01,2020-06-30,0.2470414201183432,-0.3475056083751736
1,-1.0963938053020117,12.498350379392555,2020-S1,seche,2020-01-01,2020-06-30,0.2567651826911086,-0.3548387096774194
1,-1.0965734660943165,12.500147010106229,2020-S1,seche,2020-01-01,2020-06-30,0.2539840637450199,-0.3579082726103729
1,-1.0991486381340976,12.502841955761046,2020-S1,seche,2020-01-01,2020-06-30,0.24016664203254492,-0.3447684005282586
1,-1.0998074007463547,12.503380946683674,2020-S1,seche,2020-01-01,2020-06-30,0.2348639251888263,-0.33926907547365154
1,-1.0998074010361238,12.513082750079075,2020-S1,seche,2020-01-01,2020-06-30,0.23915619815122066,-0.3411330049261084
1,-1.1002565595377012,12.503380946237963,2020-S1,seche,2020-01-01,2020-06-30,0.24380118015922747,-0.34139282266844384
1,-1.1005260545286635,12.503740271015237,2020-S1,seche,2020-01-01,2020-06-30,0.24569119220254368,-0.34455690972939473
1,-1.100885379857276,12.503740271370564,2020-S1,seche,2020-01-01,2020-06-30,0.24638368508418307,-0.3429132637237672
1,-1.1010650443927588,12.504369091771991,2020-S1,seche,2020-01-01,2020-06-30,0.23958379803305282,-0.3394501203493979
1,-1.1009752122212941,12.513711569397547,2020-S1,seche,2020-01-01,2020-06-30,0.24425818986329112,-0.34670768438355726
1,-1.1016040336854052,12.513981065127128,2020-S1,seche,2020-01-01,2020-06-30,0.24718574108818012,-0.3440948099713935
1,-1.1021430211700762,12.503380946591323,2020-S1,seche,2020-01-01,2020-06-30,0.2388587597264796,-0.3402820355610055
1,-1.1021430205319593,12.514430222424926,2020-S1,seche,2020-01-01,2020-06-30,0.2359483050530681,-0.3365488233909287
1,-1.1023226867960343,12.503740270623425,2020-S1,seche,2020-01-01,2020-06-30,0.2396694214876033,-0.3384014793507294
1,-1.102622123626895,12.518532529173344,2020-S1,seche,2020-01-01,2020-06-30,0.21207946795191912,-0.3171796086790203
1,-1.1028616734371246,12.514699717816582,2020-S1,seche,2020-01-01,2020-06-30,0.23057265652224415,-0.3345388788426763
1,-1.1028616739963106,12.515059044400559,2020-S1,seche,2020-01-01,2020-06-30,0.22924916381530888,-0.32561894510226047
1,-1.1028616737511001,12.518113316760193,2020-S1,seche,2020-01-01,2020-06-30,0.21019698725376593,-0.315066657734307
1,-1.1030413374828703,12.517394663028796,2020-S1,seche,2020-01-01,2020-06-30,0.2173751796393306,-0.32343904459109246
1,-1.1032209998327969,12.515418370276732,2020-S1,seche,2020-01-01,2020-06-30,0.23294008790191997,-0.33104700423643335
1,-1.1032209996190725,12.518113314934942,2020-S1,seche,2020-01-01,2020-06-30,0.21286013823095445,-0.32009659243359273
1,-1.1034006637076832,12.515059045271926,2020-S1,seche,2020-01-01,2020-06-30,0.22520852641334568,-0.32553448971359417
1,-1.1035803261023416,12.514699717815319,2020-S1,seche,2020-01-01,2020-06-30,0.23008078107746846,-0.33266169655450334
1,-1.1034904943463397,12.516047190153204,2020-S1,seche,2020-01-01,2020-06-30,0.22571676701747007,-0.32819735313241893
1,-1.1035803261074164,12.51703533887873,2020-S1,seche,2020-01-01,2020-06-30,0.22540864405793729,-0.3315484756199592
1,-1.1035803252496823,12.517574328048122,2020-S1,seche,2020-01-01,2020-06-30,0.21519457601931832,-0.32300707704633463
1,-1.1037599896132624,12.504548754451516,2020-S1,seche,2020-01-01,2020-06-30,0.23112791206678607,-0.3363590866182742
1,-1.1037599906766489,12.515328538765413,2020-S1,seche,2020-01-01,2020-06-30,0.23221340860221734,-0.32848820033165854
1,-1.103849820483322,12.514430223365762,2020-S1,seche,2020-01-01,2020-06-30,0.2266444854636958,-0.32977175970873707
1,-1.1039396519632354,12.51487938127791,2020-S1,seche,2020-01-01,2020-06-30,0.2302252286878315,-0.32830264614146293
1,-1.1039396525735576,12.515777695019235,2020-S1,seche,2020-01-01,2020-06-30,0.22586626492061654,-0.328102997384832
1,-1.1039396516470685,12.516137022164662,2020-S1,seche,2020-01-01,2020-06-30,0.22698622675278185,-0.33482875221801867
1,-1.1041193169657633,12.50427926010907,2020-S1,seche,2020-01-01,2020-06-30,0.23105882352941176,-0.3399313270046455
1,-1.104119315447323,12.514160728586157,2020-S1,seche,2020-01-01,2020-06-30,0.22882339289858436,-0.33192601527945315
1,-1.104209148020567,12.517574327743787,2020-S1,seche,2020-01-01,2020-06-30,0.2167470947427681,-0.3236156775908646
1,-1.1042989790872302,12.514609885387914,2020-S1,seche,2020-01-01,2020-06-30,0.22875805360766027,-0.3294731418279223
1,-1.1042989797031955,12.516496347957293,2020-S1,seche,2020-01-01,2020-06-30,0.21972257838908965,-0.328922305764411
1,-1.104298978605195,12.5179336531783,2020-S1,seche,2020-01-01,2020-06-30,0.21019698725376593,-0.3164861612515042
1,-1.1059236480753278,12.515424786179036,2020-S1,seche,2020-01-01,2020-06-30,0.2193827155192604,-0.32698874634665437
1,-1.0952804095373214,12.49662813936818,2020-S1,seche,2020-01-01,2020-06-30,0.2528648055197087,-0.3512604511765302
1,-1.1051972962768126,12.517574327592921,2020-S1,seche,2020-01-01,2020-06-30,0.21041013128848612,-0.3190835615523345
1,-1.1060105057121044,12.516997513633862,2020-S1,seche,2020-01-01,2020-06-30,0.21508078455457036,-0.3239223617303299
1,-1.1064549356905609,12.513801402377322,2020-S1,seche,2020-01-01,2020-06-30,0.2144606030728782,-0.32029650413285815
1,-1.106814262901016,12.513621737503053,2020-S1,seche,2020-01-01,2020-06-30,0.22259710780491188,-0.32302417050458865
1,-1.1068142616905745,12.51649634930329,2020-S1,seche,2020-01-01,2020-06-30,0.2131071881850698,-0.3200398803589232
1,-1.1068142627743742,12.51685567567926,2020-S1,seche,2020-01-01,2020-06-30,0.21430240710446366,-0.32530604053782863
1,-1.1078922412586596,12.517753988595498,2020-S1,seche,2020-01-01,2020-06-30,0.21109826589595376,-0.3169169169169169
1,-1.108071900765771,12.501045326063812,2020-S1,seche,2020-01-01,2020-06-30,0.20625291647223518,-0.3117539955492616
1,-1.1081617333864677,12.514699716605818,2020-S1,seche,2020-01-01,2020-06-30,0.21543643599153622,-0.31999569765653313
1,-1.1080719013292648,12.515328538456114,2020-S1,seche,2020-01-01,2020-06-30,0.21942324283164827,-0.3208168054816718
1,-1.1080719002591009,12.517394663209167,2020-S1,seche,2020-01-01,2020-06-30,0.21053847931592326,-0.3193863319386332
1,-1.108251566097525,12.51667600959774,2020-S1,seche,2020-01-01,2020-06-30,0.2113630239809077,-0.321049840933192
1,-1.1082515666164532,12.518203147722478,2020-S1,seche,2020-01-01,2020-06-30,0.20547819295497144,-0.31478045335200877
1,-1.1084312304566974,12.515418371069018,2020-S1,seche,2020-01-01,2020-06-30,0.21918966710232948,-0.3236998068855297
1,-1.1084312305428043,12.515777695213409,2020-S1,seche,2020-01-01,2020-06-30,0.21925874610322132,-0.325351691110446
1,-1.1084312296328238,12.516137022877356,2020-S1,seche,2020-01-01,2020-06-30,0.21559316841540938,-0.32147470933121336
1,-1.10861089122747,12.512723423178823,2020-S1,seche,2020-01-01,2020-06-30,0.21273370389085397,-0.3227960643300273
1,-1.1087905544633379,12.515687863624693,2020-S1,seche,2020-01-01,2020-06-30,0.21957826037319936,-0.32492004504835303
1,-1.108970218157029,12.514879381206558,2020-S1,seche,2020-01-01,2020-06-30,0.21530434782608696,-0.32455089820359284
1,-1.1179533710136813,12.52278455443077,2020-S1,seche,2020-01-01,2020-06-30,0.2041145398943564,-0.3041660590151184
1,-1.1197500003935472,12.52943208803823,2020-S1,seche,2020-01-01,2020-06-30,0.20226055919095776,-0.2976759410801964
1,-1.120468653000286,12.524581185112357,2020-S1,seche,2020-01-01,2020-06-30,0.2116519311307585,-0.3058655784453513
1,-1.1240619148420394,12.522245567456483,2020-S1,seche,2020-01-01,2020-06-30,0.19160583941605838,-0.2928970470869912
1,-1.1215609964199713,12.525057731270497,2020-S1,seche,2020-01-01,2020-06-30,0.2110330723138062,-0.3097339466580844
1,-1.1386357594366283,12.488289248779006,2020-S1,seche,2020-01-01,2020-06-30,0.026266614649598775,-0.06667006521221937
1,-1.1613298957352787,12.48086190010015,2020-S1,seche,2020-01-01,2020-06-30,-0.07535343892044566,-0.03457731575013885
1,-1.2103324895168066,12.615976884281514,2020-S1,seche,2020-01-01,2020-06-30,0.16482815899787856,-0.23226018343835636
1,-1.2118273183660517,12.615041534916074,2020-S1,seche,2020-01-01,2020-06-30,0.1404231595646225,-0.20613424450348222
1,-1.2196893270491231,12.158789535730673,2020-S1,seche,2020-01-01,2020-06-30,-0.020176662870748808,-0.05695356964210887
1,-1.2206308081089667,12.159505853088383,2020-S1,seche,2020-01-01,2020-06-30,-0.023602955699578942,-0.05286039092878372
1,-1.2341953679479958,12.09159321812497,2020-S1,seche,2020-01-01,2020-06-30,0.03018968741651082,-0.09476309226932668
1,-1.234609591679788,12.092476562029656,2020-S1,seche,2020-01-01,2020-06-30,0.024093942539727152,-0.08586291311825033
1,-1.2414455213321771,12.37754287809319,2020-S1,seche,2020-01-01,2020-06-30,-0.0770453096954191,0.0697639551875695
1,-1.2492870649586534,12.1983130753877,2020-S1,seche,2020-01-01,2020-06-30,-0.05411219592917425,-0.026886648334860985
1,-1.2796501214630207,12.604231807470335,2020-S1,seche,2020-01-01,2020-06-30,-0.2505121411089643,0.09808164968223028
1,-1.2807150002238452,12.041391387457784,2020-S1,seche,2020-01-01,2020-06-30,0.2058778020548711,-0.24164561100246498
1,-1.2873756333267863,12.465472043420156,2020-S1,seche,2020-01-01,2020-06-30,-0.3944768747193534,0.22698538127222442
1,-1.2888129395814194,12.221309948380593,2020-S1,seche,2020-01-01,2020-06-30,0.015669246743439683,-0.03765227021040975
1,-1.3016588471660469,12.549374686860226,2020-S1,seche,2020-01-01,2020-06-30,0.0007560118063354646,0.05457034750572538
1,-1.3028266571163172,12.214123423624384,2020-S1,seche,2020-01-01,2020-06-30,-0.49651519375522724,0.4875987252320909
1,-1.3038148037714163,12.499787683894233,2020-S1,seche,2020-01-01,2020-06-30,0.11145215469175945,-0.18606418963698154
1,-1.3084717424455339,12.216729762131727,2020-S1,seche,2020-01-01,2020-06-30,0.04211978891518813,-0.035958142384945206
1,-1.3060889598321304,12.703667429539616,2020-S1,seche,2020-01-01,2020-06-30,-0.2148770083009797,0.07831996828073166
1,-1.313833619642546,12.468643611568409,2020-S1,seche,2020-01-01,2020-06-30,-0.1643921651874838,0.05959804034513337
1,-1.3138759342606068,12.147737924169673,2020-S1,seche,2020-01-01,2020-06-30,-0.14720314233760512,0.054068232082233283
1,-1.3144149239768896,12.148097249765083,2020-S1,seche,2020-01-01,2020-06-30,-0.13856236064094088,0.05823505024593065
1,-1.3148640825319333,12.148187084446008,2020-S1,seche,2020-01-01,2020-06-30,-0.1808747220163084,0.07817258883248732
1,-1.3170200378211259,12.497601783571465,2020-S1,seche,2020-01-01,2020-06-30,-0.16268142033952038,0.06830039841319173
1,-1.317618913884142,12.497751502996891,2020-S1,seche,2020-01-01,2020-06-30,-0.22851496114811728,0.0955044356052664
1,-1.3182776817067314,12.68025922393991,2020-S1,seche,2020-01-01,2020-06-30,-0.020921014707512956,-0.06435695977843495
1,-1.3225895933451584,12.21753702304723,2020-S1,seche,2020-01-01,2020-06-30,-0.24857759466352758,0.21962437715599847
1,-1.324952006267278,12.128750376398449,2020-S1,seche,2020-01-01,2020-06-30,-0.005854728982177892,-0.08958087403707647
1,-1.3259133597009451,12.21547089721347,2020-S1,seche,2020-01-01,2020-06-30,-0.12332877113689997,0.14609517831936536
1,-1.3263625174361169,12.214183311584243,2020-S1,seche,2020-01-01,2020-06-30,-0.18893324179390714,0.15263487511648885
1,-1.3270811693174764,12.214303087525236,2020-S1,seche,2020-01-01,2020-06-30,-0.29006882989183874,0.25250596658711216
1,-1.330427257358201,12.30442158912369,2020-S1,seche,2020-01-01,2020-06-30,-0.0330732869376386,-0.04080353447446756
1,-1.3289534446095812,12.213719970542659,2020-S1,seche,2020-01-01,2020-06-30,-0.1434677852433313,0.14429876961624694
1,-1.3308540960792719,12.214303086757297,2020-S1,seche,2020-01-01,2020-06-30,-0.2195845697329377,0.21777777777777776
1,-1.3319096136287643,12.214752243383332,2020-S1,seche,2020-01-01,2020-06-30,-0.2191699904747426,0.21847837879985096
1,-1.3332667119037223,12.215509395580208,2020-S1,seche,2020-01-01,2020-06-30,-0.12903408080052936,0.16950088739571362
1,-1.3358726006179549,12.211244785733738,2020-S1,seche,2020-01-01,2020-06-30,-0.0846211352088798,0.06862087004740786
1,-1.3365134800821359,12.214572581273057,2020-S1,seche,2020-01-01,2020-06-30,0.026782761900527637,0.010654296501995767
1,-1.3369738665919548,12.211883249265332,2020-S1,seche,2020-01-01,2020-06-30,-0.25063240746141385,0.23703044245890703
1,-1.3454336974486063,12.174799587812464,2020-S1,seche,2020-01-01,2020-06-30,-0.14985214012498005,0.043608352620988194
1,-1.3482814105393934,12.165794061664478,2020-S1,seche,2020-01-01,2020-06-30,-0.330933633295838,0.22866043613707165
1,-1.3497187132739115,12.231550740935702,2020-S1,seche,2020-01-01,2020-06-30,-0.07139659803043867,-0.022762070021435134
1,-1.3498983785789076,12.17441788804624,2020-S1,seche,2020-01-01,2020-06-30,-0.33923941227312016,0.19261112180103906
1,-1.350048096559662,12.203044201621797,2020-S1,seche,2020-01-01,2020-06-30,0.1994625931432706,-0.21805861736737844
1,-1.3500780388244469,12.225981185575915,2020-S1,seche,2020-01-01,2020-06-30,0.15212527964205816,-0.1270154656136887
1,-1.3540306281804682,12.234515179683983,2020-S1,seche,2020-01-01,2020-06-30,0.02745097569476089,-0.08674187633187685
1,-1.3547819458569748,12.234278352793691,2020-S1,seche,2020-01-01,2020-06-30,0.023549312371904288,-0.0707676934816427
1,-1.3556475934505552,12.234425348154884,2020-S1,seche,2020-01-01,2020-06-30,-0.1499930235802986,0.07724480460070579
1,-1.3529860033970182,12.22934779386732,2020-S1,seche,2020-01-01,2020-06-30,0.21928789260564754,-0.2759256178043667
1,-1.3646864480546252,12.115326702292078,2020-S1,seche,2020-01-01,2020-06-30,0.1327449182855625,-0.19747513872433445
1,-1.364532923547198,12.20261709020805,2020-S1,seche,2020-01-01,2020-06-30,0.2666900833261103,-0.2102246548173543
1,-1.370579995684672,12.350965587075152,2020-S1,seche,2020-01-01,2020-06-30,-0.2266459634207363,0.084395820800031
1,-1.3706494608991107,12.34958936707333,2020-S1,seche,2020-01-01,2020-06-30,-0.21926305540911395,0.07151823565043858
1,-1.371547776034114,12.454347902623212,2020-S1,seche,2020-01-01,2020-06-30,-0.24839695621388977,0.16891757491319595
1,-1.3721765958674053,12.451368490796588,2020-S1,seche,2020-01-01,2020-06-30,-0.21434483344406283,0.10107833049096578
1,-1.3726000886194365,12.453550112714531,2020-S1,seche,2020-01-01,2020-06-30,-0.21650691279709197,0.13259945403371348
1,-1.3746132772254935,12.202366722839749,2020-S1,seche,2020-01-01,2020-06-30,0.21890308627914862,-0.1744315347480383
1,-1.3764779419260083,12.198883768472028,2020-S1,seche,2020-01-01,2020-06-30,0.20978493502208223,-0.1831071196511382
1,-1.3767580044633536,12.203792797692197,2020-S1,seche,2020-01-01,2020-06-30,0.17183769134988647,-0.1395801991263429
1,-1.3772071623249367,12.198672400058843,2020-S1,seche,2020-01-01,2020-06-30,0.12327586206896551,-0.09880372175454143
1,-1.377397394078151,12.264365668785146,2020-S1,seche,2020-01-01,2020-06-30,-0.15839511587934743,0.03520609540817036
1,-1.3791834552758606,12.203433471277906,2020-S1,seche,2020-01-01,2020-06-30,0.18938985198691116,-0.14101959157725674
1,-1.3795427835725196,12.198672399278271,2020-S1,seche,2020-01-01,2020-06-30,0.20859149111937217,-0.16185476815398075
1,-1.3801536360430906,12.198528669985443,2020-S1,seche,2020-01-01,2020-06-30,0.21511001649588998,-0.17758245977167433
1,-1.3808280637174033,12.427742797954542,2020-S1,seche,2020-01-01,2020-06-30,-0.18439587134499646,0.011813230553980666
1,-1.3823275578301146,12.561232447564509,2020-S1,seche,2020-01-01,2020-06-30,-0.2360803144606979,0.15517303344574168
1,-1.3847729724802345,12.299962439940083,2020-S1,seche,2020-01-01,2020-06-30,-0.1596363841446248,0.07728840168902538
1,-1.3850282541937478,12.560961704670929,2020-S1,seche,2020-01-01,2020-06-30,-0.2657036392950533,0.17063263513487803
1,-1.3899632396049124,12.199930039776644,2020-S1,seche,2020-01-01,2020-06-30,0.10235640648011782,-0.08961911874533234
1,-1.3979650324775161,12.237732922610974,2020-S1,seche,2020-01-01,2020-06-30,0.2638323860183418,-0.21003509178470836
1,-1.410111697957624,12.190760958938549,2020-S1,seche,2020-01-01,2020-06-30,0.17701591768338337,-0.17460950548549817
1,-1.4099399398632793,12.341904826764333,2020-S1,seche,2020-01-01,2020-06-30,0.10377465571658198,-0.13408042581709578
1,-1.4095465108357597,12.349230040199194,2020-S1,seche,2020-01-01,2020-06-30,-0.23314641744548287,0.18557565592428418
1,-1.4098160075983093,12.347074084499434,2020-S1,seche,2020-01-01,2020-06-30,-0.24097370376367858,0.11175523198064818
1,-1.4097261760968784,12.348152064100828,2020-S1,seche,2020-01-01,2020-06-30,-0.13809385108774488,0.06947701108077171
1,-1.4104448274375758,12.48810958695964,2020-S1,seche,2020-01-01,2020-06-30,-0.00242341295805716,-0.018987368616379712
1,-1.4206984541772771,12.143967878049715,2020-S1,seche,2020-01-01,2020-06-30,-0.1769350891952136,0.08567879578645418
1,-1.4179457608699615,12.363625544476815,2020-S1,seche,2020-01-01,2020-06-30,-0.15075186172955143,0.060182241499978806
1,-1.4190686533935948,12.333868851434588,2020-S1,seche,2020-01-01,2020-06-30,-0.25120623797239183,0.10928819338283097
1,-1.4201466337054363,12.542457659522194,2020-S1,seche,2020-01-01,2020-06-30,0.007271092026669744,0.030784005953446787
1,-1.420416127228511,12.5419186706758,2020-S1,seche,2020-01-01,2020-06-30,-0.01460571035234394,0.060820501219680405
1,-1.4219294429654286,12.553382555881402,2020-S1,seche,2020-01-01,2020-06-30,0.1343091574504496,-0.08416853392701469
1,-1.4233805673252715,12.553506938553332,2020-S1,seche,2020-01-01,2020-06-30,0.10851784271365895,-0.13244334679528255
1,-1.4258958498024958,12.492780824373298,2020-S1,seche,2020-01-01,2020-06-30,-0.04899354348651728,0.07429015947102295
1,-1.4264348400531548,12.13686831008752,2020-S1,seche,2020-01-01,2020-06-30,-0.21186623516720604,0.11238736508565204
1,-1.4307513606823155,11.927813296887518,2020-S1,seche,2020-01-01,2020-06-30,-0.1956248014339128,0.09139072650871664
1,-1.4298484372531857,11.930435456924553,2020-S1,seche,2020-01-01,2020-06-30,-0.1999604430379747,0.09562076749435666
1,-1.4464572890126965,12.286674027787484,2020-S1,seche,2020-01-01,2020-06-30,-0.2022910912673159,0.06318894430365386
1,-1.446816615116256,12.28552950667812,2020-S1,seche,2020-01-01,2020-06-30,-0.18836117634409466,0.0557485792839687
1,-1.4491894132807135,12.341382979819702,2020-S1,seche,2020-01-01,2020-06-30,0.128140237385225,-0.17646796919623733
1,-1.4510486786023025,12.340246889250967,2020-S1,seche,2020-01-01,2020-06-30,-0.46940761464542025,0.4087463556851312
1,-1.4551552624717126,12.361190468903875,2020-S1,seche,2020-01-01,2020-06-30,-0.011510692376887477,-0.03303761404816847
1,-1.4623724145378298,12.49057245736507,2020-S1,seche,2020-01-01,2020-06-30,0.13975830127743552,-0.16120733503885445
1,-1.4595826740480848,12.347613074056799,2020-S1,seche,2020-01-01,2020-06-30,-0.2554284570691644,0.07556986256306225
1,-1.4602564097199249,12.34783765467525,2020-S1,seche,2020-01-01,2020-06-30,-0.2754532002935132,0.09684507572017383
1,-1.4681166703045636,12.565364700379531,2020-S1,seche,2020-01-01,2020-06-30,-0.0711849957374254,0.07004470938897168
1,-1.4685358817847824,12.564885600027019,2020-S1,seche,2020-01-01,2020-06-30,0.048260542672427596,-0.020854997288481777
1,-1.4716799864229224,12.486178207446107,2020-S1,seche,2020-01-01,2020-06-30,-0.030906424947131486,-0.024375490604079453
1,-1.471170941185348,12.565185035243374,2020-S1,seche,2020-01-01,2020-06-30,0.17532338308457712,-0.12184784912057639
1,-1.4254187036117287,12.518784094278011,2020-S1,seche,2020-01-01,2020-06-30,0.26955921634365787,-0.17656781125215046
1,-1.4739736839181385,12.566119284610675,2020-S1,seche,2020-01-01,2020-06-30,0.12576176667531708,-0.09337124929288015
1,-1.4738658883512348,12.5486560351543,2020-S1,seche,2020-01-01,2020-06-30,-0.013098729227761487,0.0052376333656644035
1,-1.475220454909838,12.546514259769259,2020-S1,seche,2020-01-01,2020-06-30,-0.10156027338867078,0.07313948019947052
1,-1.474898948411452,12.483528177059092,2020-S1,seche,2020-01-01,2020-06-30,-0.10059518923381111,0.04024379583097398
1,-1.4749438637923116,12.569856275096445,2020-S1,seche,2020-01-01,2020-06-30,0.06903276131045241,-0.04117292629041976
1,-1.4762015067640806,12.581354711764483,2020-S1,seche,2020-01-01,2020-06-30,0.021458951132435095,-0.13899412727046878
1,-1.4763811700827258,12.57021560311502,2020-S1,seche,2020-01-01,2020-06-30,0.10419485791610285,-0.08019055180627233
1,-1.4783574622242228,12.542906818202702,2020-S1,seche,2020-01-01,2020-06-30,-0.18813588549749957,0.14413816007970773
1,-1.4793327749251348,11.977096518588079,2020-S1,seche,2020-01-01,2020-06-30,0.12081460006607343,-0.18839290535130648
1,-1.479255776519362,12.712149416946174,2020-S1,seche,2020-01-01,2020-06-30,-0.05005775895263766,0.0020209443321697594
1,-1.484376176764232,12.570574928564351,2020-S1,seche,2020-01-01,2020-06-30,-0.033329402558261466,0.034870412043144255
1,-1.4848253330413888,12.57075459179979,2020-S1,seche,2020-01-01,2020-06-30,-0.040137614678899085,0.028150387303986397
1,-1.4853643223053865,12.570934254546582,2020-S1,seche,2020-01-01,2020-06-30,-0.07018867924528302,0.040543019629425796
1,-1.487879604745963,12.575785157677922,2020-S1,seche,2020-01-01,2020-06-30,-0.06997455470737914,0.042131350681536554
1,-1.4885084261166284,12.574886844066391,2020-S1,seche,2020-01-01,2020-06-30,-0.23439368359504634,0.1742761394920491
1,-1.4889396167092006,12.57704279851742,2020-S1,seche,2020-01-01,2020-06-30,-0.025228112815898728,-0.023590553370478315
1,-1.4918321919982567,12.579198752866533,2020-S1,seche,2020-01-01,2020-06-30,0.03879430644711136,-0.06336687516997552
1,-1.5085368074940029,12.38874396784703,2020-S1,seche,2020-01-01,2020-06-30,0.267610687143038,-0.25221460358346603
1,-1.507103554931892,12.666065842639435,2020-S1,seche,2020-01-01,2020-06-30,-0.11387267792147701,0.03853926996897591
1,-1.5153740997580982,12.521957999952539,2020-S1,seche,2020-01-01,2020-06-30,-0.04123648597949598,-0.01594165766691363
1,-1.5181977469098744,12.447281154794904,2020-S1,seche,2020-01-01,2020-06-30,-0.2336646416930792,0.04945281947053287
1,-1.5197073064996884,12.388326285254301,2020-S1,seche,2020-01-01,2020-06-30,0.05232691702080801,-0.04679497167315831
1,-1.5209376055970687,12.389115238934696,2020-S1,seche,2020-01-01,2020-06-30,0.03967965052784856,-0.036523009495982466
1,-1.5274009152565153,12.130118163119086,2020-S1,seche,2020-01-01,2020-06-30,-0.1264797026833575,0.02621324803683714
1,-1.5257885084311604,12.51919129256521,2020-S1,seche,2020-01-01,2020-06-30,-0.23658613115782867,0.1687425860023725
1,-1.5283037928784926,12.519191293423978,2020-S1,seche,2020-01-01,2020-06-30,-0.2653061224489796,0.2031534263189812
1,-1.5284834546651525,12.518831969545094,2020-S1,seche,2020-01-01,2020-06-30,-0.17130044843049327,0.12489233419465978
1,-1.5289326134561367,12.519011630369413,2020-S1,seche,2020-01-01,2020-06-30,-0.16657696121082133,0.11581059037217858
1,-1.539083575855333,12.238916924510978,2020-S1,seche,2020-01-01,2020-06-30,0.18194740582800284,-0.1900070372976777
1,-1.5405208821816359,12.3883965900636,2020-S1,seche,2020-01-01,2020-06-30,-0.5253701308035073,0.5166499928540803
1,-1.5412681163460846,12.23878285839742,2020-S1,seche,2020-01-01,2020-06-30,0.19623232610954391,-0.19961230334213365
1,-1.5421378471830092,12.456848214010778,2020-S1,seche,2020-01-01,2020-06-30,-0.2269180754226268,0.08802613876609648
1,-1.5424971740257973,12.24053389407346,2020-S1,seche,2020-01-01,2020-06-30,-0.08305476986371818,0.010071942446043165
1,-1.5429463313357183,12.23550332864735,2020-S1,seche,2020-01-01,2020-06-30,-0.20970042796005706,0.09231429798196651
1,-1.5435751523205326,12.457566864611627,2020-S1,seche,2020-01-01,2020-06-30,-0.21591623036649216,0.08109114607578438
1,-1.544293805413647,12.239575689545141,2020-S1,seche,2020-01-01,2020-06-30,0.23837752073670604,-0.2291108926196174
1,-1.544186007072802,12.238162340709483,2020-S1,seche,2020-01-01,2020-06-30,-0.06880228853127177,0.016712954478342878
1,-1.5453717831795648,12.238737262691565,2020-S1,seche,2020-01-01,2020-06-30,-0.09502018842530283,0.04067536454336147
1,-1.545281951721977,12.23963557686459,2020-S1,seche,2020-01-01,2020-06-30,0.21889413910824554,-0.2162063769542688
1,-1.5456412782989946,12.240174565362766,2020-S1,seche,2020-01-01,2020-06-30,0.22261432506887052,-0.21925293284402952
1,-1.5459107728693788,12.30516767568426,2020-S1,seche,2020-01-01,2020-06-30,-0.07282105669854445,-0.0048335817207144
1,-1.5462700981295372,12.238916926152061,2020-S1,seche,2020-01-01,2020-06-30,-0.0625172128890113,-0.010007698229407237
1,-1.557658315483124,12.456478155249107,2020-S1,seche,2020-01-01,2020-06-30,0.08810861064782338,-0.11043075925118052
1,-1.5550735885469122,12.594110789388685,2020-S1,seche,2020-01-01,2020-06-30,-0.1729554905282612,0.06711503432814908
1,-1.5559719035223951,12.59590741764168,2020-S1,seche,2020-01-01,2020-06-30,0.047583535708201063,-0.1524674923058528
1,-1.5659432028318885,12.563927395017513,2020-S1,seche,2020-01-01,2020-06-30,-0.01027912276007284,-0.011070744038148022
1,-1.5670660978973232,11.949255162622778,2020-S1,seche,2020-01-01,2020-06-30,-0.23561292542402182,0.11820398725582146
1,-1.5754091442152967,11.945697819854816,2020-S1,seche,2020-01-01,2020-06-30,-0.28141450463491513,0.14765509831477217
1,-1.5789750827205606,12.02258324396696,2020-S1,seche,2020-01-01,2020-06-30,-0.20146467474491103,0.08055778004660419
1,-1.5884820808238356,12.337310429027932,2020-S1,seche,2020-01-01,2020-06-30,-0.09980066183862302,-0.006442555116150039
1,-1.5911858611684235,12.334138344391397,2020-S1,seche,2020-01-01,2020-06-30,-0.14251696630551255,0.03965330444203684
1,-1.591329593186693,12.336536847379895,2020-S1,seche,2020-01-01,2020-06-30,-0.07226214016892099,-0.027179349701938183
1,-1.5914681900036534,12.335087992434351,2020-S1,seche,2020-01-01,2020-06-30,-0.10864402652824727,0.0022523001577058376
1,-1.592084178279386,12.33530615520687,2020-S1,seche,2020-01-01,2020-06-30,-0.10471469350009469,0.0027315916597483126
1,-1.5928028300233403,12.335276211547422,2020-S1,seche,2020-01-01,2020-06-30,-0.09211293366751994,0.0022036352735712813
1,-1.5933717633290527,12.33569542472046,2020-S1,seche,2020-01-01,2020-06-30,-0.09584867927727765,0.011165758386108532
1,-1.5989113740984224,12.316082208512587,2020-S1,seche,2020-01-01,2020-06-30,-0.18996951976258672,0.04125566891025204
1,-1.5939212287328517,12.51408466057964,2020-S1,seche,2020-01-01,2020-06-30,-0.1639996737511245,0.06099074838615221
1,-1.6010544970779639,12.51600869080926,2020-S1,seche,2020-01-01,2020-06-30,-0.19746648280842624,0.09345386561810033
1,-1.612078462991711,12.648809476806685,2020-S1,seche,2020-01-01,2020-06-30,0.1011053859852234,-0.09026465808794873
1,-1.620920098318496,12.650345325940211,2020-S1,seche,2020-01-01,2020-06-30,-0.03061991114926275,-0.011457537397496593
1,-1.6212875916458782,12.416211696078102,2020-S1,seche,2020-01-01,2020-06-30,-0.06389589746090167,0.012791425370506022
1,-1.6459157215828049,12.09159321840699,2020-S1,seche,2020-01-01,2020-06-30,-0.420005067680707,0.2736231066152648
1,-1.646162759408768,12.090874565625224,2020-S1,seche,2020-01-01,2020-06-30,-0.4263909404234367,0.26162221012520415
1,-1.6469013729828939,12.091094155679853,2020-S1,seche,2020-01-01,2020-06-30,-0.37244023353995753,0.2126193559096234
1,-1.6472407367992052,12.093569511679581,2020-S1,seche,2020-01-01,2020-06-30,-0.44003026863412786,0.26627481423976934
1,-1.6481390518979566,12.091353667969438,2020-S1,seche,2020-01-01,2020-06-30,-0.4372923217114176,0.32595339718436284
1,-1.6488577051338096,12.091593218486347,2020-S1,seche,2020-01-01,2020-06-30,-0.4469243331518781,0.3373584905660377
1,-1.6489475348850475,12.093749176366034,2020-S1,seche,2020-01-01,2020-06-30,-0.44268398465651987,0.3186784685563722
1,-1.6501153446045227,12.091952544639804,2020-S1,seche,2020-01-01,2020-06-30,-0.3032214462716828,0.157810467327129
1,-1.6650273773944901,12.16148214821362,2020-S1,seche,2020-01-01,2020-06-30,-0.31186801490154337,0.2098159509202454
1,-1.6659256942473455,12.160494001174182,2020-S1,seche,2020-01-01,2020-06-30,-0.26088109421442757,0.15767997106961884
1,-1.666320407134925,12.1617843078802,2020-S1,seche,2020-01-01,2020-06-30,-0.01899687410382717,0.006911289695684865
1,-1.6698571437570802,12.340585078466125,2020-S1,seche,2020-01-01,2020-06-30,-0.08330584567543137,0.0015146380058774864
1,-1.6769068871082216,12.18810536109011,2020-S1,seche,2020-01-01,2020-06-30,-0.08714699801522723,0.013660246561621743
1,-1.683832112694259,12.559313548611014,2020-S1,seche,2020-01-01,2020-06-30,-0.2691625488166128,0.12692996003024598
1,-1.6819138733861787,12.212862661017333,2020-S1,seche,2020-01-01,2020-06-30,-0.30655075347257665,0.16762708911099686
1,-1.684700484536466,12.216189548341957,2020-S1,seche,2020-01-01,2020-06-30,-0.2218720136776029,0.10609980566111084
1,-1.6851496400746389,12.2157403897817,2020-S1,seche,2020-01-01,2020-06-30,-0.2917972350230415,0.15149523496549458
1,-1.6910698955907535,12.141545295204413,2020-S1,seche,2020-01-01,2020-06-30,-0.07143950800263021,0.0074279550757021025
1,-1.6924759014508317,12.144034868788497,2020-S1,seche,2020-01-01,2020-06-30,-0.11111013962366158,0.04864550772989976
1,-1.6993430224898687,12.303595625631964,2020-S1,seche,2020-01-01,2020-06-30,-0.09731381695351456,0.02911449690752753
1,-1.6999718423326842,12.303505793809078,2020-S1,seche,2020-01-01,2020-06-30,-0.15266988224619604,0.059452793018308414
1,-1.7172356197401732,12.325514518000164,2020-S1,seche,2020-01-01,2020-06-30,-0.19919572063371618,0.07992976403892305
1,-1.7185669701891277,12.326592497221142,2020-S1,seche,2020-01-01,2020-06-30,-0.22759509993552546,0.09470225872689939
1,-1.7399907588914152,12.074107714404573,2020-S1,seche,2020-01-01,2020-06-30,-0.14745847153619118,0.052846273586491674
1,-1.8532157384520647,12.095082158888353,2020-S2,pluies,2020-07-01,2020-12-31,0.2418744017376191,-0.20913277401350186
1,-1.8698671635979942,12.184925189509107,2020-S2,pluies,2020-07-01,2020-12-31,0.4142463174718494,-0.34303789373867843
1,-1.924281170534282,12.414088406434953,2020-S2,pluies,2020-07-01,2020-12-31,0.26436781609195403,-0.21887713588283156
1,-1.9252393735943116,12.413329828574723,2020-S2,pluies,2020-07-01,2020-12-31,0.2819179113592625,-0.25356879825350387
1,-1.9264371271229912,12.413010428342506,2020-S2,pluies,2020-07-01,2020-12-31,0.27980922098569155,-0.24247491638795987
1,-1.9267964530243678,12.41283076390253,2020-S2,pluies,2020-07-01,2020-12-31,0.2619047619047619,-0.22885572139303484
1,-1.9574161711294407,12.43118206230244,2020-S2,pluies,2020-07-01,2020-12-31,0.2855846420291446,-0.1897540057985069
1,-1.952753545408458,12.40907851784621,2020-S2,pluies,2020-07-01,2020-12-31,0.3965027636218502,-0.31409922607724117
1,-1.0893869452076947,12.49781139062258,2020-S2,pluies,2020-07-01,2020-12-31,0.27585243152599215,-0.38696320832840414
1,-1.0895666084806583,12.498350379815955,2020-S2,pluies,2020-07-01,2020-12-31,0.27430167597765365,-0.3871196036801132
1,-1.0895666104047883,12.498709705913637,2020-S2,pluies,2020-07-01,2020-12-31,0.2781997187060478,-0.38707751104741434
1,-1.0906445865882128,12.514160729344816,2020-S2,pluies,2020-07-01,2020-12-31,0.27108052121283205,-0.37857104870901376
1,-1.0920818892211193,12.51487937995568,2020-S2,pluies,2020-07-01,2020-12-31,0.27959838237344864,-0.387551867219917
1,-1.0924412167853803,12.51469971721013,2020-S2,pluies,2020-07-01,2020-12-31,0.2734375,-0.38293838862559243
1,-1.092800543994178,12.498530041793588,2020-S2,pluies,2020-07-01,2020-12-31,0.27774647887323944,-0.3855002995805872
1,-1.0932497004775314,12.498260547784568,2020-S2,pluies,2020-07-01,2020-12-31,0.27684287288890586,-0.38304532347004094
1,-1.093249701278998,12.514520054447027,2020-S2,pluies,2020-07-01,2020-12-31,0.27402278046261297,-0.38365073779150016
1,-1.0936988594280612,12.499069033244146,2020-S2,pluies,2020-07-01,2020-12-31,0.2703946450983126,-0.37928579902716814
1,-1.0939683527042396,12.498530041447275,2020-S2,pluies,2020-07-01,2020-12-31,0.2766427640498195,-0.38494455867662913
1,-1.09423784837424,12.498979200053313,2020-S2,pluies,2020-07-01,2020-12-31,0.2727806364546399,-0.3825410206297941
1,-1.096357692819935,12.517395427751643,2020-S2,pluies,2020-07-01,2020-12-31,0.28712596862611633,-0.3936067792564462
1,-1.0945073421451468,12.497631726485157,2020-S2,pluies,2020-07-01,2020-12-31,0.27618341393372176,-0.38274631162783107
1,-1.0946870048543371,12.498709707427455,2020-S2,pluies,2020-07-01,2020-12-31,0.2763964910246574,-0.38700868667756083
1,-1.094956499093331,12.498332412799954,2020-S2,pluies,2020-07-01,2020-12-31,0.27557912746425073,-0.38387802432368706
1,-1.0958548143130395,12.498350379484027,2020-S2,pluies,2020-07-01,2020-12-31,0.276571908696261,-0.3849267769972616
1,-1.0958548146838514,12.500236841525476,2020-S2,pluies,2020-07-01,2020-12-31,0.27388983115363913,-0.38308154923061755
1,-1.0960344803348354,12.499697852670268,2020-S2,pluies,2020-07-01,2020-12-31,0.27313617661022316,-0.38318330610227547
1,-1.0962141404453765,12.49547577035815,2020-S2,pluies,2020-07-01,2020-12-31,0.27696793002915454,-0.37837192647409884
1,-1.0963938053020117,12.498350379392555,2020-S2,pluies,2020-07-01,2020-12-31,0.2759344813103738,-0.3811176259423238
1,-1.0965734660943165,12.500147010106229,2020-S2,pluies,2020-07-01,2020-12-31,0.2720887765135553,-0.37999521416606846
1,-1.0991486381340976,12.502841955761046,2020-S2,pluies,2020-07-01,2020-12-31,0.2697980685804394,-0.3823738047176685
1,-1.0998074007463547,12.503380946683674,2020-S2,pluies,2020-07-01,2020-12-31,0.2661810030820958,-0.3799715909090909
1,-1.0998074010361238,12.513082750079075,2020-S2,pluies,2020-07-01,2020-12-31,0.27125279642058164,-0.38217164532954007
1,-1.1002565595377012,12.503380946237963,2020-S2,pluies,2020-07-01,2020-12-31,0.26898842926620964,-0.3792159898800561
1,-1.1005260545286635,12.503740271015237,2020-S2,pluies,2020-07-01,2020-12-31,0.2671309192200557,-0.3755043911701875
1,-1.100885379857276,12.503740271370564,2020-S2,pluies,2020-07-01,2020-12-31,0.2653969136660642,-0.3774740810556079
1,-1.1010650443927588,12.504369091771991,2020-S2,pluies,2020-07-01,2020-12-31,0.26665123678282454,-0.376747924717894
1,-1.1009752122212941,12.513711569397547,2020-S2,pluies,2020-07-01,2020-12-31,0.26644579956658265,-0.3804120368250895
1,-1.1016040336854052,12.513981065127128,2020-S2,pluies,2020-07-01,2020-12-31,0.2704963747908533,-0.3800947867298578
1,-1.1021430211700762,12.503380946591323,2020-S2,pluies,2020-07-01,2020-12-31,0.270052733832917,-0.37971698113207547
1,-1.1021430205319593,12.514430222424926,2020-S2,pluies,2020-07-01,2020-12-31,0.27947700590547364,-0.3873745505777306
1,-1.1023226867960343,12.503740270623425,2020-S2,pluies,2020-07-01,2020-12-31,0.26443768996960487,-0.3736470588235294
1,-1.102622123626895,12.518532529173344,2020-S2,pluies,2020-07-01,2020-12-31,0.2897025301703837,-0.3899213361300964
1,-1.1028616734371246,12.514699717816582,2020-S2,pluies,2020-07-01,2020-12-31,0.28170594837261503,-0.38697318007662834
1,-1.1028616739963106,12.515059044400559,2020-S2,pluies,2020-07-01,2020-12-31,0.2849507735583685,-0.39069990412272293
1,-1.1028616737511001,12.518113316760193,2020-S2,pluies,2020-07-01,2020-12-31,0.2879317577961124,-0.38922873935468394
1,-1.1030413374828703,12.517394663028796,2020-S2,pluies,2020-07-01,2020-12-31,0.2864684634620728,-0.38987883107626514
1,-1.1032209998327969,12.515418370276732,2020-S2,pluies,2020-07-01,2020-12-31,0.2842724978973928,-0.3886494252873563
1,-1.1032209996190725,12.518113314934942,2020-S2,pluies,2020-07-01,2020-12-31,0.28529534981147886,-0.3899153653593992
1,-1.1034006637076832,12.515059045271926,2020-S2,pluies,2020-07-01,2020-12-31,0.2854739203589456,-0.39152238805970146
1,-1.1035803261023416,12.514699717815319,2020-S2,pluies,2020-07-01,2020-12-31,0.2859541130386122,-0.3920914721295855
1,-1.1034904943463397,12.516047190153204,2020-S2,pluies,2020-07-01,2020-12-31,0.2839892144045986,-0.39020293334366807
1,-1.1035803261074164,12.51703533887873,2020-S2,pluies,2020-07-01,2020-12-31,0.28762169680111266,-0.3926242143958259
1,-1.1035803252496823,12.517574328048122,2020-S2,pluies,2020-07-01,2020-12-31,0.28373893805309736,-0.38777922231414724
1,-1.1037599896132624,12.504548754451516,2020-S2,pluies,2020-07-01,2020-12-31,0.27861502264723037,-0.38410089804867176
1,-1.1037599906766489,12.515328538765413,2020-S2,pluies,2020-07-01,2020-12-31,0.2819596950727199,-0.38793442842901515
1,-1.103849820483322,12.514430223365762,2020-S2,pluies,2020-07-01,2020-12-31,0.2831969484867077,-0.389747828833906
1,-1.1039396519632354,12.51487938127791,2020-S2,pluies,2020-07-01,2020-12-31,0.2824299846732618,-0.38741524919709763
1,-1.1039396525735576,12.515777695019235,2020-S2,pluies,2020-07-01,2020-12-31,0.2820369334079463,-0.3879546809779368
1,-1.1039396516470685,12.516137022164662,2020-S2,pluies,2020-07-01,2020-12-31,0.28683035714285715,-0.3942410238179879
1,-1.1041193169657633,12.50427926010907,2020-S2,pluies,2020-07-01,2020-12-31,0.27955338450802514,-0.38554933936436137
1,-1.104119315447323,12.514160728586157,2020-S2,pluies,2020-07-01,2020-12-31,0.28190743338008417,-0.39199619997624985
1,-1.104209148020567,12.517574327743787,2020-S2,pluies,2020-07-01,2020-12-31,0.2827050997782705,-0.38439645765736097
1,-1.1042989790872302,12.514609885387914,2020-S2,pluies,2020-07-01,2020-12-31,0.2853168668070005,-0.3905802137372868
1,-1.1042989797031955,12.516496347957293,2020-S2,pluies,2020-07-01,2020-12-31,0.2872989462007765,-0.3928655799669265
1,-1.104298978605195,12.5179336531783,2020-S2,pluies,2020-07-01,2020-12-31,0.2827356130108424,-0.3881906568650699
1,-1.1059236480753278,12.515424786179036,2020-S2,pluies,2020-07-01,2020-12-31,0.29546612428929836,-0.3999453419597522
1,-1.0952804095373214,12.49662813936818,2020-S2,pluies,2020-07-01,2020-12-31,0.2800786556596713,-0.3853809262207742
1,-1.1051972962768126,12.517574327592921,2020-S2,pluies,2020-07-01,2020-12-31,0.28236607142857145,-0.38513028926607695
1,-1.1060105057121044,12.516997513633862,2020-S2,pluies,2020-07-01,2020-12-31,0.32026781681195365,-0.41953600010320063
1,-1.1064549356905609,12.513801402377322,2020-S2,pluies,2020-07-01,2020-12-31,0.2797752808988764,-0.3860888303603496
1,-1.106814262901016,12.513621737503053,2020-S2,pluies,2020-07-01,2020-12-31,0.35818669847897405,-0.45574102175012643
1,-1.1068142616905745,12.51649634930329,2020-S2,pluies,2020-07-01,2020-12-31,0.27963272120200333,-0.3837915030346305
1,-1.1068142627743742,12.51685567567926,2020-S2,pluies,2020-07-01,2020-12-31,0.2792767732962448,-0.3853635393191792
1,-1.1078922412586596,12.517753988595498,2020-S2,pluies,2020-07-01,2020-12-31,0.3560773888642741,-0.45108900919048217
1,-1.108071900765771,12.501045326063812,2020-S2,pluies,2020-07-01,2020-12-31,0.2886888013505909,-0.3864077669902913
1,-1.1081617333864677,12.514699716605818,2020-S2,pluies,2020-07-01,2020-12-31,0.3088757799554019,-0.41055240788142366
1,-1.1080719013292648,12.515328538456114,2020-S2,pluies,2020-07-01,2020-12-31,0.30939467871574977,-0.41001408367809067
1,-1.1080719002591009,12.517394663209167,2020-S2,pluies,2020-07-01,2020-12-31,0.35261138979049866,-0.44784195293821566
1,-1.108251566097525,12.51667600959774,2020-S2,pluies,2020-07-01,2020-12-31,0.3512639623750735,-0.44893882646691635
1,-1.1082515666164532,12.518203147722478,2020-S2,pluies,2020-07-01,2020-12-31,0.34696861896002784,-0.44465152496839155
1,-1.1084312304566974,12.515418371069018,2020-S2,pluies,2020-07-01,2020-12-31,0.35618655289098133,-0.45415991019084445
1,-1.1084312305428043,12.515777695213409,2020-S2,pluies,2020-07-01,2020-12-31,0.35937729475693936,-0.45610972568578556
1,-1.1084312296328238,12.516137022877356,2020-S2,pluies,2020-07-01,2020-12-31,0.35380546576550104,-0.4525765496639283
1,-1.10861089122747,12.512723423178823,2020-S2,pluies,2020-07-01,2020-12-31,0.3029176201372998,-0.4077764277035237
1,-1.1087905544633379,12.515687863624693,2020-S2,pluies,2020-07-01,2020-12-31,0.3489220143236122,-0.4475601155434292
1,-1.108970218157029,12.514879381206558,2020-S2,pluies,2020-07-01,2020-12-31,0.34863195057369817,-0.44993788819875774
1,-1.1179533710136813,12.52278455443077,2020-S2,pluies,2020-07-01,2020-12-31,0.2916642503392523,-0.3906935908691834
1,-1.1197500003935472,12.52943208803823,2020-S2,pluies,2020-07-01,2020-12-31,0.33267382702091575,-0.4253901615405677
1,-1.120468653000286,12.524581185112357,2020-S2,pluies,2020-07-01,2020-12-31,0.3035487063480843,-0.40445390139516885
1,-1.1240619148420394,12.522245567456483,2020-S2,pluies,2020-07-01,2020-12-31,0.3268480139212819,-0.4215576323987539
1,-1.1215609964199713,12.525057731270497,2020-S2,pluies,2020-07-01,2020-12-31,0.3210596862893503,-0.41543138006982383
1,-1.1386357594366283,12.488289248779006,2020-S2,pluies,2020-07-01,2020-12-31,0.3945225855672917,-0.36331271047892916
1,-1.1613298957352787,12.48086190010015,2020-S2,pluies,2020-07-01,2020-12-31,0.32191452419524,-0.2832602714788756
1,-1.2103324895168066,12.615976884281514,2020-S2,pluies,2020-07-01,2020-12-31,0.43334673238161464,-0.4271847508807554
1,-1.2118273183660517,12.615041534916074,2020-S2,pluies,2020-07-01,2020-12-31,0.43229967152584897,-0.44175338042343565
1,-1.2196893270491231,12.158789535730673,2020-S2,pluies,2020-07-01,2020-12-31,0.33655159216112623,-0.26115738121212656
1,-1.2206308081089667,12.159505853088383,2020-S2,pluies,2020-07-01,2020-12-31,0.35408591340395557,-0.2786751933181927
1,-1.2341953679479958,12.09159321812497,2020-S2,pluies,2020-07-01,2020-12-31,0.25670003228931226,-0.20013898540653233
1,-1.234609591679788,12.092476562029656,2020-S2,pluies,2020-07-01,2020-12-31,0.29715872333930754,-0.24478075303165525
1,-1.2414455213321771,12.37754287809319,2020-S2,pluies,2020-07-01,2020-12-31,0.37092571112050376,-0.3381246547615093
1,-1.2492870649586534,12.1983130753877,2020-S2,pluies,2020-07-01,2020-12-31,0.3366477272727273,-0.30142109199700823
1,-1.2796501214630207,12.604231807470335,2020-S2,pluies,2020-07-01,2020-12-31,0.21436314513551571,-0.29090494436691977
1,-1.2807150002238452,12.041391387457784,2020-S2,pluies,2020-07-01,2020-12-31,0.34986377589617423,-0.38442001683304894
1,-1.2873756333267863,12.465472043420156,2020-S2,pluies,2020-07-01,2020-12-31,-0.546485260770975,0.4274418604651163
1,-1.2888129395814194,12.221309948380593,2020-S2,pluies,2020-07-01,2020-12-31,0.2671919770773639,-0.2568107519070105
1,-1.3016588471660469,12.549374686860226,2020-S2,pluies,2020-07-01,2020-12-31,0.4637560803891449,-0.16451554783720165
1,-1.3028266571163172,12.214123423624384,2020-S2,pluies,2020-07-01,2020-12-31,0.35171529336325746,-0.3589093214965124
1,-1.3038148037714163,12.499787683894233,2020-S2,pluies,2020-07-01,2020-12-31,0.24820183650748467,-0.25287755558230307
1,-1.3084717424455339,12.216729762131727,2020-S2,pluies,2020-07-01,2020-12-31,0.421077969706954,-0.43140080301211925
1,-1.3060889598321304,12.703667429539616,2020-S2,pluies,2020-07-01,2020-12-31,0.003996317155357918,0.115154176590754
1,-1.313833619642546,12.468643611568409,2020-S2,pluies,2020-07-01,2020-12-31,0.5606095330020582,-0.5000230649970822
1,-1.3138759342606068,12.147737924169673,2020-S2,pluies,2020-07-01,2020-12-31,-0.08415558215589822,0.03890695272589497
1,-1.3144149239768896,12.148097249765083,2020-S2,pluies,2020-07-01,2020-12-31,-0.11607641628213898,0.04657797214665648
1,-1.3148640825319333,12.148187084446008,2020-S2,pluies,2020-07-01,2020-12-31,-0.08862776339374627,0.00867318693485883
1,-1.3170200378211259,12.497601783571465,2020-S2,pluies,2020-07-01,2020-12-31,0.10601310450153807,-0.057802385962770375
1,-1.317618913884142,12.497751502996891,2020-S2,pluies,2020-07-01,2020-12-31,-0.27424003933289115,0.14904164466497652
1,-1.3182776817067314,12.68025922393991,2020-S2,pluies,2020-07-01,2020-12-31,0.3177276802500436,-0.312678872053872
1,-1.3225895933451584,12.21753702304723,2020-S2,pluies,2020-07-01,2020-12-31,0.3940443213296399,-0.3745532523230879
1,-1.324952006267278,12.128750376398449,2020-S2,pluies,2020-07-01,2020-12-31,0.31307106914592897,-0.3677300300079756
1,-1.3259133597009451,12.21547089721347,2020-S2,pluies,2020-07-01,2020-12-31,0.43143456602647434,-0.42846635868866867
1,-1.3263625174361169,12.214183311584243,2020-S2,pluies,2020-07-01,2020-12-31,0.44034243665230316,-0.4337780969142721
1,-1.3270811693174764,12.214303087525236,2020-S2,pluies,2020-07-01,2020-12-31,0.4312796208530806,-0.4108761329305136
1,-1.330427257358201,12.30442158912369,2020-S2,pluies,2020-07-01,2020-12-31,0.27874667966513095,-0.3581503203329912
1,-1.3289534446095812,12.213719970542659,2020-S2,pluies,2020-07-01,2020-12-31,0.42646289916201885,-0.4087484458161013
1,-1.3308540960792719,12.214303086757297,2020-S2,pluies,2020-07-01,2020-12-31,0.46809421841541754,-0.44701691896705253
1,-1.3319096136287643,12.214752243383332,2020-S2,pluies,2020-07-01,2020-12-31,0.3655789447905433,-0.3262398078534843
1,-1.3332667119037223,12.215509395580208,2020-S2,pluies,2020-07-01,2020-12-31,0.45234691743192695,-0.4006660360768004
1,-1.3358726006179549,12.211244785733738,2020-S2,pluies,2020-07-01,2020-12-31,0.43601449596627945,-0.3496752067789606
1,-1.3365134800821359,12.214572581273057,2020-S2,pluies,2020-07-01,2020-12-31,0.5205417934039311,-0.46069650613381813
1,-1.3369738665919548,12.211883249265332,2020-S2,pluies,2020-07-01,2020-12-31,0.5267774140395245,-0.44422295855915234
1,-1.3454336974486063,12.174799587812464,2020-S2,pluies,2020-07-01,2020-12-31,0.18162453900139042,-0.2646912504792929
1,-1.3482814105393934,12.165794061664478,2020-S2,pluies,2020-07-01,2020-12-31,0.16772823779193205,-0.24651609802979338
1,-1.3497187132739115,12.231550740935702,2020-S2,pluies,2020-07-01,2020-12-31,0.1755526657997399,-0.26719321903294163
1,-1.3498983785789076,12.17441788804624,2020-S2,pluies,2020-07-01,2020-12-31,0.14336804459871674,-0.22511893434823976
1,-1.350048096559662,12.203044201621797,2020-S2,pluies,2020-07-01,2020-12-31,0.21096150464268837,-0.25576959368924257
1,-1.3500780388244469,12.225981185575915,2020-S2,pluies,2020-07-01,2020-12-31,0.31456548347613217,-0.31603053435114503
1,-1.3540306281804682,12.234515179683983,2020-S2,pluies,2020-07-01,2020-12-31,0.18757328591687633,-0.28060746787475055
1,-1.3547819458569748,12.234278352793691,2020-S2,pluies,2020-07-01,2020-12-31,0.19567877579927317,-0.28838901879557094
1,-1.3556475934505552,12.234425348154884,2020-S2,pluies,2020-07-01,2020-12-31,0.18423423423423424,-0.27805461431134143
1,-1.3529860033970182,12.22934779386732,2020-S2,pluies,2020-07-01,2020-12-31,0.1897096526917215,-0.2848501655281324
1,-1.3646864480546252,12.115326702292078,2020-S2,pluies,2020-07-01,2020-12-31,0.3131336659279569,-0.3311023165799829
1,-1.364532923547198,12.20261709020805,2020-S2,pluies,2020-07-01,2020-12-31,0.44133271464805757,-0.4481235218265604
1,-1.370579995684672,12.350965587075152,2020-S2,pluies,2020-07-01,2020-12-31,-0.37362078333080984,0.3341844837458171
1,-1.3706494608991107,12.34958936707333,2020-S2,pluies,2020-07-01,2020-12-31,-0.043247650143464926,-0.07795019339722904
1,-1.371547776034114,12.454347902623212,2020-S2,pluies,2020-07-01,2020-12-31,0.28781700681170025,-0.24660691307690483
1,-1.3721765958674053,12.451368490796588,2020-S2,pluies,2020-07-01,2020-12-31,0.3458124332572734,-0.3095647793064267
1,-1.3726000886194365,12.453550112714531,2020-S2,pluies,2020-07-01,2020-12-31,0.3364272956039836,-0.3071263108126699
1,-1.3746132772254935,12.202366722839749,2020-S2,pluies,2020-07-01,2020-12-31,0.4550778540084176,-0.45287236774072703
1,-1.3764779419260083,12.198883768472028,2020-S2,pluies,2020-07-01,2020-12-31,0.4413476023193281,-0.4454532607536917
1,-1.3767580044633536,12.203792797692197,2020-S2,pluies,2020-07-01,2020-12-31,0.4420526423178943,-0.4354492572690705
1,-1.3772071623249367,12.198672400058843,2020-S2,pluies,2020-07-01,2020-12-31,0.406816533720087,-0.4067089755213055
1,-1.377397394078151,12.264365668785146,2020-S2,pluies,2020-07-01,2020-12-31,0.1427382788887445,-0.24650288955786853
1,-1.3791834552758606,12.203433471277906,2020-S2,pluies,2020-07-01,2020-12-31,0.4252850735639764,-0.41450184741871954
1,-1.3795427835725196,12.198672399278271,2020-S2,pluies,2020-07-01,2020-12-31,0.4016832440703902,-0.3723916532905297
1,-1.3801536360430906,12.198528669985443,2020-S2,pluies,2020-07-01,2020-12-31,0.40989025787935207,-0.389056995075484
1,-1.3808280637174033,12.427742797954542,2020-S2,pluies,2020-07-01,2020-12-31,0.11162207864846649,-0.2697019930266601
1,-1.3823275578301146,12.561232447564509,2020-S2,pluies,2020-07-01,2020-12-31,-0.15603002599526827,0.262348413211898
1,-1.3847729724802345,12.299962439940083,2020-S2,pluies,2020-07-01,2020-12-31,0.32466500284647243,-0.3482673469755288
1,-1.3850282541937478,12.560961704670929,2020-S2,pluies,2020-07-01,2020-12-31,0.06962097419419282,0.04198231572731386
1,-1.3899632396049124,12.199930039776644,2020-S2,pluies,2020-07-01,2020-12-31,0.02830188679245283,0.08602923556194585
1,-1.3979650324775161,12.237732922610974,2020-S2,pluies,2020-07-01,2020-12-31,0.4281156641444957,-0.42357305431597836
1,-1.410111697957624,12.190760958938549,2020-S2,pluies,2020-07-01,2020-12-31,0.41262554816769775,-0.4214434150055097
1,-1.4099399398632793,12.341904826764333,2020-S2,pluies,2020-07-01,2020-12-31,0.49609958298690315,-0.41886255612044127
1,-1.4095465108357597,12.349230040199194,2020-S2,pluies,2020-07-01,2020-12-31,0.45688269951794325,-0.3744602097470697
1,-1.4098160075983093,12.347074084499434,2020-S2,pluies,2020-07-01,2020-12-31,0.3892502598286922,-0.2884987042163826
1,-1.4097261760968784,12.348152064100828,2020-S2,pluies,2020-07-01,2020-12-31,0.4333458148383771,-0.3473404502832742
1,-1.4104448274375758,12.48810958695964,2020-S2,pluies,2020-07-01,2020-12-31,0.42996060531063746,-0.43424266015886787
1,-1.4206984541772771,12.143967878049715,2020-S2,pluies,2020-07-01,2020-12-31,0.31019921812753504,-0.3593539364666948
1,-1.4179457608699615,12.363625544476815,2020-S2,pluies,2020-07-01,2020-12-31,0.14690080169151923,-0.07379440260134122
1,-1.4190686533935948,12.333868851434588,2020-S2,pluies,2020-07-01,2020-12-31,0.4809050837861967,-0.4430895182175122
1,-1.4201466337054363,12.542457659522194,2020-S2,pluies,2020-07-01,2020-12-31,0.4554971550597576,-0.4412673145665773
1,-1.420416127228511,12.5419186706758,2020-S2,pluies,2020-07-01,2020-12-31,0.4497351718261023,-0.4293315297391557
1,-1.4219294429654286,12.553382555881402,2020-S2,pluies,2020-07-01,2020-12-31,0.31574024903339865,-0.2369957997254897
1,-1.4233805673252715,12.553506938553332,2020-S2,pluies,2020-07-01,2020-12-31,0.36764152250187526,-0.3051282042564028
1,-1.4258958498024958,12.492780824373298,2020-S2,pluies,2020-07-01,2020-12-31,0.4313645621181263,-0.41121889498102066
1,-1.4264348400531548,12.13686831008752,2020-S2,pluies,2020-07-01,2020-12-31,-0.04970879046458079,0.05084745762711865
1,-1.4307513606823155,11.927813296887518,2020-S2,pluies,2020-07-01,2020-12-31,0.2995247594179049,-0.2527084666114461
1,-1.4298484372531857,11.930435456924553,2020-S2,pluies,2020-07-01,2020-12-31,0.2604166666666667,-0.20075046904315197
1,-1.4464572890126965,12.286674027787484,2020-S2,pluies,2020-07-01,2020-12-31,0.4332782142075895,-0.43063977038441936
1,-1.446816615116256,12.28552950667812,2020-S2,pluies,2020-07-01,2020-12-31,0.42899665781543966,-0.4266896174975469
1,-1.4491894132807135,12.341382979819702,2020-S2,pluies,2020-07-01,2020-12-31,0.5370896959234782,-0.47807096469455246
1,-1.4510486786023025,12.340246889250967,2020-S2,pluies,2020-07-01,2020-12-31,-0.44459644322845415,0.365399534522886
1,-1.4551552624717126,12.361190468903875,2020-S2,pluies,2020-07-01,2020-12-31,0.17291850081112334,-0.07079482379026662
1,-1.4623724145378298,12.49057245736507,2020-S2,pluies,2020-07-01,2020-12-31,0.4249895454003268,-0.36717378237025033
1,-1.4595826740480848,12.347613074056799,2020-S2,pluies,2020-07-01,2020-12-31,0.08375104816153084,-0.10993720993720993
1,-1.4602564097199249,12.34783765467525,2020-S2,pluies,2020-07-01,2020-12-31,-0.218143105757845,0.15086849721584744
1,-1.4681166703045636,12.565364700379531,2020-S2,pluies,2020-07-01,2020-12-31,0.4106130860381247,-0.3383458646616541
1,-1.4685358817847824,12.564885600027019,2020-S2,pluies,2020-07-01,2020-12-31,0.44609220199593436,-0.3743501597590971
1,-1.4716799864229224,12.486178207446107,2020-S2,pluies,2020-07-01,2020-12-31,0.06929902961817537,-0.019087371596900347
1,-1.471170941185348,12.565185035243374,2020-S2,pluies,2020-07-01,2020-12-31,0.43669827105409925,-0.3761581222977146
1,-1.4254187036117287,12.518784094278011,2020-S2,pluies,2020-07-01,2020-12-31,0.5029779405906715,-0.4880712029601469
1,-1.4739736839181385,12.566119284610675,2020-S2,pluies,2020-07-01,2020-12-31,0.4415410230364726,-0.4001016728388267
1,-1.4738658883512348,12.5486560351543,2020-S2,pluies,2020-07-01,2020-12-31,0.4343529411764706,-0.3788113695090439
1,-1.475220454909838,12.546514259769259,2020-S2,pluies,2020-07-01,2020-12-31,0.4017621114961097,-0.36502068959321665
1,-1.474898948411452,12.483528177059092,2020-S2,pluies,2020-07-01,2020-12-31,-0.2963204557112911,0.3555400766595046
1,-1.4749438637923116,12.569856275096445,2020-S2,pluies,2020-07-01,2020-12-31,0.448667044809983,-0.4151624548736462
1,-1.4762015067640806,12.581354711764483,2020-S2,pluies,2020-07-01,2020-12-31,0.2544228482207762,-0.31072124502920595
1,-1.4763811700827258,12.57021560311502,2020-S2,pluies,2020-07-01,2020-12-31,0.44623955431754875,-0.4015653220951234
1,-1.4783574622242228,12.542906818202702,2020-S2,pluies,2020-07-01,2020-12-31,0.21566683192860683,-0.17042475091767173
1,-1.4793327749251348,11.977096518588079,2020-S2,pluies,2020-07-01,2020-12-31,0.4213621741952395,-0.2667254476200713
1,-1.479255776519362,12.712149416946174,2020-S2,pluies,2020-07-01,2020-12-31,0.261191399365527,-0.25621007806955287
1,-1.484376176764232,12.570574928564351,2020-S2,pluies,2020-07-01,2020-12-31,0.2627007231728497,-0.20760337752525254
1,-1.4848253330413888,12.57075459179979,2020-S2,pluies,2020-07-01,2020-12-31,0.3172541743970315,-0.26741871267418715
1,-1.4853643223053865,12.570934254546582,2020-S2,pluies,2020-07-01,2020-12-31,0.23013537374926427,-0.16581632653061223
1,-1.487879604745963,12.575785157677922,2020-S2,pluies,2020-07-01,2020-12-31,0.2656826568265683,-0.21756225425950196
1,-1.4885084261166284,12.574886844066391,2020-S2,pluies,2020-07-01,2020-12-31,0.270926385199464,-0.23161428372071385
1,-1.4889396167092006,12.57704279851742,2020-S2,pluies,2020-07-01,2020-12-31,0.27384674999038205,-0.23901730651643782
1,-1.4918321919982567,12.579198752866533,2020-S2,pluies,2020-07-01,2020-12-31,0.23541247484909456,-0.18803418803418803
1,-1.5085368074940029,12.38874396784703,2020-S2,pluies,2020-07-01,2020-12-31,0.37629943369952784,-0.3126633798512038
1,-1.507103554931892,12.666065842639435,2020-S2,pluies,2020-07-01,2020-12-31,0.34780647740330234,-0.38025032492727817
1,-1.5153740997580982,12.521957999952539,2020-S2,pluies,2020-07-01,2020-12-31,0.38619938755674754,-0.42062543163638355
1,-1.5181977469098744,12.447281154794904,2020-S2,pluies,2020-07-01,2020-12-31,0.2405095988595897,-0.12277110746155556
1,-1.5197073064996884,12.388326285254301,2020-S2,pluies,2020-07-01,2020-12-31,0.2369002078828591,-0.15162647981436872
1,-1.5209376055970687,12.389115238934696,2020-S2,pluies,2020-07-01,2020-12-31,0.2397743300423131,-0.1623931623931624
1,-1.5274009152565153,12.130118163119086,2020-S2,pluies,2020-07-01,2020-12-31,0.34740548620442235,-0.40097697099212104
1,-1.5257885084311604,12.51919129256521,2020-S2,pluies,2020-07-01,2020-12-31,0.33509234828496043,-0.37839171188949183
1,-1.5283037928784926,12.519191293423978,2020-S2,pluies,2020-07-01,2020-12-31,-0.04981773997569866,0.054945054945054944
1,-1.5284834546651525,12.518831969545094,2020-S2,pluies,2020-07-01,2020-12-31,0.23993886907794193,-0.27219512195121953
1,-1.5289326134561367,12.519011630369413,2020-S2,pluies,2020-07-01,2020-12-31,0.27738848686773326,-0.3137083054346469
1,-1.539083575855333,12.238916924510978,2020-S2,pluies,2020-07-01,2020-12-31,0.445993031358885,-0.38372093023255816
1,-1.5405208821816359,12.3883965900636,2020-S2,pluies,2020-07-01,2020-12-31,0.23556735235567353,-0.18586572438162544
1,-1.5412681163460846,12.23878285839742,2020-S2,pluies,2020-07-01,2020-12-31,0.4843231014087734,-0.42523374351771326
1,-1.5421378471830092,12.456848214010778,2020-S2,pluies,2020-07-01,2020-12-31,0.16677482154445167,-0.10771369006254343
1,-1.5424971740257973,12.24053389407346,2020-S2,pluies,2020-07-01,2020-12-31,0.4262948207171315,-0.3853658536585366
1,-1.5429463313357183,12.23550332864735,2020-S2,pluies,2020-07-01,2020-12-31,0.34442595673876875,-0.314385150812065
1,-1.5435751523205326,12.457566864611627,2020-S2,pluies,2020-07-01,2020-12-31,0.31825273010920435,-0.2517123287671233
1,-1.544293805413647,12.239575689545141,2020-S2,pluies,2020-07-01,2020-12-31,0.5054372715019659,-0.46019348637152824
1,-1.544186007072802,12.238162340709483,2020-S2,pluies,2020-07-01,2020-12-31,-0.2245618816517286,0.2411663081891458
1,-1.5453717831795648,12.238737262691565,2020-S2,pluies,2020-07-01,2020-12-31,-0.27339449541284405,0.24484304932735426
1,-1.545281951721977,12.23963557686459,2020-S2,pluies,2020-07-01,2020-12-31,0.4917344646118324,-0.4444790247003249
1,-1.5456412782989946,12.240174565362766,2020-S2,pluies,2020-07-01,2020-12-31,0.500883377397289,-0.4485399543135288
1,-1.5459107728693788,12.30516767568426,2020-S2,pluies,2020-07-01,2020-12-31,0.2898852942231499,-0.17641175936343548
1,-1.5462700981295372,12.238916926152061,2020-S2,pluies,2020-07-01,2020-12-31,-0.17830972154372252,0.18525798525798526
1,-1.557658315483124,12.456478155249107,2020-S2,pluies,2020-07-01,2020-12-31,0.37743151135756164,-0.3026554845218028
1,-1.5550735885469122,12.594110789388685,2020-S2,pluies,2020-07-01,2020-12-31,0.06071152358855375,-0.13141426783479349
1,-1.5559719035223951,12.59590741764168,2020-S2,pluies,2020-07-01,2020-12-31,0.15883507567460978,-0.26405444379366566
1,-1.5659432028318885,12.563927395017513,2020-S2,pluies,2020-07-01,2020-12-31,0.2371172790007981,-0.17699468120945672
1,-1.5670660978973232,11.949255162622778,2020-S2,pluies,2020-07-01,2020-12-31,0.377435993938012,-0.3594682291847656
1,-1.5754091442152967,11.945697819854816,2020-S2,pluies,2020-07-01,2020-12-31,0.39744767538954845,-0.36508178916192696
1,-1.5789750827205606,12.02258324396696,2020-S2,pluies,2020-07-01,2020-12-31,0.20596232864508682,-0.10623674807775449
1,-1.5884820808238356,12.337310429027932,2020-S2,pluies,2020-07-01,2020-12-31,0.2048195554674187,-0.1442463600767941
1,-1.5911858611684235,12.334138344391397,2020-S2,pluies,2020-07-01,2020-12-31,-0.14772158237356034,0.22632423756019263
1,-1.591329593186693,12.336536847379895,2020-S2,pluies,2020-07-01,2020-12-31,0.3302084484492718,-0.27235456508473893
1,-1.5914681900036534,12.335087992434351,2020-S2,pluies,2020-07-01,2020-12-31,-0.10285476418270012,0.16955701082555485
1,-1.592084178279386,12.33530615520687,2020-S2,pluies,2020-07-01,2020-12-31,-0.26044359721533816,0.30810413307911655
1,-1.5928028300233403,12.335276211547422,2020-S2,pluies,2020-07-01,2020-12-31,-0.308886909461831,0.3563394983864483
1,-1.5933717633290527,12.33569542472046,2020-S2,pluies,2020-07-01,2020-12-31,-0.11753799884724823,0.19135187998528866
1,-1.5989113740984224,12.316082208512587,2020-S2,pluies,2020-07-01,2020-12-31,0.27673649109900483,-0.19821647819956362
1,-1.5939212287328517,12.51408466057964,2020-S2,pluies,2020-07-01,2020-12-31,0.40226072095707344,-0.3473533532131792
1,-1.6010544970779639,12.51600869080926,2020-S2,pluies,2020-07-01,2020-12-31,0.14112324320721276,-0.07902011938796703
1,-1.612078462991711,12.648809476806685,2020-S2,pluies,2020-07-01,2020-12-31,0.47199881624207435,-0.43064895220653543
1,-1.620920098318496,12.650345325940211,2020-S2,pluies,2020-07-01,2020-12-31,0.4682893616507346,-0.4331959201493875
1,-1.6212875916458782,12.416211696078102,2020-S2,pluies,2020-07-01,2020-12-31,0.45773829327412385,-0.2739449953669122
1,-1.6459157215828049,12.09159321840699,2020-S2,pluies,2020-07-01,2020-12-31,-0.37429631422497706,0.345846419465493
1,-1.646162759408768,12.090874565625224,2020-S2,pluies,2020-07-01,2020-12-31,-0.4201570680628272,0.3656387665198238
1,-1.6469013729828939,12.091094155679853,2020-S2,pluies,2020-07-01,2020-12-31,-0.4494790777291872,0.4132380032316433
1,-1.6472407367992052,12.093569511679581,2020-S2,pluies,2020-07-01,2020-12-31,-0.4619486185167232,0.43482397716460514
1,-1.6481390518979566,12.091353667969438,2020-S2,pluies,2020-07-01,2020-12-31,-0.3263103919680302,0.322799467335799
1,-1.6488577051338096,12.091593218486347,2020-S2,pluies,2020-07-01,2020-12-31,-0.41935483870967744,0.38604076590487957
1,-1.6489475348850475,12.093749176366034,2020-S2,pluies,2020-07-01,2020-12-31,-0.45804455363893426,0.42075791007691954
1,-1.6501153446045227,12.091952544639804,2020-S2,pluies,2020-07-01,2020-12-31,0.041719342604298354,0.0691114245416079
1,-1.6650273773944901,12.16148214821362,2020-S2,pluies,2020-07-01,2020-12-31,0.32763532763532766,-0.22538293216630198
1,-1.6659256942473455,12.160494001174182,2020-S2,pluies,2020-07-01,2020-12-31,0.3285472683825291,-0.21953408333950114
1,-1.666320407134925,12.1617843078802,2020-S2,pluies,2020-07-01,2020-12-31,0.3690055768054126,-0.25942095427529377
1,-1.6698571437570802,12.340585078466125,2020-S2,pluies,2020-07-01,2020-12-31,0.16194255576411615,0.01319594451103044
1,-1.6769068871082216,12.18810536109011,2020-S2,pluies,2020-07-01,2020-12-31,0.21598278835412787,-0.15110816457635542
1,-1.683832112694259,12.559313548611014,2020-S2,pluies,2020-07-01,2020-12-31,0.37671903867561046,-0.2883049022033731
1,-1.6819138733861787,12.212862661017333,2020-S2,pluies,2020-07-01,2020-12-31,0.21868890440231495,-0.13445054935938455
1,-1.684700484536466,12.216189548341957,2020-S2,pluies,2020-07-01,2020-12-31,0.2546995905791162,-0.1617792658340246
1,-1.6851496400746389,12.2157403897817,2020-S2,pluies,2020-07-01,2020-12-31,0.2795156407669021,-0.18771331058020477
1,-1.6910698955907535,12.141545295204413,2020-S2,pluies,2020-07-01,2020-12-31,0.362981378441472,-0.22714390774424278
1,-1.6924759014508317,12.144034868788497,2020-S2,pluies,2020-07-01,2020-12-31,0.021009161530378823,0.1299829326799327
1,-1.6993430224898687,12.303595625631964,2020-S2,pluies,2020-07-01,2020-12-31,-0.10702087286527515,0.03001412429378531
1,-1.6999718423326842,12.303505793809078,2020-S2,pluies,2020-07-01,2020-12-31,-0.0986170465337132,0.02914563770621209
1,-1.7172356197401732,12.325514518000164,2020-S2,pluies,2020-07-01,2020-12-31,0.2538531328686465,-0.22777857802000737
1,-1.7185669701891277,12.326592497221142,2020-S2,pluies,2020-07-01,2020-12-31,0.24563206577595068,-0.20260727865290604
1,-1.7399907588914152,12.074107714404573,2020-S2,pluies,2020-07-01,2020-12-31,0.35663430281127406,-0.2847728823710257
1,-1.8532157384520647,12.095082158888353,2021-S1,seche,2021-01-01,2021-06-30,-0.14014708105138732,0.03379694135757737
1,-1.8698671635979942,12.184925189509107,2021-S1,seche,2021-01-01,2021-06-30,-0.04330581444274088,-0.011984494557984936
1,-1.924281170534282,12.414088406434953,2021-S1,seche,2021-01-01,2021-06-30,-0.1789686552072801,0.09560723514211886
1,-1.9252393735943116,12.413329828574723,2021-S1,seche,2021-01-01,2021-06-30,-0.1641550166001207,0.08559173141797523
1,-1.9264371271229912,12.413010428342506,2021-S1,seche,2021-01-01,2021-06-30,-0.12837285363859363,0.05236400610066091
1,-1.9267964530243678,12.41283076390253,2021-S1,seche,2021-01-01,2021-06-30,-0.1692550671229271,0.09543773119605425
1,-1.9574161711294407,12.43118206230244,2021-S1,seche,2021-01-01,2021-06-30,-0.19386891718633528,0.09833240914170728
1,-1.9527535454071137,12.409078517839543,2021-S1,seche,2021-01-01,2021-06-30,0.025531832727461342,-0.04001774058113563
1,-1.0893869452076947,12.49781139062258,2021-S1,seche,2021-01-01,2021-06-30,0.5494645126157197,-0.4918099918099918
1,-1.0895666084806583,12.498350379815955,2021-S1,seche,2021-01-01,2021-06-30,0.5483987696761353,-0.4839776721108125
1,-1.0895666104047883,12.498709705913637,2021-S1,seche,2021-01-01,2021-06-30,0.5468354430379747,-0.4854209445585216
1,-1.0906445865882128,12.514160729344816,2021-S1,seche,2021-01-01,2021-06-30,0.5477409949895661,-0.4874322745495136
1,-1.0920818892211193,12.51487937995568,2021-S1,seche,2021-01-01,2021-06-30,0.5523149835946044,-0.4921422663358147
1,-1.0924412167853803,12.51469971721013,2021-S1,seche,2021-01-01,2021-06-30,0.5481278538812785,-0.48968646864686466
1,-1.092800543994178,12.498530041793588,2021-S1,seche,2021-01-01,2021-06-30,0.5493827160493827,-0.49614291514413317
1,-1.0932497004775314,12.498260547784568,2021-S1,seche,2021-01-01,2021-06-30,0.5508278510317474,-0.4952575525130046
1,-1.093249701278998,12.514520054447027,2021-S1,seche,2021-01-01,2021-06-30,0.5427110435602863,-0.48384398614190155
1,-1.0936988594280612,12.499069033244146,2021-S1,seche,2021-01-01,2021-06-30,0.5443313953488372,-0.49241044323011535
1,-1.0939683527042396,12.498530041447275,2021-S1,seche,2021-01-01,2021-06-30,0.5472525121521457,-0.4946076567763438
1,-1.09423784837424,12.498979200053313,2021-S1,seche,2021-01-01,2021-06-30,0.5438834969439398,-0.49144373223080984
1,-1.0963576928209677,12.517395427749618,2021-S1,seche,2021-01-01,2021-06-30,0.539645048168177,-0.487001384552474
1,-1.0945073421451468,12.497631726485157,2021-S1,seche,2021-01-01,2021-06-30,0.5514237053102355,-0.501525262280814
1,-1.0946870048543371,12.498709707427455,2021-S1,seche,2021-01-01,2021-06-30,0.5436517737458176,-0.4880901723852088
1,-1.094956499093331,12.498332412799954,2021-S1,seche,2021-01-01,2021-06-30,0.5461890990564842,-0.49492640734520704
1,-1.0958548143130395,12.498350379484027,2021-S1,seche,2021-01-01,2021-06-30,0.5478197141810187,-0.5008090614886731
1,-1.0958548146838514,12.500236841525476,2021-S1,seche,2021-01-01,2021-06-30,0.5467994197662382,-0.4954415850736933
1,-1.0960344803348354,12.499697852670268,2021-S1,seche,2021-01-01,2021-06-30,0.5418277025070928,-0.49495456932186144
1,-1.0962141404453765,12.49547577035815,2021-S1,seche,2021-01-01,2021-06-30,0.5254667391698387,-0.49036402569593146
1,-1.0963938053020117,12.498350379392555,2021-S1,seche,2021-01-01,2021-06-30,0.5480102227090179,-0.4997979797979798
1,-1.0965734660943165,12.500147010106229,2021-S1,seche,2021-01-01,2021-06-30,0.5472727272727272,-0.4951338199513382
1,-1.0991486381340976,12.502841955761046,2021-S1,seche,2021-01-01,2021-06-30,0.5399208639614006,-0.49585773113051296
1,-1.0998074007463547,12.503380946683674,2021-S1,seche,2021-01-01,2021-06-30,0.5435413642960812,-0.5005954743946011
1,-1.0998074010361238,12.513082750079075,2021-S1,seche,2021-01-01,2021-06-30,0.5375022923161562,-0.47326649958228906
1,-1.1002565595377012,12.503380946237963,2021-S1,seche,2021-01-01,2021-06-30,0.5418756100023558,-0.5025583818494912
1,-1.1005260545280409,12.50374027299595,2021-S1,seche,2021-01-01,2021-06-30,0.5460992907801419,-0.5061337554412346
1,-1.1008853798572762,12.503740273351871,2021-S1,seche,2021-01-01,2021-06-30,0.5416287119693933,-0.4930485593391094
1,-1.1010650443927588,12.504369091771991,2021-S1,seche,2021-01-01,2021-06-30,0.5384474173750822,-0.4976654083051858
1,-1.1009752122212941,12.513711569397547,2021-S1,seche,2021-01-01,2021-06-30,0.542208799586515,-0.4829428573600575
1,-1.1016040336854052,12.513981065127128,2021-S1,seche,2021-01-01,2021-06-30,0.5422993492407809,-0.4834761321909425
1,-1.1021430211700762,12.503380946591323,2021-S1,seche,2021-01-01,2021-06-30,0.5470802919708029,-0.5025055121266787
1,-1.1021430205319593,12.514430222424926,2021-S1,seche,2021-01-01,2021-06-30,0.5451565914056811,-0.4890572965302113
1,-1.1023226867966573,12.503740272604137,2021-S1,seche,2021-01-01,2021-06-30,0.5469291051576454,-0.5065502183406113
1,-1.102622123626895,12.518532529173344,2021-S1,seche,2021-01-01,2021-06-30,0.4879270992195597,-0.45868831511012714
1,-1.1028616734371246,12.514699717816582,2021-S1,seche,2021-01-01,2021-06-30,0.5403050108932462,-0.48827809215844786
1,-1.1028616739963106,12.515059044400559,2021-S1,seche,2021-01-01,2021-06-30,0.5426300578034682,-0.4970202622169249
1,-1.1028616737511001,12.518113316760193,2021-S1,seche,2021-01-01,2021-06-30,0.5195936139332366,-0.4836193447737909
1,-1.1030413374828691,12.517394662918877,2021-S1,seche,2021-01-01,2021-06-30,0.5301424917793204,-0.48947995236204844
1,-1.1032209998327969,12.515418370276732,2021-S1,seche,2021-01-01,2021-06-30,0.5353535353535354,-0.4896988906497623
1,-1.1032209996190725,12.518113314934942,2021-S1,seche,2021-01-01,2021-06-30,0.5066332018644676,-0.4697495183044316
1,-1.1034006637076832,12.515059045271926,2021-S1,seche,2021-01-01,2021-06-30,0.5348501263994222,-0.4888888888888889
1,-1.1035803261023416,12.514699717815319,2021-S1,seche,2021-01-01,2021-06-30,0.5364620938628158,-0.48246674727932287
1,-1.1034904943463397,12.516047190153204,2021-S1,seche,2021-01-01,2021-06-30,0.5377194840297012,-0.48995746114400207
1,-1.1035803261074164,12.51703533887873,2021-S1,seche,2021-01-01,2021-06-30,0.5320232896652111,-0.4862165401518178
1,-1.1035803252496819,12.517574328158043,2021-S1,seche,2021-01-01,2021-06-30,0.5357142857142857,-0.4948453608247423
1,-1.1037599896132624,12.504548754451516,2021-S1,seche,2021-01-01,2021-06-30,0.5411298285353661,-0.5018069135878871
1,-1.1037599906766489,12.515328538765413,2021-S1,seche,2021-01-01,2021-06-30,0.5349592965184977,-0.48219680108001184
1,-1.103849820483322,12.514430223365762,2021-S1,seche,2021-01-01,2021-06-30,0.5412047522917562,-0.4909170771857339
1,-1.1039396519632354,12.51487938127791,2021-S1,seche,2021-01-01,2021-06-30,0.5411849710982659,-0.4820554649265905
1,-1.1039396525735576,12.515777695019235,2021-S1,seche,2021-01-01,2021-06-30,0.539906103286385,-0.4920255183413078
1,-1.1039396516470685,12.516137022164662,2021-S1,seche,2021-01-01,2021-06-30,0.5339105339105339,-0.4832
1,-1.1041193169657633,12.50427926010907,2021-S1,seche,2021-01-01,2021-06-30,0.5397058823529411,-0.5025824394119984
1,-1.104119315447323,12.514160728586157,2021-S1,seche,2021-01-01,2021-06-30,0.5409239723535831,-0.4894822006472492
1,-1.1042091480205662,12.517574327853705,2021-S1,seche,2021-01-01,2021-06-30,0.524298598807239,-0.48152449350424603
1,-1.1042989790872302,12.514609885387914,2021-S1,seche,2021-01-01,2021-06-30,0.5364617727927867,-0.47995164010262537
1,-1.1042989797031955,12.516496347957293,2021-S1,seche,2021-01-01,2021-06-30,0.5289881166726683,-0.48023047883965825
1,-1.104298978605195,12.5179336531783,2021-S1,seche,2021-01-01,2021-06-30,0.5177482968806024,-0.4803940506084605
1,-1.1059236480753278,12.515424786179036,2021-S1,seche,2021-01-01,2021-06-30,0.5233347147796897,-0.4755585110222906
1,-1.095280409537973,12.496628139369712,2021-S1,seche,2021-01-01,2021-06-30,0.5491917403352896,-0.5039377003219034
1,-1.1051972962768135,12.517574327702842,2021-S1,seche,2021-01-01,2021-06-30,0.518055058991777,-0.4732317311449785
1,-1.106010505718174,12.516997513616506,2021-S1,seche,2021-01-01,2021-06-30,0.5173847578464605,-0.47314938695043063
1,-1.1064549356905609,12.513801402377322,2021-S1,seche,2021-01-01,2021-06-30,0.5189325640100974,-0.47168316831683166
1,-1.106814262901016,12.513621737503053,2021-S1,seche,2021-01-01,2021-06-30,0.5160940325497287,-0.47198105761641673
1,-1.1068142616905745,12.51649634930329,2021-S1,seche,2021-01-01,2021-06-30,0.5156983038614219,-0.4726915520628684
1,-1.1068142627743742,12.51685567567926,2021-S1,seche,2021-01-01,2021-06-30,0.5132007233273056,-0.4713275726630008
1,-1.1078922412586596,12.517753988595498,2021-S1,seche,2021-01-01,2021-06-30,0.5117881755531375,-0.47442405310425617
1,-1.108071900765771,12.501045326063812,2021-S1,seche,2021-01-01,2021-06-30,0.3933463796477495,-0.36799184505606525
1,-1.1081617333864677,12.514699716605818,2021-S1,seche,2021-01-01,2021-06-30,0.5227916259767558,-0.4766010110145369
1,-1.1080719013292648,12.515328538456114,2021-S1,seche,2021-01-01,2021-06-30,0.5202189709025151,-0.47583114554023775
1,-1.1080719002591,12.51739466309925,2021-S1,seche,2021-01-01,2021-06-30,0.5166119021540708,-0.47935509241053875
1,-1.108251566097525,12.51667600959774,2021-S1,seche,2021-01-01,2021-06-30,0.517948717948718,-0.4788118811881188
1,-1.1082515666164532,12.518203147722478,2021-S1,seche,2021-01-01,2021-06-30,0.5128863483905204,-0.4803966384672297
1,-1.1084312304566974,12.515418371069018,2021-S1,seche,2021-01-01,2021-06-30,0.5197392249185078,-0.4696
1,-1.1084312305428043,12.515777695213409,2021-S1,seche,2021-01-01,2021-06-30,0.5231836436655714,-0.48440584287406235
1,-1.1084312296328238,12.516137022877356,2021-S1,seche,2021-01-01,2021-06-30,0.5239138371668492,-0.4851954204500592
1,-1.10861089122747,12.512723425160068,2021-S1,seche,2021-01-01,2021-06-30,0.519796585543044,-0.4730968513351933
1,-1.1087905544633379,12.515687863624693,2021-S1,seche,2021-01-01,2021-06-30,0.5212357075790416,-0.4790749106707173
1,-1.108970218157029,12.514879381206558,2021-S1,seche,2021-01-01,2021-06-30,0.5252377468910022,-0.48224970083765456
1,-1.1179533710136813,12.52278455443077,2021-S1,seche,2021-01-01,2021-06-30,0.4731774415405777,-0.42913923736181836
1,-1.1197500003935472,12.52943208803823,2021-S1,seche,2021-01-01,2021-06-30,0.38300653594771245,-0.36010845619386544
1,-1.120468653000286,12.524581185112357,2021-S1,seche,2021-01-01,2021-06-30,0.46627515329475777,-0.42183553185517825
1,-1.1240619148420394,12.522245567456483,2021-S1,seche,2021-01-01,2021-06-30,0.36027515047291486,-0.30493273542600896
1,-1.1215609964186508,12.525057731272959,2021-S1,seche,2021-01-01,2021-06-30,0.42477328972887657,-0.3776255397443697
1,-1.1386357594366283,12.488289248779006,2021-S1,seche,2021-01-01,2021-06-30,-0.010757158893993186,0.005371123944071762
1,-1.1613298957352787,12.48086190010015,2021-S1,seche,2021-01-01,2021-06-30,-0.18366761047190622,0.09271620892933288
1,-1.2103324895168066,12.615976884281514,2021-S1,seche,2021-01-01,2021-06-30,-0.212868678026262,0.0941613105172372
1,-1.2118273183660517,12.615041534916074,2021-S1,seche,2021-01-01,2021-06-30,-0.20893930181475578,0.0843420925977093
1,-1.2196893270491231,12.158789535730673,2021-S1,seche,2021-01-01,2021-06-30,-0.036486374124214765,-0.0022255383354941923
1,-1.2206308081089667,12.159505853088383,2021-S1,seche,2021-01-01,2021-06-30,-0.0526139618699675,0.012132513783183413
1,-1.2341953679479958,12.09159321812497,2021-S1,seche,2021-01-01,2021-06-30,-0.1321813616895584,0.056941955053081486
1,-1.234609591679788,12.092476562029656,2021-S1,seche,2021-01-01,2021-06-30,-0.134931509073428,0.05923386090024972
1,-1.2414455213321771,12.37754287809319,2021-S1,seche,2021-01-01,2021-06-30,-0.2681392083313024,0.1525644048721821
1,-1.2492870649586534,12.1983130753877,2021-S1,seche,2021-01-01,2021-06-30,-0.12247797669792555,0.00906884659598927
1,-1.2796501214630207,12.604231807470335,2021-S1,seche,2021-01-01,2021-06-30,-0.08770748348754781,-0.024311940707056074
1,-1.2807150002249736,12.041391387434029,2021-S1,seche,2021-01-01,2021-06-30,0.058573889536853205,-0.06222983198717322
1,-1.2873756333267863,12.465472043420156,2021-S1,seche,2021-01-01,2021-06-30,-0.3926362297496318,0.21981424148606812
1,-1.2888129395814194,12.221309948380593,2021-S1,seche,2021-01-01,2021-06-30,0.055298804780876495,-0.07764120118251128
1,-1.3016588471656783,12.549374688840551,2021-S1,seche,2021-01-01,2021-06-30,0.03264198012894686,0.013111919466715043
1,-1.3028266571163172,12.214123423624384,2021-S1,seche,2021-01-01,2021-06-30,-0.20281528296466533,0.2513448894202032
1,-1.303814803771417,12.499787684003998,2021-S1,seche,2021-01-01,2021-06-30,-0.06884701926386876,0.009815382796484803
1,-1.3084717424454617,12.216729762131786,2021-S1,seche,2021-01-01,2021-06-30,0.16820511587730835,-0.1741803500707453
1,-1.3060889598869156,12.703667429331244,2021-S1,seche,2021-01-01,2021-06-30,-0.030995363914265852,0.006685394096415848
1,-1.313833619642546,12.468643611568409,2021-S1,seche,2021-01-01,2021-06-30,-0.13829255040521643,0.062407120308919685
1,-1.3138759342606068,12.147737924169673,2021-S1,seche,2021-01-01,2021-06-30,-0.10267926016466515,0.04167357365304562
1,-1.3144149239768896,12.148097249765083,2021-S1,seche,2021-01-01,2021-06-30,-0.14083649263589898,0.05828843911134446
1,-1.3148640825319333,12.148187084446008,2021-S1,seche,2021-01-01,2021-06-30,-0.17635969459892545,0.07558390071533225
1,-1.3170200378211259,12.497601783571465,2021-S1,seche,2021-01-01,2021-06-30,-0.0839395757975494,0.04404098308257903
1,-1.317618913884142,12.497751502996891,2021-S1,seche,2021-01-01,2021-06-30,-0.18867438529112668,0.08920629414983787
1,-1.3182776817067314,12.68025922393991,2021-S1,seche,2021-01-01,2021-06-30,0.1962100799276893,-0.19261420002558893
1,-1.3225895933451584,12.21753702304723,2021-S1,seche,2021-01-01,2021-06-30,-0.18447412353923207,0.1884422110552764
1,-1.324952006267278,12.128750376398449,2021-S1,seche,2021-01-01,2021-06-30,-0.06675456862587544,-0.03823661076113137
1,-1.325913359700944,12.215470897267124,2021-S1,seche,2021-01-01,2021-06-30,0.04271500592616739,-0.061085431904809084
1,-1.3263625174361169,12.214183311584243,2021-S1,seche,2021-01-01,2021-06-30,-0.10701832252280596,0.09551059565354432
1,-1.3270811693174764,12.214303087525236,2021-S1,seche,2021-01-01,2021-06-30,0.030003297065611605,-0.07382339052416181
1,-1.330427257358201,12.30442158912369,2021-S1,seche,2021-01-01,2021-06-30,-0.08585107922817144,0.013277562742040004
1,-1.3289534446095812,12.213719970542659,2021-S1,seche,2021-01-01,2021-06-30,0.006311601761859073,-0.04749696219222008
1,-1.3308540960792719,12.214303086757297,2021-S1,seche,2021-01-01,2021-06-30,-0.0021378062818615358,-0.04317789291882556
1,-1.3319096136287643,12.214752243383332,2021-S1,seche,2021-01-01,2021-06-30,-0.03987301581445691,0.01763308336179911
1,-1.333266711895698,12.215509395610864,2021-S1,seche,2021-01-01,2021-06-30,-0.01616267007703776,-0.008780533158531998
1,-1.3358726006192112,12.211244785734536,2021-S1,seche,2021-01-01,2021-06-30,0.028139590070482248,-0.06732346298547401
1,-1.3365134800821359,12.214572581273057,2021-S1,seche,2021-01-01,2021-06-30,0.03695917782810233,-0.05160197817793828
1,-1.3369738665919548,12.211883249265332,2021-S1,seche,2021-01-01,2021-06-30,0.06096547055464529,-0.09036651451835953
1,-1.3454336974514631,12.174799587809728,2021-S1,seche,2021-01-01,2021-06-30,0.10340139695316906,-0.1826343150466045
1,-1.3482814105393934,12.165794061664478,2021-S1,seche,2021-01-01,2021-06-30,-0.1268323773103888,0.02980293175419862
1,-1.3497187132739115,12.231550740935702,2021-S1,seche,2021-01-01,2021-06-30,-0.08256697321071571,-0.030612244897959183
1,-1.3498983785789076,12.17441788804624,2021-S1,seche,2021-01-01,2021-06-30,-0.06720202874049028,-0.0372700409875131
1,-1.350048096559662,12.203044201621797,2021-S1,seche,2021-01-01,2021-06-30,0.22906184470126548,-0.21657172646820633
1,-1.3500780388244469,12.225981185575915,2021-S1,seche,2021-01-01,2021-06-30,0.0852945177526867,-0.08591625883632409
1,-1.3540306281804682,12.234515179683983,2021-S1,seche,2021-01-01,2021-06-30,0.024182438328832073,-0.10257954246161058
1,-1.3547819458569748,12.234278352793691,2021-S1,seche,2021-01-01,2021-06-30,0.047666548987113026,-0.1307843589092739
1,-1.3556475934505552,12.234425348154884,2021-S1,seche,2021-01-01,2021-06-30,-0.007612308352096065,-0.080880195599022
1,-1.3529860033966528,12.229347793867317,2021-S1,seche,2021-01-01,2021-06-30,0.15086812998954857,-0.22559022969301026
1,-1.3646864480701957,12.115326702282157,2021-S1,seche,2021-01-01,2021-06-30,0.053573745618980845,-0.0698045748119824
1,-1.364532923547198,12.20261709020805,2021-S1,seche,2021-01-01,2021-06-30,0.12365628707878111,-0.13945524957754593
1,-1.3705799956915958,12.35096558704872,2021-S1,seche,2021-01-01,2021-06-30,-0.330029342041622,0.17661866240482046
1,-1.3706494608991107,12.34958936707333,2021-S1,seche,2021-01-01,2021-06-30,-0.21698234973275837,0.07979604841647664
1,-1.371547776034114,12.454347902623212,2021-S1,seche,2021-01-01,2021-06-30,-0.18207325892929052,0.08644556240781337
1,-1.3721765958674053,12.451368490796588,2021-S1,seche,2021-01-01,2021-06-30,-0.14298954234306543,0.026393515305832366
1,-1.3726000886194365,12.453550112714531,2021-S1,seche,2021-01-01,2021-06-30,-0.1266093145682518,0.013667970000859495
1,-1.3746132772254935,12.202366722839749,2021-S1,seche,2021-01-01,2021-06-30,0.08363734610412257,-0.1163036219270293
1,-1.3764779419260083,12.198883768472028,2021-S1,seche,2021-01-01,2021-06-30,0.047995287451318494,-0.09079457512293557
1,-1.3767580044633536,12.203792797692197,2021-S1,seche,2021-01-01,2021-06-30,0.07169475247956163,-0.11128338942764342
1,-1.3772071623249367,12.198672400058843,2021-S1,seche,2021-01-01,2021-06-30,0.013174404015056462,-0.08253135024788569
1,-1.377397394078151,12.264365668785146,2021-S1,seche,2021-01-01,2021-06-30,-0.19291516022260255,0.06096221770512569
1,-1.3791834552758606,12.203433471277906,2021-S1,seche,2021-01-01,2021-06-30,0.04117208277089378,-0.08976230044020019
1,-1.3795427835725196,12.198672399278271,2021-S1,seche,2021-01-01,2021-06-30,0.11346801346801347,-0.1424849373066276
1,-1.3801536360430906,12.198528669985443,2021-S1,seche,2021-01-01,2021-06-30,0.0763436023789473,-0.11838815243818021
1,-1.3808280637971555,12.427742798259349,2021-S1,seche,2021-01-01,2021-06-30,-0.09523341647976527,-0.053014653045980645
1,-1.3823275578301146,12.561232447564509,2021-S1,seche,2021-01-01,2021-06-30,-0.1944048490677972,0.1231524010501369
1,-1.3847729724802345,12.299962439940083,2021-S1,seche,2021-01-01,2021-06-30,-0.09672688386543306,0.014233202176659984
1,-1.3850282541937478,12.560961704670929,2021-S1,seche,2021-01-01,2021-06-30,-0.14111079303997665,0.0940740081873868
1,-1.3899632396049124,12.199930039776644,2021-S1,seche,2021-01-01,2021-06-30,-0.06410086264100863,0.008934189002139171
1,-1.397965032483559,12.237732922599442,2021-S1,seche,2021-01-01,2021-06-30,0.005104380362753815,-0.03480998497190524
1,-1.4101116979574666,12.190760958938702,2021-S1,seche,2021-01-01,2021-06-30,-0.14684107425093143,0.052564973445581205
1,-1.4099399398632793,12.341904826764333,2021-S1,seche,2021-01-01,2021-06-30,-0.046885609056864744,-0.03778043039137309
1,-1.4095465108357597,12.349230040199194,2021-S1,seche,2021-01-01,2021-06-30,-0.16464676322790422,0.08719646799116998
1,-1.4098160075983093,12.347074084499434,2021-S1,seche,2021-01-01,2021-06-30,-0.25359621158632695,0.15007910754262613
1,-1.4097261760968784,12.348152064100828,2021-S1,seche,2021-01-01,2021-06-30,-0.10158915805143227,-0.04570342433223929
1,-1.4104448274375758,12.48810958695964,2021-S1,seche,2021-01-01,2021-06-30,-0.1111908406684526,0.0414748130650084
1,-1.420698454173851,12.14396787804479,2021-S1,seche,2021-01-01,2021-06-30,-0.0533441246023211,-0.019790780968102405
1,-1.417945760740103,12.363625544476815,2021-S1,seche,2021-01-01,2021-06-30,-0.03732263139137368,-0.06869368424249722
1,-1.4190686533935948,12.333868851434588,2021-S1,seche,2021-01-01,2021-06-30,-0.2099904413387494,0.07828135695185583
1,-1.4201466337054363,12.542457659522194,2021-S1,seche,2021-01-01,2021-06-30,0.008103350066826661,-0.05872400296234638
1,-1.420416127228511,12.5419186706758,2021-S1,seche,2021-01-01,2021-06-30,-7.202072880038973e-05,-0.022054958320316218
1,-1.4219294429654286,12.553382555881402,2021-S1,seche,2021-01-01,2021-06-30,-0.13513257953893676,0.042382732643816604
1,-1.4233805673252715,12.553506938553332,2021-S1,seche,2021-01-01,2021-06-30,-0.1582938946136745,0.05823302370288766
1,-1.4258958498024958,12.492780824373298,2021-S1,seche,2021-01-01,2021-06-30,-0.10436542353281295,0.11826697892271663
1,-1.4264348400531548,12.13686831008752,2021-S1,seche,2021-01-01,2021-06-30,-0.1771053248885761,0.07153534059363656
1,-1.4307513606823155,11.927813296887518,2021-S1,seche,2021-01-01,2021-06-30,0.008969142058223663,-0.046926425963603316
1,-1.4298484372531857,11.930435456924553,2021-S1,seche,2021-01-01,2021-06-30,-0.06272727272727273,0.00964445084209011
1,-1.4464572890126965,12.286674027787484,2021-S1,seche,2021-01-01,2021-06-30,-0.22365850065370518,0.06593944944318371
1,-1.446816615116256,12.28552950667812,2021-S1,seche,2021-01-01,2021-06-30,-0.20013045294896573,0.06242267755989951
1,-1.4491894132807135,12.341382979819702,2021-S1,seche,2021-01-01,2021-06-30,0.10823456281825147,-0.11749807044095562
1,-1.4510486786023025,12.340246889250967,2021-S1,seche,2021-01-01,2021-06-30,-0.49823855057876193,0.48924462231115556
1,-1.4551552624717126,12.361190468903875,2021-S1,seche,2021-01-01,2021-06-30,-0.04082988571887373,0.08630160295189716
1,-1.4623724145377863,12.49057245736515,2021-S1,seche,2021-01-01,2021-06-30,0.07925301430624668,-0.10274220646415937
1,-1.4595826740480848,12.347613074056799,2021-S1,seche,2021-01-01,2021-06-30,-0.20256987722761444,0.061741657258139154
1,-1.4602564097199249,12.34783765467525,2021-S1,seche,2021-01-01,2021-06-30,-0.3068547646326149,0.14386880448747863
1,-1.4681166703045636,12.565364700379531,2021-S1,seche,2021-01-01,2021-06-30,-0.02712160979877515,-0.02220988339811216
1,-1.4685358817847824,12.564885600027019,2021-S1,seche,2021-01-01,2021-06-30,0.061818022378420656,-0.09950318853429586
1,-1.471679986422922,12.486178207427828,2021-S1,seche,2021-01-01,2021-06-30,-0.12663703759650916,0.053135941952764054
1,-1.471170941185348,12.565185035243374,2021-S1,seche,2021-01-01,2021-06-30,0.07038907038907039,-0.10186513629842181
1,-1.4254187036112496,12.518784094277537,2021-S1,seche,2021-01-01,2021-06-30,0.30259260604660937,-0.24519077558620334
1,-1.4739736839181385,12.566119284610675,2021-S1,seche,2021-01-01,2021-06-30,0.04405516524103167,-0.09054256248365297
1,-1.4738658883512348,12.5486560351543,2021-S1,seche,2021-01-01,2021-06-30,-0.003612114476243401,-0.04797047970479705
1,-1.475220454909838,12.546514259769259,2021-S1,seche,2021-01-01,2021-06-30,-0.14093345341703922,0.07840032767169784
1,-1.474898948411452,12.483528177059092,2021-S1,seche,2021-01-01,2021-06-30,-0.17612057615948065,0.10000218005529367
1,-1.4749438637923116,12.569856275096445,2021-S1,seche,2021-01-01,2021-06-30,-0.009154550350026925,-0.05852800803818136
1,-1.4762015067640806,12.581354711764483,2021-S1,seche,2021-01-01,2021-06-30,0.06985341091386893,-0.13208152379458424
1,-1.4763811700827258,12.57021560311502,2021-S1,seche,2021-01-01,2021-06-30,0.0007985094490284802,-0.05820371299548419
1,-1.4783574622242224,12.542906818312838,2021-S1,seche,2021-01-01,2021-06-30,-0.20405756074545883,0.11174036157699847
1,-1.4793327749251348,11.977096518588079,2021-S1,seche,2021-01-01,2021-06-30,0.1893916204637302,-0.2337210573950916
1,-1.479255776519362,12.712149416946174,2021-S1,seche,2021-01-01,2021-06-30,-0.19705400981996726,0.08323459715639811
1,-1.484376176764232,12.570574928564351,2021-S1,seche,2021-01-01,2021-06-30,-0.09281329941872518,0.027121972937483446
1,-1.4848253330413888,12.57075459179979,2021-S1,seche,2021-01-01,2021-06-30,-0.12984822934232715,0.045474810521622826
1,-1.4853643223053865,12.570934254546582,2021-S1,seche,2021-01-01,2021-06-30,-0.18959858621560213,0.11764705882352941
1,-1.487879604745963,12.575785157677922,2021-S1,seche,2021-01-01,2021-06-30,-0.202478249406802,0.07748641625324829
1,-1.4885084261166284,12.574886844066391,2021-S1,seche,2021-01-01,2021-06-30,-0.2266288447091196,0.11784995550855565
1,-1.4889396167092006,12.57704279851742,2021-S1,seche,2021-01-01,2021-06-30,-0.1377242505740855,0.037917001065587166
1,-1.4918321919982551,12.57919875484738,2021-S1,seche,2021-01-01,2021-06-30,-0.1215017850973166,0.04890133563119345
1,-1.5085368074942722,12.38874396784709,2021-S1,seche,2021-01-01,2021-06-30,0.21298844074460488,-0.1738078840458303
1,-1.507103554931892,12.666065842639435,2021-S1,seche,2021-01-01,2021-06-30,-0.1345014992258772,0.018415793510955635
1,-1.5153740997594933,12.521957999961261,2021-S1,seche,2021-01-01,2021-06-30,-0.10662231237452517,0.010904966520722068
1,-1.5181977469098744,12.447281154794904,2021-S1,seche,2021-01-01,2021-06-30,0.10236129191771536,-0.06078641600684087
1,-1.519707306497211,12.388326285256667,2021-S1,seche,2021-01-01,2021-06-30,0.007818870898444304,0.0737924632137904
1,-1.5209376055970687,12.389115238934696,2021-S1,seche,2021-01-01,2021-06-30,-0.01160092807424594,0.09915966386554621
1,-1.5274009152534131,12.130118163110193,2021-S1,seche,2021-01-01,2021-06-30,-0.12445040888360664,0.039637309585044946
1,-1.5257885084311604,12.51919129256521,2021-S1,seche,2021-01-01,2021-06-30,-0.29567131327953045,0.19485791610284167
1,-1.5283037928784926,12.519191293423978,2021-S1,seche,2021-01-01,2021-06-30,-0.329455560725919,0.21162001696352842
1,-1.5284834546651525,12.518831969545094,2021-S1,seche,2021-01-01,2021-06-30,-0.2575682382133995,0.16854968872492507
1,-1.5289326134561367,12.519011630369413,2021-S1,seche,2021-01-01,2021-06-30,-0.20558733358885783,0.12329067952003811
1,-1.539083575855333,12.238916924510978,2021-S1,seche,2021-01-01,2021-06-30,-0.20806890299184044,0.10903037869330004
1,-1.5405208821816359,12.3883965900636,2021-S1,seche,2021-01-01,2021-06-30,-0.06710430342815463,0.12322456813819578
1,-1.5412681163460846,12.23878285839742,2021-S1,seche,2021-01-01,2021-06-30,-0.19603087648946807,0.07248244467480242
1,-1.5421378471830092,12.456848214010778,2021-S1,seche,2021-01-01,2021-06-30,-0.08444444444444445,-0.033550792171481825
1,-1.5424971740257973,12.24053389407346,2021-S1,seche,2021-01-01,2021-06-30,-0.2136017197576705,0.06554564172958133
1,-1.5429463313357183,12.23550332864735,2021-S1,seche,2021-01-01,2021-06-30,-0.21606042536275094,0.08475177304964539
1,-1.5435751523205326,12.457566864611627,2021-S1,seche,2021-01-01,2021-06-30,-0.1338962605548854,0.045373665480427046
1,-1.544293805413647,12.239575689545141,2021-S1,seche,2021-01-01,2021-06-30,-0.21733325222729719,0.0747432678031783
1,-1.544186007072802,12.238162340709483,2021-S1,seche,2021-01-01,2021-06-30,-0.2562866516990722,0.12651726517021628
1,-1.5453717831795648,12.238737262691565,2021-S1,seche,2021-01-01,2021-06-30,-0.26913265306122447,0.12471740768651093
1,-1.545281951721977,12.23963557686459,2021-S1,seche,2021-01-01,2021-06-30,-0.20157604729639553,0.061560098871307256
1,-1.5456412782989946,12.240174565362766,2021-S1,seche,2021-01-01,2021-06-30,-0.209908596421528,0.055086591152989424
1,-1.5459107728693788,12.30516767568426,2021-S1,seche,2021-01-01,2021-06-30,-0.02458529966402219,-0.04081101300480308
1,-1.5462700981295372,12.238916926152061,2021-S1,seche,2021-01-01,2021-06-30,-0.2537313432835821,0.11978971085242208
1,-1.557658315483124,12.456478155249107,2021-S1,seche,2021-01-01,2021-06-30,-0.06076887038167914,0.005340732581261907
1,-1.5550735885469105,12.5941107892781,2021-S1,seche,2021-01-01,2021-06-30,-0.0916297505245978,0.004577313689028751
1,-1.5559719035223951,12.59590741764168,2021-S1,seche,2021-01-01,2021-06-30,0.08278192970305742,-0.1822919006069178
1,-1.5659432028318885,12.563927395017513,2021-S1,seche,2021-01-01,2021-06-30,-0.018093919344875392,-0.0236763862170961
1,-1.5670660978973232,11.949255162622778,2021-S1,seche,2021-01-01,2021-06-30,-0.04266521143275141,-0.018919173023993947
1,-1.5754091442152318,11.945697819854946,2021-S1,seche,2021-01-01,2021-06-30,0.032510593072502134,-0.05357404475764122
1,-1.57897508273028,12.022583243962313,2021-S1,seche,2021-01-01,2021-06-30,-0.23695553947605638,0.13330175229559013
1,-1.5884820808238356,12.337310429027932,2021-S1,seche,2021-01-01,2021-06-30,-0.027589405598288725,-0.03836434169668301
1,-1.5911858611684235,12.334138344391397,2021-S1,seche,2021-01-01,2021-06-30,-0.14421364985163204,0.040474905558553695
1,-1.591329593186693,12.336536847379895,2021-S1,seche,2021-01-01,2021-06-30,-0.015580691673696476,-0.037789491961786555
1,-1.5914681900036534,12.335087992434351,2021-S1,seche,2021-01-01,2021-06-30,-0.1189461565866042,0.05218983745597434
1,-1.592084178279386,12.33530615520687,2021-S1,seche,2021-01-01,2021-06-30,-0.1386149241438484,0.07522088125433303
1,-1.5928028300233403,12.335276211547422,2021-S1,seche,2021-01-01,2021-06-30,-0.1423818147547904,0.09697534955428048
1,-1.5933717633290527,12.33569542472046,2021-S1,seche,2021-01-01,2021-06-30,-0.045341367353316654,0.011239784216539414
1,-1.5989113740984224,12.316082208512587,2021-S1,seche,2021-01-01,2021-06-30,-0.2608862038236211,0.056829283875804076
1,-1.5939212287328515,12.514084660586787,2021-S1,seche,2021-01-01,2021-06-30,-0.08157847581329755,0.008090670499367205
1,-1.6010544970779639,12.51600869080926,2021-S1,seche,2021-01-01,2021-06-30,-0.17860025349985173,0.08845291373887806
1,-1.6120784629917067,12.648809476806688,2021-S1,seche,2021-01-01,2021-06-30,-0.010511195531860897,-0.0039795579074780995
1,-1.620920098318496,12.650345325940211,2021-S1,seche,2021-01-01,2021-06-30,-0.12072969682702467,0.053419181322317516
1,-1.6212875916458782,12.416211696078102,2021-S1,seche,2021-01-01,2021-06-30,0.09174314921355396,-0.09191637878170407
1,-1.6459157215828049,12.09159321840699,2021-S1,seche,2021-01-01,2021-06-30,-0.4100317428349234,0.331163101647348
1,-1.646162759408768,12.090874565625224,2021-S1,seche,2021-01-01,2021-06-30,-0.39224526600541026,0.37407297537822604
1,-1.6469013729828939,12.091094155679853,2021-S1,seche,2021-01-01,2021-06-30,-0.41275287422068696,0.31819832796510344
1,-1.6472407367992052,12.093569511679581,2021-S1,seche,2021-01-01,2021-06-30,-0.41345565749235474,0.31344131855640806
1,-1.6481390518979566,12.091353667969438,2021-S1,seche,2021-01-01,2021-06-30,-0.406860621103246,0.3293279122773362
1,-1.6488577051338096,12.091593218486347,2021-S1,seche,2021-01-01,2021-06-30,-0.4219504345027358,0.3207772795216741
1,-1.6489475348850475,12.093749176366034,2021-S1,seche,2021-01-01,2021-06-30,-0.4109618063928067,0.3324080657391564
1,-1.6501153446045227,12.091952544639804,2021-S1,seche,2021-01-01,2021-06-30,-0.3026992287917738,0.17677793904209
1,-1.6650273773944901,12.16148214821362,2021-S1,seche,2021-01-01,2021-06-30,-0.2740194788102132,0.21669180492709905
1,-1.6659256942473455,12.160494001174182,2021-S1,seche,2021-01-01,2021-06-30,-0.23705845423887084,0.1870903857916257
1,-1.666320407087737,12.161784307850136,2021-S1,seche,2021-01-01,2021-06-30,-0.0712973413222254,0.03683260208869973
1,-1.6698571437570802,12.340585078466125,2021-S1,seche,2021-01-01,2021-06-30,-0.18619179103130765,0.055689892591329275
1,-1.6769068871082216,12.18810536109011,2021-S1,seche,2021-01-01,2021-06-30,-0.06374925441169645,0.006647761691639259
1,-1.683832112694259,12.559313548611014,2021-S1,seche,2021-01-01,2021-06-30,0.07752385612300022,-0.08367072475326914
1,-1.6819138733864225,12.21286266101687,2021-S1,seche,2021-01-01,2021-06-30,-0.15736510209810592,0.08574374786928492
1,-1.684700484536466,12.216189548341957,2021-S1,seche,2021-01-01,2021-06-30,-0.05502082666480008,-0.0029050649544178587
1,-1.6851496400746389,12.2157403897817,2021-S1,seche,2021-01-01,2021-06-30,-0.22727272727272727,0.17065036131183992
1,-1.6910698955907535,12.141545295204413,2021-S1,seche,2021-01-01,2021-06-30,-0.1112364070177779,0.027715433544621894
1,-1.6924759014508317,12.144034868788497,2021-S1,seche,2021-01-01,2021-06-30,-0.1326216583187495,0.05467069089937528
1,-1.6993430224898687,12.303595625631964,2021-S1,seche,2021-01-01,2021-06-30,-0.10884718498659518,0.04093959731543624
1,-1.6999718423326842,12.303505793809078,2021-S1,seche,2021-01-01,2021-06-30,-0.11424963095979332,0.039395452219646646
1,-1.7172356197401732,12.325514518000164,2021-S1,seche,2021-01-01,2021-06-30,-0.0851693668878593,0.005860585878731701
1,-1.7185669701891277,12.326592497221142,2021-S1,seche,2021-01-01,2021-06-30,0.023232323232323233,-0.07175425965922726
1,-1.739990758891415,12.07410771440458,2021-S1,seche,2021-01-01,2021-06-30,-0.17596789005068664,0.07314622759529653
1,-1.8532157384520647,12.095082158888353,2021-S2,pluies,2021-07-01,2021-12-31,0.2536042921321233,-0.23386947718806994
1,-1.8698671635979942,12.184925189509107,2021-S2,pluies,2021-07-01,2021-12-31,0.2715056635318378,-0.17381128622896042
1,-1.924281170534282,12.414088406434953,2021-S2,pluies,2021-07-01,2021-12-31,0.18000812677773262,-0.09910714285714285
1,-1.9252393735943116,12.413329828574723,2021-S2,pluies,2021-07-01,2021-12-31,0.183550093382183,-0.09761370508180223
1,-1.9264371271229912,12.413010428342506,2021-S2,pluies,2021-07-01,2021-12-31,0.16869424168694241,-0.08848377056469542
1,-1.9267964530243678,12.41283076390253,2021-S2,pluies,2021-07-01,2021-12-31,0.1335711454617519,-0.0540891389009087
1,-1.9574161711294407,12.43118206230244,2021-S2,pluies,2021-07-01,2021-12-31,0.055152362178098616,0.04930755733684017
1,-1.952753545408458,12.40907851784621,2021-S2,pluies,2021-07-01,2021-12-31,0.2841608218583918,-0.1899746665780433
1,-1.0893869452076947,12.49781139062258,2021-S2,pluies,2021-07-01,2021-12-31,0.09367088607594937,-0.26066265601149324
1,-1.0895666084806583,12.498350379815955,2021-S2,pluies,2021-07-01,2021-12-31,0.0959902794653706,-0.261038374717833
1,-1.0895666104047883,12.498709705913637,2021-S2,pluies,2021-07-01,2021-12-31,0.09313887968180312,-0.25786618444846293
1,-1.0906445865882128,12.514160729344816,2021-S2,pluies,2021-07-01,2021-12-31,0.08751965788133483,-0.25322043142482936
1,-1.0920818892211193,12.51487937995568,2021-S2,pluies,2021-07-01,2021-12-31,0.09152394458383331,-0.25489845217858104
1,-1.0924412167853803,12.51469971721013,2021-S2,pluies,2021-07-01,2021-12-31,0.0913057706992473,-0.2555853440571939
1,-1.092800543994178,12.498530041793588,2021-S2,pluies,2021-07-01,2021-12-31,0.0925885199032329,-0.2593789265840962
1,-1.0932497004775314,12.498260547784568,2021-S2,pluies,2021-07-01,2021-12-31,0.09494967887683226,-0.2602627068107034
1,-1.093249701278998,12.514520054447027,2021-S2,pluies,2021-07-01,2021-12-31,0.09149364922707078,-0.25615420133255085
1,-1.0936988594280612,12.499069033244146,2021-S2,pluies,2021-07-01,2021-12-31,0.09194896612406511,-0.25941872981700753
1,-1.0939683527042396,12.498530041447275,2021-S2,pluies,2021-07-01,2021-12-31,0.0938618616862471,-0.25979764457801025
1,-1.09423784837424,12.498979200053313,2021-S2,pluies,2021-07-01,2021-12-31,0.09456958597203172,-0.26084626641342473
1,-1.096357692819935,12.517395427751643,2021-S2,pluies,2021-07-01,2021-12-31,0.09764197033083033,-0.2594104392108378
1,-1.0945073421451468,12.497631726485157,2021-S2,pluies,2021-07-01,2021-12-31,0.09709121787066949,-0.26077795105475177
1,-1.0946870048543371,12.498709707427455,2021-S2,pluies,2021-07-01,2021-12-31,0.0954381562233326,-0.2607457020345113
1,-1.094956499093331,12.498332412799954,2021-S2,pluies,2021-07-01,2021-12-31,0.09404190069680678,-0.25920216178488487
1,-1.0958548143130395,12.498350379484027,2021-S2,pluies,2021-07-01,2021-12-31,0.09625082218811665,-0.2596317916479569
1,-1.0958548146838514,12.500236841525476,2021-S2,pluies,2021-07-01,2021-12-31,0.09332799296164673,-0.2578840267156578
1,-1.0960344803348354,12.499697852670268,2021-S2,pluies,2021-07-01,2021-12-31,0.09069366192362269,-0.25679792263022216
1,-1.0962141404453765,12.49547577035815,2021-S2,pluies,2021-07-01,2021-12-31,0.09662576687116564,-0.259452177817692
1,-1.0963938053020117,12.498350379392555,2021-S2,pluies,2021-07-01,2021-12-31,0.09368857829220353,-0.2580010727695333
1,-1.0965734660943165,12.500147010106229,2021-S2,pluies,2021-07-01,2021-12-31,0.0928877651973178,-0.2590464218371195
1,-1.0991486381340976,12.502841955761046,2021-S2,pluies,2021-07-01,2021-12-31,0.09006587633449764,-0.25522469227188327
1,-1.0998074007463547,12.503380946683674,2021-S2,pluies,2021-07-01,2021-12-31,0.09108824173417998,-0.2561598423080369
1,-1.0998074010361238,12.513082750079075,2021-S2,pluies,2021-07-01,2021-12-31,0.08129285014691479,-0.24853124443653196
1,-1.1002565595377012,12.503380946237963,2021-S2,pluies,2021-07-01,2021-12-31,0.09111799253435796,-0.2576730754437207
1,-1.1005260545286635,12.503740271015237,2021-S2,pluies,2021-07-01,2021-12-31,0.09266366926198048,-0.2580703012912482
1,-1.100885379857276,12.503740271370564,2021-S2,pluies,2021-07-01,2021-12-31,0.0902534965034965,-0.25607576840600427
1,-1.1010650443927588,12.504369091771991,2021-S2,pluies,2021-07-01,2021-12-31,0.08912018839530016,-0.2539856442032975
1,-1.1009752122212941,12.513711569397547,2021-S2,pluies,2021-07-01,2021-12-31,0.08864582070740759,-0.25359447089784043
1,-1.1016040336854052,12.513981065127128,2021-S2,pluies,2021-07-01,2021-12-31,0.08677685950413223,-0.253909026297086
1,-1.1021430211700762,12.503380946591323,2021-S2,pluies,2021-07-01,2021-12-31,0.09381499726327312,-0.2593719244877874
1,-1.1021430205319593,12.514430222424926,2021-S2,pluies,2021-07-01,2021-12-31,0.08749609372523727,-0.25264414520828415
1,-1.1023226867960343,12.503740270623425,2021-S2,pluies,2021-07-01,2021-12-31,0.09092898566582777,-0.2578166875111667
1,-1.102622123626895,12.518532529173344,2021-S2,pluies,2021-07-01,2021-12-31,0.09066590957109016,-0.2534444338042909
1,-1.1028616734371246,12.514699717816582,2021-S2,pluies,2021-07-01,2021-12-31,0.08737024221453288,-0.25223708691414903
1,-1.1028616739963106,12.515059044400559,2021-S2,pluies,2021-07-01,2021-12-31,0.08732212160413971,-0.24986709197235513
1,-1.1028616737511001,12.518113316760193,2021-S2,pluies,2021-07-01,2021-12-31,0.09640256493859363,-0.25787735428010355
1,-1.1030413374828703,12.517394663028796,2021-S2,pluies,2021-07-01,2021-12-31,0.08769280552259735,-0.2526287885482018
1,-1.1032209998327969,12.515418370276732,2021-S2,pluies,2021-07-01,2021-12-31,0.08770412025521791,-0.25417734948280435
1,-1.1032209996190725,12.518113314934942,2021-S2,pluies,2021-07-01,2021-12-31,0.09269142794902516,-0.2567145534041224
1,-1.1034006637076832,12.515059045271926,2021-S2,pluies,2021-07-01,2021-12-31,0.08705020469726352,-0.2506190307746728
1,-1.1035803261023416,12.514699717815319,2021-S2,pluies,2021-07-01,2021-12-31,0.08978930307941653,-0.25424929178470257
1,-1.1034904943463397,12.516047190153204,2021-S2,pluies,2021-07-01,2021-12-31,0.08837884304326865,-0.25226469839535637
1,-1.1035803261074164,12.51703533887873,2021-S2,pluies,2021-07-01,2021-12-31,0.08962978999783502,-0.25482899167109696
1,-1.1035803252496823,12.517574328048122,2021-S2,pluies,2021-07-01,2021-12-31,0.09350649350649351,-0.2561278863232682
1,-1.1037599896132624,12.504548754451516,2021-S2,pluies,2021-07-01,2021-12-31,0.09070169930902139,-0.2559322033898305
1,-1.1037599906766489,12.515328538765413,2021-S2,pluies,2021-07-01,2021-12-31,0.08782973795969601,-0.25336666904857397
1,-1.103849820483322,12.514430223365762,2021-S2,pluies,2021-07-01,2021-12-31,0.08441164653424138,-0.25117203081065576
1,-1.1039396519632354,12.51487938127791,2021-S2,pluies,2021-07-01,2021-12-31,0.08724687634640241,-0.25068529489786895
1,-1.1039396525735576,12.515777695019235,2021-S2,pluies,2021-07-01,2021-12-31,0.0884515570934256,-0.25272582217888484
1,-1.1039396516470685,12.516137022164662,2021-S2,pluies,2021-07-01,2021-12-31,0.08593581735946586,-0.2493809692253272
1,-1.1041193169657633,12.50427926010907,2021-S2,pluies,2021-07-01,2021-12-31,0.08779956427015251,-0.2551810015120519
1,-1.104119315447323,12.514160728586157,2021-S2,pluies,2021-07-01,2021-12-31,0.08538037008981712,-0.25024394571099084
1,-1.104209148020567,12.517574327743787,2021-S2,pluies,2021-07-01,2021-12-31,0.09270148146588136,-0.2559236874346791
1,-1.1042989790872302,12.514609885387914,2021-S2,pluies,2021-07-01,2021-12-31,0.0899648110174426,-0.25472129885712347
1,-1.1042989797031955,12.516496347957293,2021-S2,pluies,2021-07-01,2021-12-31,0.0928416485900217,-0.25653333333333334
1,-1.104298978605195,12.5179336531783,2021-S2,pluies,2021-07-01,2021-12-31,0.0912638196401474,-0.25660578116687355
1,-1.1059236480753278,12.515424786179036,2021-S2,pluies,2021-07-01,2021-12-31,0.09098560128456086,-0.25707723087741413
1,-1.0952804095373214,12.49662813936818,2021-S2,pluies,2021-07-01,2021-12-31,0.09841120244819554,-0.26202098278395836
1,-1.1051972962768126,12.517574327592921,2021-S2,pluies,2021-07-01,2021-12-31,0.09075119409465914,-0.2566560170394036
1,-1.1060105057121044,12.516997513633862,2021-S2,pluies,2021-07-01,2021-12-31,0.0909356361323612,-0.2562154494676246
1,-1.1064549356905609,12.513801402377322,2021-S2,pluies,2021-07-01,2021-12-31,0.08797909407665505,-0.2555990046214006
1,-1.106814262901016,12.513621737503053,2021-S2,pluies,2021-07-01,2021-12-31,0.08723080269741136,-0.2552360667376642
1,-1.1068142616905745,12.51649634930329,2021-S2,pluies,2021-07-01,2021-12-31,0.09210238459855612,-0.25773564657485243
1,-1.1068142627743742,12.51685567567926,2021-S2,pluies,2021-07-01,2021-12-31,0.09043250327653997,-0.2581507215392838
1,-1.1078922412586596,12.517753988595498,2021-S2,pluies,2021-07-01,2021-12-31,0.09134510573359494,-0.256112796716045
1,-1.108071900765771,12.501045326063812,2021-S2,pluies,2021-07-01,2021-12-31,0.09205111544292831,-0.25422522682796656
1,-1.1081617333864677,12.514699716605818,2021-S2,pluies,2021-07-01,2021-12-31,0.08975365870256183,-0.25748322906529253
1,-1.1080719013292648,12.515328538456114,2021-S2,pluies,2021-07-01,2021-12-31,0.08687053560080327,-0.2561197356091878
1,-1.1080719002591009,12.517394663209167,2021-S2,pluies,2021-07-01,2021-12-31,0.09039301310043668,-0.2567350579839429
1,-1.108251566097525,12.51667600959774,2021-S2,pluies,2021-07-01,2021-12-31,0.0928509154315606,-0.2579782492422892
1,-1.1082515666164532,12.518203147722478,2021-S2,pluies,2021-07-01,2021-12-31,0.0934005454982585,-0.2565317118460616
1,-1.1084312304566974,12.515418371069018,2021-S2,pluies,2021-07-01,2021-12-31,0.09023700804522722,-0.25683836589698045
1,-1.1084312305428043,12.515777695213409,2021-S2,pluies,2021-07-01,2021-12-31,0.09098843552258346,-0.25766215253029223
1,-1.1084312296328238,12.516137022877356,2021-S2,pluies,2021-07-01,2021-12-31,0.08923884514435695,-0.2592065468777798
1,-1.10861089122747,12.512723423178823,2021-S2,pluies,2021-07-01,2021-12-31,0.08543371522094927,-0.25506576608602916
1,-1.1087905544633379,12.515687863624693,2021-S2,pluies,2021-07-01,2021-12-31,0.09186639634447165,-0.25937017470074974
1,-1.108970218157029,12.514879381206558,2021-S2,pluies,2021-07-01,2021-12-31,0.09007832898172324,-0.2577209797657082
1,-1.1179533710136813,12.52278455443077,2021-S2,pluies,2021-07-01,2021-12-31,0.09635514520371463,-0.2549019607843137
1,-1.1197500003935472,12.52943208803823,2021-S2,pluies,2021-07-01,2021-12-31,0.09688967076126868,-0.25682841184926825
1,-1.120468653000286,12.524581185112357,2021-S2,pluies,2021-07-01,2021-12-31,0.09410691796586619,-0.25692403597827057
1,-1.1240619148420394,12.522245567456483,2021-S2,pluies,2021-07-01,2021-12-31,0.0909600355726651,-0.2538025380253803
1,-1.1215609964199713,12.525057731270497,2021-S2,pluies,2021-07-01,2021-12-31,0.10045008845793903,-0.25999848586403884
1,-1.1386357594366283,12.488289248779006,2021-S2,pluies,2021-07-01,2021-12-31,0.3099914134907661,-0.3335585326811472
1,-1.1613298957352787,12.48086190010015,2021-S2,pluies,2021-07-01,2021-12-31,0.28903047884059835,-0.25410659162358473
1,-1.2103324895168066,12.615976884281514,2021-S2,pluies,2021-07-01,2021-12-31,0.4252110517005588,-0.3909088001180083
1,-1.2118273183660517,12.615041534916074,2021-S2,pluies,2021-07-01,2021-12-31,0.43780375162865587,-0.4015782944501499
1,-1.2196893270491231,12.158789535730673,2021-S2,pluies,2021-07-01,2021-12-31,0.26336652804736027,-0.25144396322973867
1,-1.2206308081089667,12.159505853088383,2021-S2,pluies,2021-07-01,2021-12-31,0.29945401815093126,-0.2893861638340006
1,-1.2341953679479958,12.09159321812497,2021-S2,pluies,2021-07-01,2021-12-31,0.29006772009029347,-0.26732673267326734
1,-1.234609591679788,12.092476562029656,2021-S2,pluies,2021-07-01,2021-12-31,0.3187625281841338,-0.2941650384620517
1,-1.2414455213321771,12.37754287809319,2021-S2,pluies,2021-07-01,2021-12-31,0.27676408835186483,-0.2667905594993344
1,-1.2492870649586534,12.1983130753877,2021-S2,pluies,2021-07-01,2021-12-31,0.2264808362369338,-0.2264808362369338
1,-1.2796501214630207,12.604231807470335,2021-S2,pluies,2021-07-01,2021-12-31,0.16185389435064057,-0.24552756231838346
1,-1.2807150002238452,12.041391387457784,2021-S2,pluies,2021-07-01,2021-12-31,0.3714665747577574,-0.3770784169136999
1,-1.2873756333267863,12.465472043420156,2021-S2,pluies,2021-07-01,2021-12-31,-0.5356531660011409,0.4746644754861682
1,-1.2888129395814194,12.221309948380593,2021-S2,pluies,2021-07-01,2021-12-31,0.14538676607642126,-0.10361681329423265
1,-1.3016588471660469,12.549374686860226,2021-S2,pluies,2021-07-01,2021-12-31,0.2822958736671154,0.0018471879378210692
1,-1.3028266571163172,12.214123423624384,2021-S2,pluies,2021-07-01,2021-12-31,-0.5609905227759096,0.6240458015267175
1,-1.3038148037714163,12.499787683894233,2021-S2,pluies,2021-07-01,2021-12-31,0.2691158263169951,-0.29708809117283963
1,-1.3084717424455339,12.216729762131727,2021-S2,pluies,2021-07-01,2021-12-31,0.15097398855746103,-0.06848057378308751
1,-1.3060889598321304,12.703667429539616,2021-S2,pluies,2021-07-01,2021-12-31,0.05637913059776207,0.025972924707249916
1,-1.313833619642546,12.468643611568409,2021-S2,pluies,2021-07-01,2021-12-31,0.3912978754653309,-0.3696771348552563
1,-1.3138759342606068,12.147737924169673,2021-S2,pluies,2021-07-01,2021-12-31,-0.03913520282110513,-0.001125499260579043
1,-1.3144149239768896,12.148097249765083,2021-S2,pluies,2021-07-01,2021-12-31,-0.05766170741051301,0.02235324861516537
1,-1.3148640825319333,12.148187084446008,2021-S2,pluies,2021-07-01,2021-12-31,-0.11759465478841871,0.04172721610961179
1,-1.3170200378211259,12.497601783571465,2021-S2,pluies,2021-07-01,2021-12-31,0.2374402709485087,-0.11701035612092915
1,-1.317618913884142,12.497751502996891,2021-S2,pluies,2021-07-01,2021-12-31,0.007035046362434097,-0.02246495161125142
1,-1.3182776817067314,12.68025922393991,2021-S2,pluies,2021-07-01,2021-12-31,0.10964175687084277,-0.18461140419596828
1,-1.3225895933451584,12.21753702304723,2021-S2,pluies,2021-07-01,2021-12-31,-0.2913553895410886,0.3451917732073374
1,-1.324952006267278,12.128750376398449,2021-S2,pluies,2021-07-01,2021-12-31,0.2180013189595483,-0.31374150316623634
1,-1.3259133597009451,12.21547089721347,2021-S2,pluies,2021-07-01,2021-12-31,-0.22440237444797112,0.30064595931830673
1,-1.3263625174361169,12.214183311584243,2021-S2,pluies,2021-07-01,2021-12-31,-0.03435335367530054,0.1088890982472497
1,-1.3270811693174764,12.214303087525236,2021-S2,pluies,2021-07-01,2021-12-31,-0.19555829734731647,0.2543689320388349
1,-1.330427257358201,12.30442158912369,2021-S2,pluies,2021-07-01,2021-12-31,0.38782996530135966,-0.4066595426098682
1,-1.3289534446095812,12.213719970542659,2021-S2,pluies,2021-07-01,2021-12-31,-0.20431473227237446,0.2773389692668339
1,-1.3308540960792719,12.214303086757297,2021-S2,pluies,2021-07-01,2021-12-31,-0.44751830756712774,0.5095460330929147
1,-1.3319096136287643,12.214752243383332,2021-S2,pluies,2021-07-01,2021-12-31,-0.4810033952649617,0.5364325947657314
1,-1.3332667119037223,12.215509395580208,2021-S2,pluies,2021-07-01,2021-12-31,-0.09967032910248609,0.19964910742806488
1,-1.3358726006179549,12.211244785733738,2021-S2,pluies,2021-07-01,2021-12-31,-0.0277058372139443,0.12693305164893967
1,-1.3365134800821359,12.214572581273057,2021-S2,pluies,2021-07-01,2021-12-31,0.21646851004723164,-0.10297812497337908
1,-1.3369738665919548,12.211883249265332,2021-S2,pluies,2021-07-01,2021-12-31,-0.1614817428011636,0.24499407332357848
1,-1.3454336974486063,12.174799587812464,2021-S2,pluies,2021-07-01,2021-12-31,0.27940459041530835,-0.33147937940688943
1,-1.3482814105393934,12.165794061664478,2021-S2,pluies,2021-07-01,2021-12-31,0.16,-0.205990670267616
1,-1.3497187132739115,12.231550740935702,2021-S2,pluies,2021-07-01,2021-12-31,0.17267023007204277,-0.23407917383820998
1,-1.3498983785789076,12.17441788804624,2021-S2,pluies,2021-07-01,2021-12-31,0.22522068095838588,-0.2842497670083877
1,-1.350048096559662,12.203044201621797,2021-S2,pluies,2021-07-01,2021-12-31,0.234859721425018,-0.19584746709526554
1,-1.3500780388244469,12.225981185575915,2021-S2,pluies,2021-07-01,2021-12-31,0.19305993690851736,-0.1884517766497462
1,-1.3540306281804682,12.234515179683983,2021-S2,pluies,2021-07-01,2021-12-31,0.04009872853953601,-0.10093948896621843
1,-1.3547819458569748,12.234278352793691,2021-S2,pluies,2021-07-01,2021-12-31,0.1275024163217924,-0.1845678086289837
1,-1.3556475934505552,12.234425348154884,2021-S2,pluies,2021-07-01,2021-12-31,0.01829439909935266,-0.08138003687121412
1,-1.3529860033970182,12.22934779386732,2021-S2,pluies,2021-07-01,2021-12-31,0.2028108022705074,-0.27327774808160543
1,-1.3646864480546252,12.115326702292078,2021-S2,pluies,2021-07-01,2021-12-31,0.2259218691604336,-0.2528090233526523
1,-1.364532923547198,12.20261709020805,2021-S2,pluies,2021-07-01,2021-12-31,0.33213250154322627,-0.20987999894778608
1,-1.370579995684672,12.350965587075152,2021-S2,pluies,2021-07-01,2021-12-31,-0.38771775734754926,0.34182679800886767
1,-1.3706494608991107,12.34958936707333,2021-S2,pluies,2021-07-01,2021-12-31,-0.006276586084370241,-0.09116674212810888
1,-1.371547776034114,12.454347902623212,2021-S2,pluies,2021-07-01,2021-12-31,0.10001728921800418,-0.03679956505520909
1,-1.3721765958674053,12.451368490796588,2021-S2,pluies,2021-07-01,2021-12-31,-0.0025068638866437565,0.08444493711794374
1,-1.3726000886194365,12.453550112714531,2021-S2,pluies,2021-07-01,2021-12-31,0.2565325466954266,-0.1991853088305174
1,-1.3746132772254935,12.202366722839749,2021-S2,pluies,2021-07-01,2021-12-31,0.057746583432553976,0.05122634144193214
1,-1.3764779419260083,12.198883768472028,2021-S2,pluies,2021-07-01,2021-12-31,-0.5016181365508057,0.5398101034079865
1,-1.3767580044633536,12.203792797692197,2021-S2,pluies,2021-07-01,2021-12-31,-0.5554737961760984,0.5948476188414269
1,-1.3772071623249367,12.198672400058843,2021-S2,pluies,2021-07-01,2021-12-31,-0.5823420565688607,0.6209044137557541
1,-1.377397394078151,12.264365668785146,2021-S2,pluies,2021-07-01,2021-12-31,0.11668605316089377,-0.2041562016539658
1,-1.3791834552758606,12.203433471277906,2021-S2,pluies,2021-07-01,2021-12-31,-0.052252397126137703,0.11478245144396527
1,-1.3795427835725196,12.198672399278271,2021-S2,pluies,2021-07-01,2021-12-31,0.09553158705701079,0.013816925734024179
1,-1.3801536360430906,12.198528669985443,2021-S2,pluies,2021-07-01,2021-12-31,0.10353674131182782,-0.0024172957436622887
1,-1.3808280637174033,12.427742797954542,2021-S2,pluies,2021-07-01,2021-12-31,0.03161251243432758,-0.20657750065709732
1,-1.3823275578301146,12.561232447564509,2021-S2,pluies,2021-07-01,2021-12-31,-0.22072854709639445,0.3321272304217937
1,-1.3847729724802345,12.299962439940083,2021-S2,pluies,2021-07-01,2021-12-31,0.28666940787554906,-0.31436128399321506
1,-1.3850282541937478,12.560961704670929,2021-S2,pluies,2021-07-01,2021-12-31,-0.05025799536566541,0.1041218887504782
1,-1.3899632396049124,12.199930039776644,2021-S2,pluies,2021-07-01,2021-12-31,-0.25501432664756446,0.33876719307182884
1,-1.3979650324775161,12.237732922610974,2021-S2,pluies,2021-07-01,2021-12-31,0.35852197948169306,-0.386375459196164
1,-1.410111697957624,12.190760958938549,2021-S2,pluies,2021-07-01,2021-12-31,0.4514505817354093,-0.4264400047658125
1,-1.4099399398632793,12.341904826764333,2021-S2,pluies,2021-07-01,2021-12-31,0.4002708854323894,-0.3358835645217932
1,-1.4095465108357597,12.349230040199194,2021-S2,pluies,2021-07-01,2021-12-31,0.25965858041329737,-0.16767676767676767
1,-1.4098160075983093,12.347074084499434,2021-S2,pluies,2021-07-01,2021-12-31,0.29313085654351834,-0.14422172562658264
1,-1.4097261760968784,12.348152064100828,2021-S2,pluies,2021-07-01,2021-12-31,0.341845055741905,-0.23838484557847214
1,-1.4104448274375758,12.48810958695964,2021-S2,pluies,2021-07-01,2021-12-31,0.14451031164059705,-0.08392123033791161
1,-1.4206984541772771,12.143967878049715,2021-S2,pluies,2021-07-01,2021-12-31,0.26018307612090275,-0.20183774841693017
1,-1.4179457608699615,12.363625544476815,2021-S2,pluies,2021-07-01,2021-12-31,0.11051455124307387,-0.022194309192785165
1,-1.4190686533935948,12.333868851434588,2021-S2,pluies,2021-07-01,2021-12-31,0.3815813185875122,-0.32163434500648513
1,-1.4201466337054363,12.542457659522194,2021-S2,pluies,2021-07-01,2021-12-31,-0.5709486791710547,0.6091311059448373
1,-1.420416127228511,12.5419186706758,2021-S2,pluies,2021-07-01,2021-12-31,-0.41919067645889563,0.4770741475042837
1,-1.4219294429654286,12.553382555881402,2021-S2,pluies,2021-07-01,2021-12-31,0.2807628646133395,-0.23186769469153304
1,-1.4233805673252715,12.553506938553332,2021-S2,pluies,2021-07-01,2021-12-31,0.3251607439727267,-0.28749888520272743
1,-1.4258958498024958,12.492780824373298,2021-S2,pluies,2021-07-01,2021-12-31,0.059955995599559955,0.026734755181736257
1,-1.4264348400531548,12.13686831008752,2021-S2,pluies,2021-07-01,2021-12-31,-0.35759376160415896,0.40615384615384614
1,-1.4307513606823155,11.927813296887518,2021-S2,pluies,2021-07-01,2021-12-31,0.3057308380009985,-0.22544236958054004
1,-1.4298484372531857,11.930435456924553,2021-S2,pluies,2021-07-01,2021-12-31,0.24783362218370883,-0.15728155339805824
1,-1.4464572890126965,12.286674027787484,2021-S2,pluies,2021-07-01,2021-12-31,0.34320931258215476,-0.3821265646409227
1,-1.446816615116256,12.28552950667812,2021-S2,pluies,2021-07-01,2021-12-31,0.3446125757869284,-0.38145409637346855
1,-1.4491894132807135,12.341382979819702,2021-S2,pluies,2021-07-01,2021-12-31,0.39032309440956764,-0.3252086209359427
1,-1.4510486786023025,12.340246889250967,2021-S2,pluies,2021-07-01,2021-12-31,-0.4391992829399462,0.3611189601582368
1,-1.4551552624717126,12.361190468903875,2021-S2,pluies,2021-07-01,2021-12-31,-0.5387852622141803,0.648734453517285
1,-1.4623724145378298,12.49057245736507,2021-S2,pluies,2021-07-01,2021-12-31,0.41418210017824825,-0.37257491832904077
1,-1.4595826740480848,12.347613074056799,2021-S2,pluies,2021-07-01,2021-12-31,0.006345849236879204,-0.006144093507649714
1,-1.4602564097199249,12.34783765467525,2021-S2,pluies,2021-07-01,2021-12-31,-0.10340436978098864,0.018487266312449686
1,-1.4681166703045636,12.565364700379531,2021-S2,pluies,2021-07-01,2021-12-31,-0.1079607415485278,0.1990558615263572
1,-1.4685358817847824,12.564885600027019,2021-S2,pluies,2021-07-01,2021-12-31,-0.2734455889490946,0.3251622718862514
1,-1.4716799864229224,12.486178207446107,2021-S2,pluies,2021-07-01,2021-12-31,0.16497831473379007,-0.15860350732588038
1,-1.471170941185348,12.565185035243374,2021-S2,pluies,2021-07-01,2021-12-31,-0.44986726567286095,0.5600966820479015
1,-1.4254187036117287,12.518784094278011,2021-S2,pluies,2021-07-01,2021-12-31,0.34671673729664976,-0.22136010803022174
1,-1.4739736839181385,12.566119284610675,2021-S2,pluies,2021-07-01,2021-12-31,-0.04171985752344769,0.1622340370494878
1,-1.4738658883512348,12.5486560351543,2021-S2,pluies,2021-07-01,2021-12-31,-0.3333333333333333,0.3807285546415981
1,-1.475220454909838,12.546514259769259,2021-S2,pluies,2021-07-01,2021-12-31,0.08727632064710016,-0.012026019512042185
1,-1.474898948411452,12.483528177059092,2021-S2,pluies,2021-07-01,2021-12-31,-0.3110086467162566,0.405726674195522
1,-1.4749438637923116,12.569856275096445,2021-S2,pluies,2021-07-01,2021-12-31,-0.10313562523611636,0.22073578595317725
1,-1.4762015067640806,12.581354711764483,2021-S2,pluies,2021-07-01,2021-12-31,0.18466228211027674,-0.31773732706305724
1,-1.4763811700827258,12.57021560311502,2021-S2,pluies,2021-07-01,2021-12-31,-0.2376204719175806,0.31219168428470756
1,-1.4783574622242228,12.542906818202702,2021-S2,pluies,2021-07-01,2021-12-31,-0.020927369716865,0.08598865124399825
1,-1.4793327749251348,11.977096518588079,2021-S2,pluies,2021-07-01,2021-12-31,0.3546238036796932,-0.2481402288112495
1,-1.479255776519362,12.712149416946174,2021-S2,pluies,2021-07-01,2021-12-31,0.3298862461220269,-0.3075073470478226
1,-1.484376176764232,12.570574928564351,2021-S2,pluies,2021-07-01,2021-12-31,-0.24942845028972374,0.29641098145943473
1,-1.4848253330413888,12.57075459179979,2021-S2,pluies,2021-07-01,2021-12-31,-0.5652173913043478,0.6030687124749833
1,-1.4853643223053865,12.570934254546582,2021-S2,pluies,2021-07-01,2021-12-31,-0.6118154842190451,0.6638819270398217
1,-1.487879604745963,12.575785157677922,2021-S2,pluies,2021-07-01,2021-12-31,0.0939161252215003,-0.056
1,-1.4885084261166284,12.574886844066391,2021-S2,pluies,2021-07-01,2021-12-31,-0.09781874431687942,0.1115071409894037
1,-1.4889396167092006,12.57704279851742,2021-S2,pluies,2021-07-01,2021-12-31,0.1273358107049851,-0.12353531226306744
1,-1.4918321919982567,12.579198752866533,2021-S2,pluies,2021-07-01,2021-12-31,0.0399002493765586,-0.0070921985815602835
1,-1.5085368074940029,12.38874396784703,2021-S2,pluies,2021-07-01,2021-12-31,0.3742881397128686,-0.29714348617166464
1,-1.507103554931892,12.666065842639435,2021-S2,pluies,2021-07-01,2021-12-31,0.32184321862322784,-0.34065666193001304
1,-1.5153740997580982,12.521957999952539,2021-S2,pluies,2021-07-01,2021-12-31,0.24262463998057052,-0.18824962898616537
1,-1.5181977469098744,12.447281154794904,2021-S2,pluies,2021-07-01,2021-12-31,0.21433305935056562,-0.09572810527651754
1,-1.5197073064996884,12.388326285254301,2021-S2,pluies,2021-07-01,2021-12-31,0.28873200204305577,-0.2361412071289791
1,-1.5209376055970687,12.389115238934696,2021-S2,pluies,2021-07-01,2021-12-31,0.30158730158730157,-0.24256651017214398
1,-1.5274009152565153,12.130118163119086,2021-S2,pluies,2021-07-01,2021-12-31,0.44850595517010805,-0.43649278133382013
1,-1.5257885084311604,12.51919129256521,2021-S2,pluies,2021-07-01,2021-12-31,-0.10075566750629723,0.12231139646869985
1,-1.5283037928784926,12.519191293423978,2021-S2,pluies,2021-07-01,2021-12-31,-0.5675114865866311,0.6166309996942831
1,-1.5284834546651525,12.518831969545094,2021-S2,pluies,2021-07-01,2021-12-31,-0.36934441366574333,0.3840410639290714
1,-1.5289326134561367,12.519011630369413,2021-S2,pluies,2021-07-01,2021-12-31,-0.3166056166056166,0.3689196883670919
1,-1.539083575855333,12.238916924510978,2021-S2,pluies,2021-07-01,2021-12-31,0.31239330829634687,-0.25764835974935496
1,-1.5405208821816359,12.3883965900636,2021-S2,pluies,2021-07-01,2021-12-31,0.1899404367968233,-0.14105263157894737
1,-1.5412681163460846,12.23878285839742,2021-S2,pluies,2021-07-01,2021-12-31,0.36424736155415843,-0.2942203421836572
1,-1.5421378471830092,12.456848214010778,2021-S2,pluies,2021-07-01,2021-12-31,0.07183364839319471,-0.07598212185368149
1,-1.5424971740257973,12.24053389407346,2021-S2,pluies,2021-07-01,2021-12-31,0.330412559328222,-0.27106518282988873
1,-1.5429463313357183,12.23550332864735,2021-S2,pluies,2021-07-01,2021-12-31,0.21768707482993196,-0.16197416363034117
1,-1.5435751523205326,12.457566864611627,2021-S2,pluies,2021-07-01,2021-12-31,0.2446750409612234,-0.26279317697228144
1,-1.544293805413647,12.239575689545141,2021-S2,pluies,2021-07-01,2021-12-31,0.3734379901149965,-0.3107273025969663
1,-1.544186007072802,12.238162340709483,2021-S2,pluies,2021-07-01,2021-12-31,0.3085147480491522,-0.25273043531143147
1,-1.5453717831795648,12.238737262691565,2021-S2,pluies,2021-07-01,2021-12-31,0.2848037571284804,-0.224445252819207
1,-1.545281951721977,12.23963557686459,2021-S2,pluies,2021-07-01,2021-12-31,0.37806850340222037,-0.31280081493129713
1,-1.5456412782989946,12.240174565362766,2021-S2,pluies,2021-07-01,2021-12-31,0.3760684280009059,-0.3063268193851547
1,-1.5459107728693788,12.30516767568426,2021-S2,pluies,2021-07-01,2021-12-31,0.318051552068426,-0.20109840629227818
1,-1.5462700981295372,12.238916926152061,2021-S2,pluies,2021-07-01,2021-12-31,0.3319783197831978,-0.27765567765567767
1,-1.557658315483124,12.456478155249107,2021-S2,pluies,2021-07-01,2021-12-31,0.3073059569128435,-0.31762260798735004
1,-1.5550735885469122,12.594110789388685,2021-S2,pluies,2021-07-01,2021-12-31,0.09329498472047457,-0.1622654044178708
1,-1.5559719035223951,12.59590741764168,2021-S2,pluies,2021-07-01,2021-12-31,0.16697185225078812,-0.268654018692578
1,-1.5659432028318885,12.563927395017513,2021-S2,pluies,2021-07-01,2021-12-31,0.2106551382457692,-0.25179042512192146
1,-1.5670660978973232,11.949255162622778,2021-S2,pluies,2021-07-01,2021-12-31,0.2805522309336211,-0.2315265400287072
1,-1.5754091442152967,11.945697819854816,2021-S2,pluies,2021-07-01,2021-12-31,0.39160296027873326,-0.3075470726532912
1,-1.5789750827205606,12.02258324396696,2021-S2,pluies,2021-07-01,2021-12-31,-0.14019963208975741,0.18000268856958995
1,-1.5884820808238356,12.337310429027932,2021-S2,pluies,2021-07-01,2021-12-31,0.11066994838745595,-0.026796410594534862
1,-1.5911858611684235,12.334138344391397,2021-S2,pluies,2021-07-01,2021-12-31,0.12771439087228562,-0.03146710257458112
1,-1.591329593186693,12.336536847379895,2021-S2,pluies,2021-07-01,2021-12-31,0.2383413008018243,-0.1671293999843685
1,-1.5914681900036534,12.335087992434351,2021-S2,pluies,2021-07-01,2021-12-31,-0.07846245035384711,0.16004109951581075
1,-1.592084178279386,12.33530615520687,2021-S2,pluies,2021-07-01,2021-12-31,-0.22131180035107986,0.2885160287595643
1,-1.5928028300233403,12.335276211547422,2021-S2,pluies,2021-07-01,2021-12-31,-0.288218460826397,0.34241117293146134
1,-1.5933717633290527,12.33569542472046,2021-S2,pluies,2021-07-01,2021-12-31,-0.13393540889911237,0.20623581541851035
1,-1.5989113740984224,12.316082208512587,2021-S2,pluies,2021-07-01,2021-12-31,0.12574903072515514,-0.10405783794946677
1,-1.5939212287328517,12.51408466057964,2021-S2,pluies,2021-07-01,2021-12-31,0.22479732395104704,-0.1573020482224751
1,-1.6010544970779639,12.51600869080926,2021-S2,pluies,2021-07-01,2021-12-31,-0.3052917700194605,0.3206993825814331
1,-1.612078462991711,12.648809476806685,2021-S2,pluies,2021-07-01,2021-12-31,0.45937974941404036,-0.39233377461192426
1,-1.620920098318496,12.650345325940211,2021-S2,pluies,2021-07-01,2021-12-31,0.3968124220737478,-0.38083455008251516
1,-1.6212875916458782,12.416211696078102,2021-S2,pluies,2021-07-01,2021-12-31,0.3300927869540982,-0.20857616818889654
1,-1.6459157215828049,12.09159321840699,2021-S2,pluies,2021-07-01,2021-12-31,-0.021420159280569045,0.12287197416291265
1,-1.646162759408768,12.090874565625224,2021-S2,pluies,2021-07-01,2021-12-31,-0.16939890710382513,0.24563445867287545
1,-1.6469013729828939,12.091094155679853,2021-S2,pluies,2021-07-01,2021-12-31,-0.09148230862285041,0.18115600369931567
1,-1.6472407367992052,12.093569511679581,2021-S2,pluies,2021-07-01,2021-12-31,-0.25916343251401464,0.3309024612579763
1,-1.6481390518979566,12.091353667969438,2021-S2,pluies,2021-07-01,2021-12-31,0.04468403027518825,0.062131105173672506
1,-1.6488577051338096,12.091593218486347,2021-S2,pluies,2021-07-01,2021-12-31,0.08713692946058091,0.02564102564102564
1,-1.6489475348850475,12.093749176366034,2021-S2,pluies,2021-07-01,2021-12-31,-0.08793627011624952,0.16738496616481988
1,-1.6501153446045227,12.091952544639804,2021-S2,pluies,2021-07-01,2021-12-31,0.07642903018625562,0.027877055039313797
1,-1.6650273773944901,12.16148214821362,2021-S2,pluies,2021-07-01,2021-12-31,-0.16473118279569893,0.1887620719929763
1,-1.6659256942473455,12.160494001174182,2021-S2,pluies,2021-07-01,2021-12-31,-0.1346235322734007,0.14284167091584474
1,-1.666320407134925,12.1617843078802,2021-S2,pluies,2021-07-01,2021-12-31,0.10895248102031281,0.02064689907351839
1,-1.6698571437570802,12.340585078466125,2021-S2,pluies,2021-07-01,2021-12-31,0.15696153149464737,-0.027914591132285598
1,-1.6769068871082216,12.18810536109011,2021-S2,pluies,2021-07-01,2021-12-31,0.0932893364556056,-0.012150456938746442
1,-1.683832112694259,12.559313548611014,2021-S2,pluies,2021-07-01,2021-12-31,0.3696915430610608,-0.3366800612555385
1,-1.6819138733861787,12.212862661017333,2021-S2,pluies,2021-07-01,2021-12-31,0.19716852424136644,-0.07153258340880989
1,-1.684700484536466,12.216189548341957,2021-S2,pluies,2021-07-01,2021-12-31,0.30349490021632153,-0.18239253327654498
1,-1.6851496400746389,12.2157403897817,2021-S2,pluies,2021-07-01,2021-12-31,0.2002218524681087,-0.09875
1,-1.6910698955907535,12.141545295204413,2021-S2,pluies,2021-07-01,2021-12-31,0.08421615270182303,0.020721167526327588
1,-1.6924759014508317,12.144034868788497,2021-S2,pluies,2021-07-01,2021-12-31,-0.21779474321220388,0.3440175918599163
1,-1.6993430224898687,12.303595625631964,2021-S2,pluies,2021-07-01,2021-12-31,-0.09486725663716813,0.021466314398943198
1,-1.6999718423326842,12.303505793809078,2021-S2,pluies,2021-07-01,2021-12-31,-0.07092854472540777,0.031935458179943046
1,-1.7172356197401732,12.325514518000164,2021-S2,pluies,2021-07-01,2021-12-31,0.12171377449275186,-0.09312644597283626
1,-1.7185669701891277,12.326592497221142,2021-S2,pluies,2021-07-01,2021-12-31,0.238495321749093,-0.217425431711146
1,-1.7399907588914152,12.074107714404573,2021-S2,pluies,2021-07-01,2021-12-31,0.21523155134423524,-0.12979613219734917
1,-1.8532157384520647,12.095082158888353,2022-S1,seche,2022-01-01,2022-06-30,-0.20172959322130715,0.08725592327854942
1,-1.8698671635979942,12.184925189509107,2022-S1,seche,2022-01-01,2022-06-30,-0.10110447877141822,0.025458446674247168
1,-1.924281170534282,12.414088406434953,2022-S1,seche,2022-01-01,2022-06-30,-0.16473988439306358,0.06639403415924947
1,-1.9252393735943116,12.413329828574723,2022-S1,seche,2022-01-01,2022-06-30,-0.12569898652781597,0.041036898340982786
1,-1.9264371271229912,12.413010428342506,2022-S1,seche,2022-01-01,2022-06-30,-0.07637906647807638,0.017787882840711516
1,-1.9267964530243678,12.41283076390253,2022-S1,seche,2022-01-01,2022-06-30,-0.10014144271570014,0.026392187912377935
1,-1.9574161711294407,12.43118206230244,2022-S1,seche,2022-01-01,2022-06-30,-0.17065560464881618,0.07667465821725485
1,-1.952753545408458,12.40907851784621,2022-S1,seche,2022-01-01,2022-06-30,0.046623010422730586,-0.07325840286321665
1,-1.0893869452076947,12.49781139062258,2022-S1,seche,2022-01-01,2022-06-30,0.1410283763601451,-0.2777827607857207
1,-1.0895666084806583,12.498350379815955,2022-S1,seche,2022-01-01,2022-06-30,0.1346704871060172,-0.2718342561171638
1,-1.0895666104047883,12.498709705913637,2022-S1,seche,2022-01-01,2022-06-30,0.13733404142326075,-0.27358912440747696
1,-1.0906445865882128,12.514160729344816,2022-S1,seche,2022-01-01,2022-06-30,0.1347134665629405,-0.27119744151694897
1,-1.0920818892211193,12.51487937995568,2022-S1,seche,2022-01-01,2022-06-30,0.14438952571248292,-0.2786594556254987
1,-1.0924412167853803,12.51469971721013,2022-S1,seche,2022-01-01,2022-06-30,0.14429635848462588,-0.276293600781042
1,-1.092800543994178,12.498530041793588,2022-S1,seche,2022-01-01,2022-06-30,0.13652275379229872,-0.27425106990014264
1,-1.0932497004775314,12.498260547784568,2022-S1,seche,2022-01-01,2022-06-30,0.14093302331946278,-0.2769663076913332
1,-1.093249701278998,12.514520054447027,2022-S1,seche,2022-01-01,2022-06-30,0.13598955590812778,-0.2718794979170401
1,-1.0936988594280612,12.499069033244146,2022-S1,seche,2022-01-01,2022-06-30,0.1370022182317524,-0.27157631954350925
1,-1.0939683527042396,12.498530041447275,2022-S1,seche,2022-01-01,2022-06-30,0.13856797841123325,-0.27404851236653005
1,-1.09423784837424,12.498979200053313,2022-S1,seche,2022-01-01,2022-06-30,0.13809435789773628,-0.27148799678408775
1,-1.096357692819935,12.517395427751643,2022-S1,seche,2022-01-01,2022-06-30,0.14340721851010063,-0.27586798623467185
1,-1.0945073421451468,12.497631726485157,2022-S1,seche,2022-01-01,2022-06-30,0.1400266102736924,-0.27620746078108815
1,-1.0946870048543371,12.498709707427455,2022-S1,seche,2022-01-01,2022-06-30,0.13780304027020104,-0.2730591168091168
1,-1.094956499093331,12.498332412799954,2022-S1,seche,2022-01-01,2022-06-30,0.13872896068983093,-0.27353205713861123
1,-1.0958548143130395,12.498350379484027,2022-S1,seche,2022-01-01,2022-06-30,0.1392485671831883,-0.2766678558687121
1,-1.0958548146838514,12.500236841525476,2022-S1,seche,2022-01-01,2022-06-30,0.13595593516296034,-0.27088177345122766
1,-1.0960344803348354,12.499697852670268,2022-S1,seche,2022-01-01,2022-06-30,0.13672173690657383,-0.27250168317783974
1,-1.0962141404453765,12.49547577035815,2022-S1,seche,2022-01-01,2022-06-30,0.14564355374557925,-0.2780293425104148
1,-1.0963938053020117,12.498350379392555,2022-S1,seche,2022-01-01,2022-06-30,0.13811687625488744,-0.2731485607343374
1,-1.0965734660943165,12.500147010106229,2022-S1,seche,2022-01-01,2022-06-30,0.13463166807790009,-0.27233891064435745
1,-1.0991486381340976,12.502841955761046,2022-S1,seche,2022-01-01,2022-06-30,0.13211294417737504,-0.26954602174740394
1,-1.0998074007463547,12.503380946683674,2022-S1,seche,2022-01-01,2022-06-30,0.12859721779760008,-0.2679750223015165
1,-1.0998074010361238,12.513082750079075,2022-S1,seche,2022-01-01,2022-06-30,0.13426514188903008,-0.2719501335707925
1,-1.1002565595377012,12.503380946237963,2022-S1,seche,2022-01-01,2022-06-30,0.1339390286959592,-0.27140420209159144
1,-1.1005260545286635,12.503740271015237,2022-S1,seche,2022-01-01,2022-06-30,0.12872340425531914,-0.2680965147453083
1,-1.100885379857276,12.503740271370564,2022-S1,seche,2022-01-01,2022-06-30,0.13489361702127659,-0.2706726457399103
1,-1.1010650443927588,12.504369091771991,2022-S1,seche,2022-01-01,2022-06-30,0.13116258802041564,-0.26928480794403753
1,-1.1009752122212941,12.513711569397547,2022-S1,seche,2022-01-01,2022-06-30,0.12747823310511874,-0.2671662752074271
1,-1.1016040336854052,12.513981065127128,2022-S1,seche,2022-01-01,2022-06-30,0.13436909510812514,-0.2723261560183551
1,-1.1021430211700762,12.503380946591323,2022-S1,seche,2022-01-01,2022-06-30,0.13599149388623072,-0.2739456754824875
1,-1.1021430205319593,12.514430222424926,2022-S1,seche,2022-01-01,2022-06-30,0.14251826972192705,-0.2758333128881378
1,-1.1023226867960343,12.503740270623425,2022-S1,seche,2022-01-01,2022-06-30,0.13341804320203304,-0.2698724239450442
1,-1.102622123626895,12.518532529173344,2022-S1,seche,2022-01-01,2022-06-30,0.13611539411341114,-0.2699357858230696
1,-1.1028616734371246,12.514699717816582,2022-S1,seche,2022-01-01,2022-06-30,0.14132604812440897,-0.2763018065887354
1,-1.1028616739963106,12.515059044400559,2022-S1,seche,2022-01-01,2022-06-30,0.14072517078297425,-0.27626803576170667
1,-1.1028616737511001,12.518113316760193,2022-S1,seche,2022-01-01,2022-06-30,0.1386201093815734,-0.272
1,-1.1030413374828703,12.517394663028796,2022-S1,seche,2022-01-01,2022-06-30,0.14084358893446933,-0.2776795189246551
1,-1.1032209998327969,12.515418370276732,2022-S1,seche,2022-01-01,2022-06-30,0.14723154362416108,-0.277797513321492
1,-1.1032209996190725,12.518113314934942,2022-S1,seche,2022-01-01,2022-06-30,0.1381703470031546,-0.27359744748737036
1,-1.1034006637076832,12.515059045271926,2022-S1,seche,2022-01-01,2022-06-30,0.14450624409696716,-0.2796677564725634
1,-1.1035803261023416,12.514699717815319,2022-S1,seche,2022-01-01,2022-06-30,0.14282726892513592,-0.27719978839710807
1,-1.1034904943463397,12.516047190153204,2022-S1,seche,2022-01-01,2022-06-30,0.1427365874895024,-0.27741082771588527
1,-1.1035803261074164,12.51703533887873,2022-S1,seche,2022-01-01,2022-06-30,0.1454260324098275,-0.276252877634142
1,-1.1035803252496823,12.517574328048122,2022-S1,seche,2022-01-01,2022-06-30,0.14129864680583237,-0.27723821296132795
1,-1.1037599896132624,12.504548754451516,2022-S1,seche,2022-01-01,2022-06-30,0.13315983621352434,-0.26849462874487506
1,-1.1037599906766489,12.515328538765413,2022-S1,seche,2022-01-01,2022-06-30,0.1455933826557864,-0.27955381370716825
1,-1.103849820483322,12.514430223365762,2022-S1,seche,2022-01-01,2022-06-30,0.1426769951360115,-0.27869435990754454
1,-1.1039396519632354,12.51487938127791,2022-S1,seche,2022-01-01,2022-06-30,0.14198952879581153,-0.27755245988361843
1,-1.1039396525735576,12.515777695019235,2022-S1,seche,2022-01-01,2022-06-30,0.1466248037676609,-0.2785986021410245
1,-1.1039396516470685,12.516137022164662,2022-S1,seche,2022-01-01,2022-06-30,0.14715090795241076,-0.27841059602649004
1,-1.1041193169657633,12.50427926010907,2022-S1,seche,2022-01-01,2022-06-30,0.13502687888689785,-0.2682361334046727
1,-1.104119315447323,12.514160728586157,2022-S1,seche,2022-01-01,2022-06-30,0.14261744966442952,-0.2777385159010601
1,-1.104209148020567,12.517574327743787,2022-S1,seche,2022-01-01,2022-06-30,0.14397445496713493,-0.27606722415607765
1,-1.1042989790872302,12.514609885387914,2022-S1,seche,2022-01-01,2022-06-30,0.14074500532066325,-0.2767615805811091
1,-1.1042989797031955,12.516496347957293,2022-S1,seche,2022-01-01,2022-06-30,0.14410844629822733,-0.27529577962210844
1,-1.104298978605195,12.5179336531783,2022-S1,seche,2022-01-01,2022-06-30,0.14187571562402415,-0.27102307896365724
1,-1.1059236480753278,12.515424786179036,2022-S1,seche,2022-01-01,2022-06-30,0.14833537432597632,-0.28099407218271705
1,-1.0952804095373214,12.49662813936818,2022-S1,seche,2022-01-01,2022-06-30,0.14404553856865301,-0.27697712299279587
1,-1.1051972962768126,12.517574327592921,2022-S1,seche,2022-01-01,2022-06-30,0.14481897627965043,-0.27481252756947505
1,-1.1060105057121044,12.516997513633862,2022-S1,seche,2022-01-01,2022-06-30,0.14518381444822404,-0.2767939728902238
1,-1.1064549356905609,12.513801402377322,2022-S1,seche,2022-01-01,2022-06-30,0.15028177833437695,-0.28213718920825254
1,-1.106814262901016,12.513621737503053,2022-S1,seche,2022-01-01,2022-06-30,0.147667047698223,-0.27837409818757697
1,-1.1068142616905745,12.51649634930329,2022-S1,seche,2022-01-01,2022-06-30,0.1439299123904881,-0.2830188679245283
1,-1.1068142627743742,12.51685567567926,2022-S1,seche,2022-01-01,2022-06-30,0.14676616915422885,-0.27979002624671917
1,-1.1078922412586596,12.517753988595498,2022-S1,seche,2022-01-01,2022-06-30,0.1453062931214719,-0.2777385159010601
1,-1.108071900765771,12.501045326063812,2022-S1,seche,2022-01-01,2022-06-30,0.12356230874749394,-0.25892219842969305
1,-1.1081617333864677,12.514699716605818,2022-S1,seche,2022-01-01,2022-06-30,0.14509155208783497,-0.2794725428276861
1,-1.1080719013292648,12.515328538456114,2022-S1,seche,2022-01-01,2022-06-30,0.14548513812442687,-0.2799648793047189
1,-1.1080719002591009,12.517394663209167,2022-S1,seche,2022-01-01,2022-06-30,0.14795383001049317,-0.2826855123674912
1,-1.108251566097525,12.51667600959774,2022-S1,seche,2022-01-01,2022-06-30,0.14429319371727747,-0.2784743069044676
1,-1.1082515666164532,12.518203147722478,2022-S1,seche,2022-01-01,2022-06-30,0.14939737049022528,-0.2829832270593931
1,-1.1084312304566974,12.515418371069018,2022-S1,seche,2022-01-01,2022-06-30,0.1493099121706399,-0.28101802757158006
1,-1.1084312305428043,12.515777695213409,2022-S1,seche,2022-01-01,2022-06-30,0.1447726796564006,-0.2791806463005474
1,-1.1084312296328238,12.516137022877356,2022-S1,seche,2022-01-01,2022-06-30,0.14357577027876756,-0.27936507936507937
1,-1.10861089122747,12.512723423178823,2022-S1,seche,2022-01-01,2022-06-30,0.14673345856814862,-0.27722772277227725
1,-1.1087905544633379,12.515687863624693,2022-S1,seche,2022-01-01,2022-06-30,0.14620522013069648,-0.28110595664444166
1,-1.108970218157029,12.514879381206558,2022-S1,seche,2022-01-01,2022-06-30,0.14732888146911519,-0.2881533101045296
1,-1.1179533710136813,12.52278455443077,2022-S1,seche,2022-01-01,2022-06-30,0.14727437004316835,-0.271047286666476
1,-1.1197500003935472,12.52943208803823,2022-S1,seche,2022-01-01,2022-06-30,0.1299473186545995,-0.25416859657248725
1,-1.120468653000286,12.524581185112357,2022-S1,seche,2022-01-01,2022-06-30,0.14374436542121607,-0.26601408208827065
1,-1.1240619148420394,12.522245567456483,2022-S1,seche,2022-01-01,2022-06-30,0.12545473443508992,-0.25295214418893724
1,-1.1215609964199713,12.525057731270497,2022-S1,seche,2022-01-01,2022-06-30,0.13388754148105886,-0.2638226042561633
1,-1.1386357594366283,12.488289248779006,2022-S1,seche,2022-01-01,2022-06-30,0.04122735699546413,-0.10070065562165495
1,-1.1613298957352787,12.48086190010015,2022-S1,seche,2022-01-01,2022-06-30,-0.20953240095628992,0.10502687651192687
1,-1.2103324895168066,12.615976884281514,2022-S1,seche,2022-01-01,2022-06-30,-0.04408037246445886,-0.023740269398297313
1,-1.2118273183660517,12.615041534916074,2022-S1,seche,2022-01-01,2022-06-30,-0.08780034738677403,0.0025430586323792496
1,-1.2196893270491231,12.158789535730673,2022-S1,seche,2022-01-01,2022-06-30,-0.1362756396870165,0.04895590868084629
1,-1.2206308081089667,12.159505853088383,2022-S1,seche,2022-01-01,2022-06-30,-0.12417518325954381,0.037326338325528334
1,-1.2341953679479958,12.09159321812497,2022-S1,seche,2022-01-01,2022-06-30,-0.09104665825977301,0.005812601720530109
1,-1.234609591679788,12.092476562029656,2022-S1,seche,2022-01-01,2022-06-30,-0.07998868313304529,-0.004195590152835492
1,-1.2414455213321771,12.37754287809319,2022-S1,seche,2022-01-01,2022-06-30,-0.06973209521401251,0.06386760263400688
1,-1.2492870649586534,12.1983130753877,2022-S1,seche,2022-01-01,2022-06-30,-0.1428209030948757,0.013726372637263727
1,-1.2796501214630207,12.604231807470335,2022-S1,seche,2022-01-01,2022-06-30,-0.17063743730940625,0.03017873862515523
1,-1.2807150002238452,12.041391387457784,2022-S1,seche,2022-01-01,2022-06-30,-0.14355283591235163,0.05124666730412416
1,-1.2873756333267863,12.465472043420156,2022-S1,seche,2022-01-01,2022-06-30,-0.26311475409836066,0.11930270564735791
1,-1.2888129395814194,12.221309948380593,2022-S1,seche,2022-01-01,2022-06-30,0.017069701280227598,-0.013209568011424491
1,-1.3016588471660469,12.549374686860226,2022-S1,seche,2022-01-01,2022-06-30,0.011429928456311777,-0.01641365259429971
1,-1.3028266571163172,12.214123423624384,2022-S1,seche,2022-01-01,2022-06-30,-0.5271654765600745,0.4646419532529403
1,-1.3038148037714163,12.499787683894233,2022-S1,seche,2022-01-01,2022-06-30,-0.07216915196636259,-0.03965199714990813
1,-1.3084717424455339,12.216729762131727,2022-S1,seche,2022-01-01,2022-06-30,0.010284170690258117,0.014065982409626327
1,-1.3060889598321304,12.703667429539616,2022-S1,seche,2022-01-01,2022-06-30,-0.27784022045951307,0.11149580172939885
1,-1.313833619642546,12.468643611568409,2022-S1,seche,2022-01-01,2022-06-30,-0.13835486683668555,-0.0027443634914107048
1,-1.3138759342606068,12.147737924169673,2022-S1,seche,2022-01-01,2022-06-30,-0.08211251890710404,0.034430980835038955
1,-1.3144149239768896,12.148097249765083,2022-S1,seche,2022-01-01,2022-06-30,-0.07324578450130566,0.03191008770659835
1,-1.3148640825319333,12.148187084446008,2022-S1,seche,2022-01-01,2022-06-30,-0.07344406643986391,0.029558541266794625
1,-1.3170200378211259,12.497601783571465,2022-S1,seche,2022-01-01,2022-06-30,-0.050416436044943815,0.01659279397483039
1,-1.317618913884142,12.497751502996891,2022-S1,seche,2022-01-01,2022-06-30,-0.12925501823316984,0.057671637925296594
1,-1.3182776817067314,12.68025922393991,2022-S1,seche,2022-01-01,2022-06-30,-0.021757288421050004,-0.06111238282450965
1,-1.3225895933451584,12.21753702304723,2022-S1,seche,2022-01-01,2022-06-30,-0.4550832944107115,0.4249123341972862
1,-1.324952006267278,12.128750376398449,2022-S1,seche,2022-01-01,2022-06-30,-0.14851978031598845,0.026683946019579092
1,-1.3259133597009451,12.21547089721347,2022-S1,seche,2022-01-01,2022-06-30,-0.30454724992870674,0.2576392093211504
1,-1.3263625174361169,12.214183311584243,2022-S1,seche,2022-01-01,2022-06-30,-0.39231830905501286,0.34938235058166506
1,-1.3270811693174764,12.214303087525236,2022-S1,seche,2022-01-01,2022-06-30,-0.2778180062756457,0.24418331374853114
1,-1.330427257358201,12.30442158912369,2022-S1,seche,2022-01-01,2022-06-30,0.0077212640535585745,-0.02887688524348241
1,-1.3289534446095812,12.213719970542659,2022-S1,seche,2022-01-01,2022-06-30,-0.2482707474417256,0.21840994615054088
1,-1.3308540960792719,12.214303086757297,2022-S1,seche,2022-01-01,2022-06-30,-0.40023520188161504,0.3456394801280844
1,-1.3319096136287643,12.214752243383332,2022-S1,seche,2022-01-01,2022-06-30,-0.4487606801847344,0.4085052205421175
1,-1.3332667119037223,12.215509395580208,2022-S1,seche,2022-01-01,2022-06-30,-0.19461503801736038,0.16253751476447148
1,-1.3358726006179549,12.211244785733738,2022-S1,seche,2022-01-01,2022-06-30,-0.08983685791462455,0.07033549655583826
1,-1.3365134800821359,12.214572581273057,2022-S1,seche,2022-01-01,2022-06-30,-0.031850326315136984,0.03578199111108679
1,-1.3369738665919548,12.211883249265332,2022-S1,seche,2022-01-01,2022-06-30,-0.257749606916559,0.23636824671844353
1,-1.3454336974486063,12.174799587812464,2022-S1,seche,2022-01-01,2022-06-30,0.12244697542481511,-0.17875116584922585
1,-1.3482814105393934,12.165794061664478,2022-S1,seche,2022-01-01,2022-06-30,-0.18663958474385015,0.09245792644920009
1,-1.3497187132739115,12.231550740935702,2022-S1,seche,2022-01-01,2022-06-30,-0.1513481598110608,0.045389563974267334
1,-1.3498983785789076,12.17441788804624,2022-S1,seche,2022-01-01,2022-06-30,-0.13832501386577925,0.043840911402705726
1,-1.350048096559662,12.203044201621797,2022-S1,seche,2022-01-01,2022-06-30,0.16021606857320067,-0.16227318987134887
1,-1.3500780388244469,12.225981185575915,2022-S1,seche,2022-01-01,2022-06-30,0.0786968762568709,-0.09172614327253502
1,-1.3540306281804682,12.234515179683983,2022-S1,seche,2022-01-01,2022-06-30,-0.16084698469689018,0.0996214672449022
1,-1.3547819458569748,12.234278352793691,2022-S1,seche,2022-01-01,2022-06-30,-0.09717416153418709,0.04124743230952457
1,-1.3556475934505552,12.234425348154884,2022-S1,seche,2022-01-01,2022-06-30,-0.20601156069364163,0.11560260934659394
1,-1.3529860033970182,12.22934779386732,2022-S1,seche,2022-01-01,2022-06-30,0.15376088072008642,-0.21484421153524086
1,-1.3646864480546252,12.115326702292078,2022-S1,seche,2022-01-01,2022-06-30,0.0376602732637128,-0.0813199943440262
1,-1.364532923547198,12.20261709020805,2022-S1,seche,2022-01-01,2022-06-30,0.18212828701713973,-0.1446194974775107
1,-1.370579995684672,12.350965587075152,2022-S1,seche,2022-01-01,2022-06-30,-0.29728790088143153,0.14092820725669983
1,-1.3706494608991107,12.34958936707333,2022-S1,seche,2022-01-01,2022-06-30,-0.21381317178622716,0.07368986166893018
1,-1.371547776034114,12.454347902623212,2022-S1,seche,2022-01-01,2022-06-30,-0.20505525499341434,0.12248972306215444
1,-1.3721765958674053,12.451368490796588,2022-S1,seche,2022-01-01,2022-06-30,-0.13644575282740015,0.06748160179682543
1,-1.3726000886194365,12.453550112714531,2022-S1,seche,2022-01-01,2022-06-30,-0.17202885845817736,0.09046802900136859
1,-1.3746132772254935,12.202366722839749,2022-S1,seche,2022-01-01,2022-06-30,0.07254422451246763,-0.060349655462314696
1,-1.3764779419260083,12.198883768472028,2022-S1,seche,2022-01-01,2022-06-30,-0.2563664778496325,0.18068264636796003
1,-1.3767580044633536,12.203792797692197,2022-S1,seche,2022-01-01,2022-06-30,-0.3108269805697633,0.2348977794480248
1,-1.3772071623249367,12.198672400058843,2022-S1,seche,2022-01-01,2022-06-30,-0.30684767418646436,0.23230421686746988
1,-1.377397394078151,12.264365668785146,2022-S1,seche,2022-01-01,2022-06-30,-0.18742301610108697,0.061986100597969045
1,-1.3791834552758606,12.203433471277906,2022-S1,seche,2022-01-01,2022-06-30,0.04011950033514841,-0.06027048063124401
1,-1.3795427835725196,12.198672399278271,2022-S1,seche,2022-01-01,2022-06-30,-0.0025684931506849314,-0.01014370245139476
1,-1.3801536360430906,12.198528669985443,2022-S1,seche,2022-01-01,2022-06-30,0.0024474417842796784,-0.021571352250435622
1,-1.3808280637174033,12.427742797954542,2022-S1,seche,2022-01-01,2022-06-30,-0.09482413735256953,-0.05057694343788455
1,-1.3823275578301146,12.561232447564509,2022-S1,seche,2022-01-01,2022-06-30,-0.1483739950754164,0.09506494955411364
1,-1.3847729724802345,12.299962439940083,2022-S1,seche,2022-01-01,2022-06-30,-0.07724190740558895,0.021618952592159835
1,-1.3850282541937478,12.560961704670929,2022-S1,seche,2022-01-01,2022-06-30,-0.12480104768377454,0.0688403807845394
1,-1.3899632396049124,12.199930039776644,2022-S1,seche,2022-01-01,2022-06-30,-0.03663683943947324,0.011865524060646011
1,-1.3979650324775161,12.237732922610974,2022-S1,seche,2022-01-01,2022-06-30,-0.014421874010722898,-0.03577110474898697
1,-1.410111697957624,12.190760958938549,2022-S1,seche,2022-01-01,2022-06-30,0.025089222103619982,-0.06923539340577481
1,-1.4099399398632793,12.341904826764333,2022-S1,seche,2022-01-01,2022-06-30,0.06607543463086503,-0.09531988618252488
1,-1.4095465108357597,12.349230040199194,2022-S1,seche,2022-01-01,2022-06-30,-0.25651762798865324,0.17806484295845998
1,-1.4098160075983093,12.347074084499434,2022-S1,seche,2022-01-01,2022-06-30,-0.22343081509243334,0.132975606738018
1,-1.4097261760968784,12.348152064100828,2022-S1,seche,2022-01-01,2022-06-30,-0.1264791030769269,0.051883439232359
1,-1.4104448274375758,12.48810958695964,2022-S1,seche,2022-01-01,2022-06-30,-0.07592425772254717,0.054253781916046274
1,-1.4206984541772771,12.143967878049715,2022-S1,seche,2022-01-01,2022-06-30,-0.1145690781869274,0.0346095319573234
1,-1.4179457608699615,12.363625544476815,2022-S1,seche,2022-01-01,2022-06-30,-0.10109425591983029,0.06579281272568745
1,-1.4190686533935948,12.333868851434588,2022-S1,seche,2022-01-01,2022-06-30,-0.27892677930403875,0.10765167290853736
1,-1.4201466337054363,12.542457659522194,2022-S1,seche,2022-01-01,2022-06-30,-0.5174012297769381,0.4645647693520034
1,-1.420416127228511,12.5419186706758,2022-S1,seche,2022-01-01,2022-06-30,-0.43628453095188663,0.40553446967811807
1,-1.4219294429654286,12.553382555881402,2022-S1,seche,2022-01-01,2022-06-30,-0.14399433023009423,0.029303460195096775
1,-1.4233805673252715,12.553506938553332,2022-S1,seche,2022-01-01,2022-06-30,-0.11738061865194159,0.0014898167665382631
1,-1.4258958498024958,12.492780824373298,2022-S1,seche,2022-01-01,2022-06-30,-0.34835801674179007,0.3058933582787652
1,-1.4264348400531548,12.13686831008752,2022-S1,seche,2022-01-01,2022-06-30,-0.23337484433374844,0.13111009593421655
1,-1.4307513606823155,11.927813296887518,2022-S1,seche,2022-01-01,2022-06-30,0.055086440477983445,-0.072917426355413
1,-1.4298484372531857,11.930435456924553,2022-S1,seche,2022-01-01,2022-06-30,0.007188800605372683,-0.029226785053644098
1,-1.4464572890126965,12.286674027787484,2022-S1,seche,2022-01-01,2022-06-30,-0.23720646562040185,0.06060488043753343
1,-1.446816615116256,12.28552950667812,2022-S1,seche,2022-01-01,2022-06-30,-0.21212272473781654,0.0612493329330598
1,-1.4491894132807135,12.341382979819702,2022-S1,seche,2022-01-01,2022-06-30,0.18119287819633395,-0.18275455937287863
1,-1.4510486786023025,12.340246889250967,2022-S1,seche,2022-01-01,2022-06-30,-0.39818548387096775,0.2438067481224078
1,-1.4551552624717126,12.361190468903875,2022-S1,seche,2022-01-01,2022-06-30,-0.5003905701121126,0.39927136860458246
1,-1.4623724145378298,12.49057245736507,2022-S1,seche,2022-01-01,2022-06-30,0.0921762885365986,-0.11837089966227046
1,-1.4595826740480848,12.347613074056799,2022-S1,seche,2022-01-01,2022-06-30,-0.17686380467248128,0.0622318965239146
1,-1.4602564097199249,12.34783765467525,2022-S1,seche,2022-01-01,2022-06-30,-0.31444096827109597,0.15964802566724712
1,-1.4681166703045636,12.565364700379531,2022-S1,seche,2022-01-01,2022-06-30,-0.187211093990755,0.1150506512301013
1,-1.4685358817847824,12.564885600027019,2022-S1,seche,2022-01-01,2022-06-30,-0.2464636591598258,0.17649635191917992
1,-1.4716799864229224,12.486178207446107,2022-S1,seche,2022-01-01,2022-06-30,-0.07100652114861063,0.019838683359411496
1,-1.471170941185348,12.565185035243374,2022-S1,seche,2022-01-01,2022-06-30,-0.2306338028169014,0.16016597510373445
1,-1.4254187036117287,12.518784094278011,2022-S1,seche,2022-01-01,2022-06-30,0.20171234648481373,-0.12464363360738648
1,-1.4739736839181385,12.566119284610675,2022-S1,seche,2022-01-01,2022-06-30,-0.07749713812879004,0.04833707713031572
1,-1.4738658883512348,12.5486560351543,2022-S1,seche,2022-01-01,2022-06-30,-0.27756970453599666,0.19921875
1,-1.475220454909838,12.546514259769259,2022-S1,seche,2022-01-01,2022-06-30,-0.22559746353705137,0.15423988650085554
1,-1.474898948411452,12.483528177059092,2022-S1,seche,2022-01-01,2022-06-30,-0.11884652337046751,0.08315323159937296
1,-1.4749438637923116,12.569856275096445,2022-S1,seche,2022-01-01,2022-06-30,-0.13443830570902393,0.11949114039073148
1,-1.4762015067640806,12.581354711764483,2022-S1,seche,2022-01-01,2022-06-30,-0.1997430231793949,0.0076610555955933255
1,-1.4763811700827258,12.57021560311502,2022-S1,seche,2022-01-01,2022-06-30,-0.1793286219081272,0.14005123825789922
1,-1.4783574622242228,12.542906818202702,2022-S1,seche,2022-01-01,2022-06-30,-0.23031914893617023,0.16289592760180996
1,-1.4793327749251348,11.977096518588079,2022-S1,seche,2022-01-01,2022-06-30,0.10794049442068189,-0.10157526261565406
1,-1.479255776519362,12.712149416946174,2022-S1,seche,2022-01-01,2022-06-30,0.051220679751077074,-0.03340648622287247
1,-1.484376176764232,12.570574928564351,2022-S1,seche,2022-01-01,2022-06-30,-0.14977670712114763,0.09670451576684465
1,-1.4848253330413888,12.57075459179979,2022-S1,seche,2022-01-01,2022-06-30,-0.3558844256518675,0.2571055210715453
1,-1.4853643223053865,12.570934254546582,2022-S1,seche,2022-01-01,2022-06-30,-0.4096551724137931,0.2859389745202894
1,-1.487879604745963,12.575785157677922,2022-S1,seche,2022-01-01,2022-06-30,-0.07906388361796332,0.05683754065355428
1,-1.4885084261166284,12.574886844066391,2022-S1,seche,2022-01-01,2022-06-30,-0.26861923379734076,0.14378072994516594
1,-1.4889396167092006,12.57704279851742,2022-S1,seche,2022-01-01,2022-06-30,-0.10622847176839664,0.030359949514817453
1,-1.4918321919982567,12.579198752866533,2022-S1,seche,2022-01-01,2022-06-30,-0.1530333610352606,0.08199643493761141
1,-1.5085368074940029,12.38874396784703,2022-S1,seche,2022-01-01,2022-06-30,0.22059116402188472,-0.19197671023209736
1,-1.507103554931892,12.666065842639435,2022-S1,seche,2022-01-01,2022-06-30,-0.046428233502446584,-0.023377819637876343
1,-1.5153740997580982,12.521957999952539,2022-S1,seche,2022-01-01,2022-06-30,-0.14275141727143068,0.07936636580451206
1,-1.5181977469098744,12.447281154794904,2022-S1,seche,2022-01-01,2022-06-30,0.062244470014435525,-0.08972477102269133
1,-1.5197073064996884,12.388326285254301,2022-S1,seche,2022-01-01,2022-06-30,0.09214366948272708,-0.03260647260239458
1,-1.5209376055970687,12.389115238934696,2022-S1,seche,2022-01-01,2022-06-30,0.040566398775354,0.022639200489496226
1,-1.5274009152565153,12.130118163119086,2022-S1,seche,2022-01-01,2022-06-30,0.003388790238169469,-0.05267425148673475
1,-1.5257885084311604,12.51919129256521,2022-S1,seche,2022-01-01,2022-06-30,-0.3833213169911079,0.3078845716882527
1,-1.5283037928784926,12.519191293423978,2022-S1,seche,2022-01-01,2022-06-30,-0.3327625570776256,0.21519646109810045
1,-1.5284834546651525,12.518831969545094,2022-S1,seche,2022-01-01,2022-06-30,-0.26639455782312926,0.1551253412757508
1,-1.5289326134561367,12.519011630369413,2022-S1,seche,2022-01-01,2022-06-30,-0.22888049684919354,0.11617759377595833
1,-1.539083575855333,12.238916924510978,2022-S1,seche,2022-01-01,2022-06-30,0.09077468953282082,-0.11127167630057803
1,-1.5405208821816359,12.3883965900636,2022-S1,seche,2022-01-01,2022-06-30,-0.014670760832480383,-0.04572437028718113
1,-1.5412681163460846,12.23878285839742,2022-S1,seche,2022-01-01,2022-06-30,0.10601720271081054,-0.13534213246216414
1,-1.5421378471830092,12.456848214010778,2022-S1,seche,2022-01-01,2022-06-30,-0.19418960244648317,0.10362694300518134
1,-1.5424971740257973,12.24053389407346,2022-S1,seche,2022-01-01,2022-06-30,-0.1298123847738857,0.006570048309178744
1,-1.5429463313357183,12.23550332864735,2022-S1,seche,2022-01-01,2022-06-30,-0.20026495915213072,0.06452560462156076
1,-1.5435751523205326,12.457566864611627,2022-S1,seche,2022-01-01,2022-06-30,-0.22201492537313433,0.15164835164835164
1,-1.544293805413647,12.239575689545141,2022-S1,seche,2022-01-01,2022-06-30,0.1506863899779307,-0.17055806938178839
1,-1.544186007072802,12.238162340709483,2022-S1,seche,2022-01-01,2022-06-30,-0.10940517939477609,0.049287685080060435
1,-1.5453717831795648,12.238737262691565,2022-S1,seche,2022-01-01,2022-06-30,-0.10703223586096133,0.027579597486955595
1,-1.545281951721977,12.23963557686459,2022-S1,seche,2022-01-01,2022-06-30,0.09768550843450134,-0.11882581138872238
1,-1.5456412782989946,12.240174565362766,2022-S1,seche,2022-01-01,2022-06-30,0.04353605272382463,-0.06862847247202152
1,-1.5459107728693788,12.30516767568426,2022-S1,seche,2022-01-01,2022-06-30,-0.013398383229851556,-0.01889432608538696
1,-1.5462700981295372,12.238916926152061,2022-S1,seche,2022-01-01,2022-06-30,-0.12189961208416598,0.06327985739750445
1,-1.557658315483124,12.456478155249107,2022-S1,seche,2022-01-01,2022-06-30,0.028331923524490828,-0.09456758855607672
1,-1.5550735885469122,12.594110789388685,2022-S1,seche,2022-01-01,2022-06-30,-0.06010758556170578,-0.03368391131324616
1,-1.5559719035223951,12.59590741764168,2022-S1,seche,2022-01-01,2022-06-30,0.10097991013853969,-0.1819538605633917
1,-1.5659432028318885,12.563927395017513,2022-S1,seche,2022-01-01,2022-06-30,-0.0857538836889602,0.013554502205838526
1,-1.5670660978973232,11.949255162622778,2022-S1,seche,2022-01-01,2022-06-30,-0.11860937978230238,0.05382888798485924
1,-1.5754091442152967,11.945697819854816,2022-S1,seche,2022-01-01,2022-06-30,0.05540712758630739,-0.07492632952119044
1,-1.5789750827205606,12.02258324396696,2022-S1,seche,2022-01-01,2022-06-30,-0.21960756546710566,0.10392099084506322
1,-1.5884820808238356,12.337310429027932,2022-S1,seche,2022-01-01,2022-06-30,0.0607913143566077,-0.1371172346051272
1,-1.5911858611684235,12.334138344391397,2022-S1,seche,2022-01-01,2022-06-30,-0.007673419275629221,-0.06918060674794443
1,-1.591329593186693,12.336536847379895,2022-S1,seche,2022-01-01,2022-06-30,0.0684260481503925,-0.1387384701488937
1,-1.5914681900036534,12.335087992434351,2022-S1,seche,2022-01-01,2022-06-30,-0.014639853942099148,-0.05863301160340375
1,-1.592084178279386,12.33530615520687,2022-S1,seche,2022-01-01,2022-06-30,-0.05912183642983115,-0.003978269145736735
1,-1.5928028300233403,12.335276211547422,2022-S1,seche,2022-01-01,2022-06-30,-0.0837330063644447,0.04057341316255799
1,-1.5933717633290527,12.33569542472046,2022-S1,seche,2022-01-01,2022-06-30,0.00490507747230709,-0.04947786832828254
1,-1.5989113740984224,12.316082208512587,2022-S1,seche,2022-01-01,2022-06-30,-0.2960343426003461,0.0753854585822684
1,-1.5939212287328517,12.51408466057964,2022-S1,seche,2022-01-01,2022-06-30,-0.030913664736676328,-0.02671864680533262
1,-1.6010544970779639,12.51600869080926,2022-S1,seche,2022-01-01,2022-06-30,-0.2017434557594277,0.09340048255599016
1,-1.612078462991711,12.648809476806685,2022-S1,seche,2022-01-01,2022-06-30,0.025953558548490064,-0.034327717865022166
1,-1.620920098318496,12.650345325940211,2022-S1,seche,2022-01-01,2022-06-30,-0.2268857637474651,0.08516065750225715
1,-1.6212875916458782,12.416211696078102,2022-S1,seche,2022-01-01,2022-06-30,0.07292147432780018,-0.071194088149994
1,-1.6459157215828049,12.09159321840699,2022-S1,seche,2022-01-01,2022-06-30,-0.34533764077858103,0.27150886596774243
1,-1.646162759408768,12.090874565625224,2022-S1,seche,2022-01-01,2022-06-30,-0.29812770043206915,0.2224231464737794
1,-1.6469013729828939,12.091094155679853,2022-S1,seche,2022-01-01,2022-06-30,-0.32803670488369474,0.2307839600739784
1,-1.6472407367992052,12.093569511679581,2022-S1,seche,2022-01-01,2022-06-30,-0.37240757439134353,0.2511302918207974
1,-1.6481390518979566,12.091353667969438,2022-S1,seche,2022-01-01,2022-06-30,-0.31253922837495113,0.3165671172000492
1,-1.6488577051338096,12.091593218486347,2022-S1,seche,2022-01-01,2022-06-30,-0.2583616093068347,0.26264591439688717
1,-1.6489475348850475,12.093749176366034,2022-S1,seche,2022-01-01,2022-06-30,-0.29501164946520375,0.2855404526682252
1,-1.6501153446045227,12.091952544639804,2022-S1,seche,2022-01-01,2022-06-30,-0.23907707412862053,0.12028406569019086
1,-1.6650273773944901,12.16148214821362,2022-S1,seche,2022-01-01,2022-06-30,-0.42383261035978564,0.33877159309021115
1,-1.6659256942473455,12.160494001174182,2022-S1,seche,2022-01-01,2022-06-30,-0.3473631366339254,0.23996594018577636
1,-1.666320407134925,12.1617843078802,2022-S1,seche,2022-01-01,2022-06-30,-0.07260260796875127,0.0507913189302053
1,-1.6698571437570802,12.340585078466125,2022-S1,seche,2022-01-01,2022-06-30,-0.20607411810523615,0.0627037921322867
1,-1.6769068871082216,12.18810536109011,2022-S1,seche,2022-01-01,2022-06-30,-0.06595894411630877,0.010815617829094088
1,-1.683832112694259,12.559313548611014,2022-S1,seche,2022-01-01,2022-06-30,-0.07248573389925794,0.00552171180006849
1,-1.6819138733861787,12.212862661017333,2022-S1,seche,2022-01-01,2022-06-30,-0.0833567237966108,0.060920136845514276
1,-1.684700484536466,12.216189548341957,2022-S1,seche,2022-01-01,2022-06-30,-0.02140915256220612,0.01466937338589273
1,-1.6851496400746389,12.2157403897817,2022-S1,seche,2022-01-01,2022-06-30,-0.2591158438205873,0.1845780206435944
1,-1.6910698955907535,12.141545295204413,2022-S1,seche,2022-01-01,2022-06-30,-0.07261024350620682,0.0366582812516675
1,-1.6924759014508317,12.144034868788497,2022-S1,seche,2022-01-01,2022-06-30,-0.0686740793962687,0.009291670827312234
1,-1.6993430224898687,12.303595625631964,2022-S1,seche,2022-01-01,2022-06-30,-0.1126945126945127,0.043631894300199724
1,-1.6999718423326842,12.303505793809078,2022-S1,seche,2022-01-01,2022-06-30,-0.09505832985664597,0.04020178714255472
1,-1.7172356197401732,12.325514518000164,2022-S1,seche,2022-01-01,2022-06-30,-0.20051998792023165,0.08375556737937948
1,-1.7185669701891277,12.326592497221142,2022-S1,seche,2022-01-01,2022-06-30,-0.18893095366864973,0.09944152704842878
1,-1.7399907588914152,12.074107714404573,2022-S1,seche,2022-01-01,2022-06-30,0.050821206976231846,-0.11103025819330385
1,-1.8532157384520647,12.095082158888353,2022-S2,pluies,2022-07-01,2022-12-31,0.27018495130812226,-0.2835579056145257
1,-1.8698671635979942,12.184925189509107,2022-S2,pluies,2022-07-01,2022-12-31,0.3563435788186027,-0.23633881124839992
1,-1.924281170534282,12.414088406434953,2022-S2,pluies,2022-07-01,2022-12-31,0.1957040572792363,-0.14212982605006363
1,-1.9252393735943116,12.413329828574723,2022-S2,pluies,2022-07-01,2022-12-31,0.21033026837169505,-0.15022379499929642
1,-1.9264371271229912,12.413010428342506,2022-S2,pluies,2022-07-01,2022-12-31,0.2084717607973422,-0.1464397671294223
1,-1.9267964530243678,12.41283076390253,2022-S2,pluies,2022-07-01,2022-12-31,0.20473083197389885,-0.13945278022947927
1,-1.9574161711294407,12.43118206230244,2022-S2,pluies,2022-07-01,2022-12-31,0.16659987669693357,-0.06372013401301338
1,-1.952753545408458,12.40907851784621,2022-S2,pluies,2022-07-01,2022-12-31,0.30402232226087333,-0.20675126446397243
1,-1.0893869452076947,12.49781139062258,2022-S2,pluies,2022-07-01,2022-12-31,0.2642122360584732,-0.38825118163403105
1,-1.0895666084806583,12.498350379815955,2022-S2,pluies,2022-07-01,2022-12-31,0.25925925925925924,-0.38666666666666666
1,-1.0895666104047883,12.498709705913637,2022-S2,pluies,2022-07-01,2022-12-31,0.250201558720774,-0.38013774716729615
1,-1.0906445865882128,12.514160729344816,2022-S2,pluies,2022-07-01,2022-12-31,0.2541638973646841,-0.38233581414763224
1,-1.0920818892211193,12.51487937995568,2022-S2,pluies,2022-07-01,2022-12-31,0.2586724938541382,-0.38458049886621315
1,-1.0924412167853803,12.51469971721013,2022-S2,pluies,2022-07-01,2022-12-31,0.25416325416325414,-0.38537682789651295
1,-1.092800543994178,12.498530041793588,2022-S2,pluies,2022-07-01,2022-12-31,0.2587374695204552,-0.38860335195530726
1,-1.0932497004775314,12.498260547784568,2022-S2,pluies,2022-07-01,2022-12-31,0.25443962115389995,-0.3830851713744051
1,-1.093249701278998,12.514520054447027,2022-S2,pluies,2022-07-01,2022-12-31,0.2590062448621193,-0.37886147917012114
1,-1.0936988594280612,12.499069033244146,2022-S2,pluies,2022-07-01,2022-12-31,0.24966115478449444,-0.3807606263982103
1,-1.0939683527042396,12.498530041447275,2022-S2,pluies,2022-07-01,2022-12-31,0.2557066850550764,-0.3847246016135035
1,-1.09423784837424,12.498979200053313,2022-S2,pluies,2022-07-01,2022-12-31,0.25465880273572583,-0.3816761997484889
1,-1.096357692819935,12.517395427751643,2022-S2,pluies,2022-07-01,2022-12-31,0.2666930051376784,-0.38212012485538205
1,-1.0945073421451468,12.497631726485157,2022-S2,pluies,2022-07-01,2022-12-31,0.2638266533897602,-0.395753859741495
1,-1.0946870048543371,12.498709707427455,2022-S2,pluies,2022-07-01,2022-12-31,0.2548760548122725,-0.3835310414894869
1,-1.094956499093331,12.498332412799954,2022-S2,pluies,2022-07-01,2022-12-31,0.2583528927109201,-0.38680294840913076
1,-1.0958548143130395,12.498350379484027,2022-S2,pluies,2022-07-01,2022-12-31,0.25740441572428646,-0.38697488330740165
1,-1.0958548146838514,12.500236841525476,2022-S2,pluies,2022-07-01,2022-12-31,0.2575111383635901,-0.3825917732252553
1,-1.0960344803348354,12.499697852670268,2022-S2,pluies,2022-07-01,2022-12-31,0.25691187128579906,-0.37164909605650676
1,-1.0962141404453765,12.49547577035815,2022-S2,pluies,2022-07-01,2022-12-31,0.25555258228525557,-0.38122775800711745
1,-1.0963938053020117,12.498350379392555,2022-S2,pluies,2022-07-01,2022-12-31,0.25748180102453494,-0.37889039242219213
1,-1.0965734660943165,12.500147010106229,2022-S2,pluies,2022-07-01,2022-12-31,0.24456375838926175,-0.3739710789766407
1,-1.0991486381340976,12.502841955761046,2022-S2,pluies,2022-07-01,2022-12-31,0.24133076977599602,-0.37374690697713886
1,-1.0998074007463547,12.503380946683674,2022-S2,pluies,2022-07-01,2022-12-31,0.23789135670323788,-0.37735024048972454
1,-1.0998074010361238,12.513082750079075,2022-S2,pluies,2022-07-01,2022-12-31,0.2545307005680281,-0.3678899082568807
1,-1.1002565595377012,12.503380946237963,2022-S2,pluies,2022-07-01,2022-12-31,0.25404065858739827,-0.3803468243116329
1,-1.1005260545286635,12.503740271015237,2022-S2,pluies,2022-07-01,2022-12-31,0.25335524513831825,-0.37790963030579644
1,-1.100885379857276,12.503740271370564,2022-S2,pluies,2022-07-01,2022-12-31,0.24715447154471545,-0.3674863387978142
1,-1.1010650443927588,12.504369091771991,2022-S2,pluies,2022-07-01,2022-12-31,0.24328641422866693,-0.36511580748956407
1,-1.1009752122212941,12.513711569397547,2022-S2,pluies,2022-07-01,2022-12-31,0.23542643023233673,-0.35316036941752704
1,-1.1016040336854052,12.513981065127128,2022-S2,pluies,2022-07-01,2022-12-31,0.2521321961620469,-0.37630584574349857
1,-1.1021430211700762,12.503380946591323,2022-S2,pluies,2022-07-01,2022-12-31,0.24546424759871932,-0.3794162826420891
1,-1.1021430205319593,12.514430222424926,2022-S2,pluies,2022-07-01,2022-12-31,0.25564513434471214,-0.37336830103693686
1,-1.1023226867960343,12.503740270623425,2022-S2,pluies,2022-07-01,2022-12-31,0.24727175938248602,-0.38023230330922636
1,-1.102622123626895,12.518532529173344,2022-S2,pluies,2022-07-01,2022-12-31,0.25729279539465505,-0.36569718454861144
1,-1.1028616734371246,12.514699717816582,2022-S2,pluies,2022-07-01,2022-12-31,0.24842436974789917,-0.35482416591523896
1,-1.1028616739963106,12.515059044400559,2022-S2,pluies,2022-07-01,2022-12-31,0.24531333690412427,-0.3598364379827351
1,-1.1028616737511001,12.518113316760193,2022-S2,pluies,2022-07-01,2022-12-31,0.25413060582218727,-0.3678595243387419
1,-1.1030413374828703,12.517394663028796,2022-S2,pluies,2022-07-01,2022-12-31,0.2503262855651266,-0.35950044603033005
1,-1.1032209998327969,12.515418370276732,2022-S2,pluies,2022-07-01,2022-12-31,0.24712041884816754,-0.35515695067264574
1,-1.1032209996190725,12.518113314934942,2022-S2,pluies,2022-07-01,2022-12-31,0.2582503928758512,-0.36813922356091033
1,-1.1034006637076832,12.515059045271926,2022-S2,pluies,2022-07-01,2022-12-31,0.25064867669953295,-0.35893451720310765
1,-1.1035803261023416,12.514699717815319,2022-S2,pluies,2022-07-01,2022-12-31,0.25765105937745225,-0.35690006798096535
1,-1.1034904943463397,12.516047190153204,2022-S2,pluies,2022-07-01,2022-12-31,0.2533392680854472,-0.3622546063887135
1,-1.1035803261074164,12.51703533887873,2022-S2,pluies,2022-07-01,2022-12-31,0.25506712292708605,-0.36999109528049867
1,-1.1035803252496823,12.517574328048122,2022-S2,pluies,2022-07-01,2022-12-31,0.24485488126649077,-0.35815205202960304
1,-1.1037599896132624,12.504548754451516,2022-S2,pluies,2022-07-01,2022-12-31,0.23772939930372522,-0.3523659855318566
1,-1.1037599906766489,12.515328538765413,2022-S2,pluies,2022-07-01,2022-12-31,0.2632830743320477,-0.3616149451655168
1,-1.103849820483322,12.514430223365762,2022-S2,pluies,2022-07-01,2022-12-31,0.2589667620644587,-0.361023897610239
1,-1.1039396519632354,12.51487938127791,2022-S2,pluies,2022-07-01,2022-12-31,0.2573663624511082,-0.35434141917932443
1,-1.1039396525735576,12.515777695019235,2022-S2,pluies,2022-07-01,2022-12-31,0.26214601195115617,-0.35992787919765606
1,-1.1039396516470685,12.516137022164662,2022-S2,pluies,2022-07-01,2022-12-31,0.2594510616261005,-0.36117936117936117
1,-1.1041193169657633,12.50427926010907,2022-S2,pluies,2022-07-01,2022-12-31,0.24152542372881355,-0.357847533632287
1,-1.104119315447323,12.514160728586157,2022-S2,pluies,2022-07-01,2022-12-31,0.26263157894736844,-0.3598355037697053
1,-1.104209148020567,12.517574327743787,2022-S2,pluies,2022-07-01,2022-12-31,0.245611290584542,-0.3638686351149766
1,-1.1042989790872302,12.514609885387914,2022-S2,pluies,2022-07-01,2022-12-31,0.25729100665544535,-0.3546995767735157
1,-1.1042989797031955,12.516496347957293,2022-S2,pluies,2022-07-01,2022-12-31,0.2622822978944632,-0.3600901916572717
1,-1.104298978605195,12.5179336531783,2022-S2,pluies,2022-07-01,2022-12-31,0.2483434932414524,-0.3689363595905652
1,-1.1059236480753278,12.515424786179036,2022-S2,pluies,2022-07-01,2022-12-31,0.2532230778474674,-0.35732106171442274
1,-1.0952804095373214,12.49662813936818,2022-S2,pluies,2022-07-01,2022-12-31,0.2730143722330301,-0.3949110485018727
1,-1.1051972962768126,12.517574327592921,2022-S2,pluies,2022-07-01,2022-12-31,0.2517947354427014,-0.369341102644554
1,-1.1060105057121044,12.516997513633862,2022-S2,pluies,2022-07-01,2022-12-31,0.2503306353582148,-0.3626160410178418
1,-1.1064549356905609,12.513801402377322,2022-S2,pluies,2022-07-01,2022-12-31,0.2618984312682797,-0.3679417122040073
1,-1.106814262901016,12.513621737503053,2022-S2,pluies,2022-07-01,2022-12-31,0.24986849026827984,-0.3535811423390752
1,-1.1068142616905745,12.51649634930329,2022-S2,pluies,2022-07-01,2022-12-31,0.2447018559957878,-0.35838085653583807
1,-1.1068142627743742,12.51685567567926,2022-S2,pluies,2022-07-01,2022-12-31,0.24986751457339693,-0.3614525769707906
1,-1.1078922412586596,12.517753988595498,2022-S2,pluies,2022-07-01,2022-12-31,0.2659235668789809,-0.3684210526315789
1,-1.108071900765771,12.501045326063812,2022-S2,pluies,2022-07-01,2022-12-31,0.28720277851990383,-0.4061874026263076
1,-1.1081617333864677,12.514699716605818,2022-S2,pluies,2022-07-01,2022-12-31,0.24557593624848617,-0.3618981870652418
1,-1.1080719013292648,12.515328538456114,2022-S2,pluies,2022-07-01,2022-12-31,0.24818950523506977,-0.37271581299938017
1,-1.1080719002591009,12.517394663209167,2022-S2,pluies,2022-07-01,2022-12-31,0.27557160048134777,-0.37859846312650536
1,-1.108251566097525,12.51667600959774,2022-S2,pluies,2022-07-01,2022-12-31,0.26252452583387836,-0.36616076447442386
1,-1.1082515666164532,12.518203147722478,2022-S2,pluies,2022-07-01,2022-12-31,0.2747954662992257,-0.3806507767763043
1,-1.1084312304566974,12.515418371069018,2022-S2,pluies,2022-07-01,2022-12-31,0.268350747255654,-0.37667605633802814
1,-1.1084312305428043,12.515777695213409,2022-S2,pluies,2022-07-01,2022-12-31,0.2675982072238334,-0.3740423614240649
1,-1.1084312296328238,12.516137022877356,2022-S2,pluies,2022-07-01,2022-12-31,0.2698706099815157,-0.37697160883280756
1,-1.10861089122747,12.512723423178823,2022-S2,pluies,2022-07-01,2022-12-31,0.2504941362498353,-0.3555404486743712
1,-1.1087905544633379,12.515687863624693,2022-S2,pluies,2022-07-01,2022-12-31,0.2695885575077336,-0.371515630290035
1,-1.108970218157029,12.514879381206558,2022-S2,pluies,2022-07-01,2022-12-31,0.26535433070866143,-0.3696655782006531
1,-1.1179533710136813,12.52278455443077,2022-S2,pluies,2022-07-01,2022-12-31,0.28021108179419524,-0.39283329623859337
1,-1.1197500003935472,12.52943208803823,2022-S2,pluies,2022-07-01,2022-12-31,0.29685863874345547,-0.40758711954124394
1,-1.120468653000286,12.524581185112357,2022-S2,pluies,2022-07-01,2022-12-31,0.2767393561786085,-0.38688380281690143
1,-1.1240619148420394,12.522245567456483,2022-S2,pluies,2022-07-01,2022-12-31,0.3212620027434842,-0.4233100233100233
1,-1.1215609964199713,12.525057731270497,2022-S2,pluies,2022-07-01,2022-12-31,0.30404218336712574,-0.4070384833556766
1,-1.1386357594366283,12.488289248779006,2022-S2,pluies,2022-07-01,2022-12-31,0.4209858940624893,-0.3964993913696764
1,-1.1613298957352787,12.48086190010015,2022-S2,pluies,2022-07-01,2022-12-31,0.3654764959638999,-0.32637449109525796
1,-1.2103324895168066,12.615976884281514,2022-S2,pluies,2022-07-01,2022-12-31,0.5891429924793459,-0.5937869434519193
1,-1.2118273183660517,12.615041534916074,2022-S2,pluies,2022-07-01,2022-12-31,0.5879029036395366,-0.5931817899492909
1,-1.2196893270491231,12.158789535730673,2022-S2,pluies,2022-07-01,2022-12-31,0.3087238818349413,-0.2658223507204621
1,-1.2206308081089667,12.159505853088383,2022-S2,pluies,2022-07-01,2022-12-31,0.30822294438190445,-0.2671106959067839
1,-1.2341953679479958,12.09159321812497,2022-S2,pluies,2022-07-01,2022-12-31,0.2751445086705202,-0.23629719853836784
1,-1.234609591679788,12.092476562029656,2022-S2,pluies,2022-07-01,2022-12-31,0.33967171185860234,-0.29227940999934265
1,-1.2414455213321771,12.37754287809319,2022-S2,pluies,2022-07-01,2022-12-31,0.33784559615549387,-0.26760697041774995
1,-1.2492870649586534,12.1983130753877,2022-S2,pluies,2022-07-01,2022-12-31,0.25876288659793817,-0.2964774951076321
1,-1.2796501214630207,12.604231807470335,2022-S2,pluies,2022-07-01,2022-12-31,-0.25490364250778724,0.23717430288577498
1,-1.2807150002238452,12.041391387457784,2022-S2,pluies,2022-07-01,2022-12-31,0.35252703195418683,-0.40472551641797677
1,-1.2873756333267863,12.465472043420156,2022-S2,pluies,2022-07-01,2022-12-31,0.2590808005930319,-0.27189947186304864
1,-1.2888129395814194,12.221309948380593,2022-S2,pluies,2022-07-01,2022-12-31,0.18559556786703602,-0.14493456131846824
1,-1.3016588471660469,12.549374686860226,2022-S2,pluies,2022-07-01,2022-12-31,0.2456563070134177,0.048151071532538677
1,-1.3028266571163172,12.214123423624384,2022-S2,pluies,2022-07-01,2022-12-31,0.3631214600377596,-0.3035099793530626
1,-1.3038148037714163,12.499787683894233,2022-S2,pluies,2022-07-01,2022-12-31,0.3203561990971609,-0.29169731147468836
1,-1.3084717424455339,12.216729762131727,2022-S2,pluies,2022-07-01,2022-12-31,0.4148134377206019,-0.32491913323578653
1,-1.3060889598321304,12.703667429539616,2022-S2,pluies,2022-07-01,2022-12-31,0.003941236845570421,0.07811992088107536
1,-1.313833619642546,12.468643611568409,2022-S2,pluies,2022-07-01,2022-12-31,0.444839898027168,-0.4239384371943476
1,-1.3138759342606068,12.147737924169673,2022-S2,pluies,2022-07-01,2022-12-31,0.16907885642959564,-0.012700951598729209
1,-1.3144149239768896,12.148097249765083,2022-S2,pluies,2022-07-01,2022-12-31,0.038337276738490855,-0.008001857909964346
1,-1.3148640825319333,12.148187084446008,2022-S2,pluies,2022-07-01,2022-12-31,0.03873873873873874,-0.021998166819431713
1,-1.3170200378211259,12.497601783571465,2022-S2,pluies,2022-07-01,2022-12-31,0.4637280915419568,-0.20066625937325774
1,-1.317618913884142,12.497751502996891,2022-S2,pluies,2022-07-01,2022-12-31,0.43677329783927116,-0.1885826113283793
1,-1.3182776817067314,12.68025922393991,2022-S2,pluies,2022-07-01,2022-12-31,0.503794561234102,-0.41087103724086577
1,-1.3225895933451584,12.21753702304723,2022-S2,pluies,2022-07-01,2022-12-31,0.15519765739385066,-0.03592314118629908
1,-1.324952006267278,12.128750376398449,2022-S2,pluies,2022-07-01,2022-12-31,0.34567661856081855,-0.40097671597271917
1,-1.3259133597009451,12.21547089721347,2022-S2,pluies,2022-07-01,2022-12-31,0.11109599143153126,-0.018819635962493107
1,-1.3263625174361169,12.214183311584243,2022-S2,pluies,2022-07-01,2022-12-31,0.3385010755010105,-0.2388092776076293
1,-1.3270811693174764,12.214303087525236,2022-S2,pluies,2022-07-01,2022-12-31,-0.49242424242424243,0.5697211155378487
1,-1.330427257358201,12.30442158912369,2022-S2,pluies,2022-07-01,2022-12-31,0.5002889821256749,-0.4423984515633044
1,-1.3289534446095812,12.213719970542659,2022-S2,pluies,2022-07-01,2022-12-31,-0.11885292251528919,0.19079824004387594
1,-1.3308540960792719,12.214303086757297,2022-S2,pluies,2022-07-01,2022-12-31,-0.21579532814238042,0.29272619751626255
1,-1.3319096136287643,12.214752243383332,2022-S2,pluies,2022-07-01,2022-12-31,-0.5128019434418859,0.5502276495156875
1,-1.3332667119037223,12.215509395580208,2022-S2,pluies,2022-07-01,2022-12-31,0.07400937648313978,0.05076911958275781
1,-1.3358726006179549,12.211244785733738,2022-S2,pluies,2022-07-01,2022-12-31,-0.05744354677257175,0.13907405071172504
1,-1.3365134800821359,12.214572581273057,2022-S2,pluies,2022-07-01,2022-12-31,0.3055677648116227,-0.19108468046710558
1,-1.3369738665919548,12.211883249265332,2022-S2,pluies,2022-07-01,2022-12-31,-0.22482831063175893,0.28935487991114345
1,-1.3454336974486063,12.174799587812464,2022-S2,pluies,2022-07-01,2022-12-31,0.364029778381919,-0.4130216620155546
1,-1.3482814105393934,12.165794061664478,2022-S2,pluies,2022-07-01,2022-12-31,0.31333859510655093,-0.361545988258317
1,-1.3497187132739115,12.231550740935702,2022-S2,pluies,2022-07-01,2022-12-31,0.36537440254912373,-0.4053247076387161
1,-1.3498983785789076,12.17441788804624,2022-S2,pluies,2022-07-01,2022-12-31,0.2895287958115183,-0.3280514978955187
1,-1.350048096559662,12.203044201621797,2022-S2,pluies,2022-07-01,2022-12-31,0.19424885346598453,-0.25750107041041487
1,-1.3500780388244469,12.225981185575915,2022-S2,pluies,2022-07-01,2022-12-31,0.29416312330885197,-0.2553017944535073
1,-1.3540306281804682,12.234515179683983,2022-S2,pluies,2022-07-01,2022-12-31,0.31259414537910546,-0.3260491607198488
1,-1.3547819458569748,12.234278352793691,2022-S2,pluies,2022-07-01,2022-12-31,0.3233524960542431,-0.3287929151433742
1,-1.3556475934505552,12.234425348154884,2022-S2,pluies,2022-07-01,2022-12-31,0.032701111837802485,-0.04672897196261682
1,-1.3529860033970182,12.22934779386732,2022-S2,pluies,2022-07-01,2022-12-31,0.40207718934154163,-0.43927620882685847
1,-1.3646864480546252,12.115326702292078,2022-S2,pluies,2022-07-01,2022-12-31,0.37710731729001873,-0.3737697359774115
1,-1.364532923547198,12.20261709020805,2022-S2,pluies,2022-07-01,2022-12-31,0.36553335151666827,-0.24571808057460695
1,-1.370579995684672,12.350965587075152,2022-S2,pluies,2022-07-01,2022-12-31,0.3946077190147305,-0.34794100454407173
1,-1.3706494608991107,12.34958936707333,2022-S2,pluies,2022-07-01,2022-12-31,0.44066641389520816,-0.3990230870380117
1,-1.371547776034114,12.454347902623212,2022-S2,pluies,2022-07-01,2022-12-31,0.15514539415689024,-0.11618820703539538
1,-1.3721765958674053,12.451368490796588,2022-S2,pluies,2022-07-01,2022-12-31,0.1583071148160685,-0.10783404115361606
1,-1.3726000886194365,12.453550112714531,2022-S2,pluies,2022-07-01,2022-12-31,0.21979583123254662,-0.18452865101187135
1,-1.3746132772254935,12.202366722839749,2022-S2,pluies,2022-07-01,2022-12-31,0.26242738193255966,-0.14888257386800177
1,-1.3764779419260083,12.198883768472028,2022-S2,pluies,2022-07-01,2022-12-31,0.26996023588831775,-0.16745378357396784
1,-1.3767580044633536,12.203792797692197,2022-S2,pluies,2022-07-01,2022-12-31,0.06515151515151515,0.049547210418055036
1,-1.3772071623249367,12.198672400058843,2022-S2,pluies,2022-07-01,2022-12-31,0.28604471858134156,-0.18197879858657243
1,-1.377397394078151,12.264365668785146,2022-S2,pluies,2022-07-01,2022-12-31,0.21301990073325025,-0.2990025137693844
1,-1.3791834552758606,12.203433471277906,2022-S2,pluies,2022-07-01,2022-12-31,0.06766140232598811,0.0332900908246198
1,-1.3795427835725196,12.198672399278271,2022-S2,pluies,2022-07-01,2022-12-31,0.220576773187841,-0.11582670203359859
1,-1.3801536360430906,12.198528669985443,2022-S2,pluies,2022-07-01,2022-12-31,0.25689798695061533,-0.13075705400358337
1,-1.3808280637174033,12.427742797954542,2022-S2,pluies,2022-07-01,2022-12-31,0.09089492186542326,-0.24949166607725953
1,-1.3823275578301146,12.561232447564509,2022-S2,pluies,2022-07-01,2022-12-31,-0.1854524330673431,0.3011763259849018
1,-1.3847729724802345,12.299962439940083,2022-S2,pluies,2022-07-01,2022-12-31,0.3279222267454507,-0.3572804482514039
1,-1.3850282541937478,12.560961704670929,2022-S2,pluies,2022-07-01,2022-12-31,0.025797291461830223,0.05202504921012843
1,-1.3899632396049124,12.199930039776644,2022-S2,pluies,2022-07-01,2022-12-31,-0.007308160779537149,0.07893020221787345
1,-1.3979650324775161,12.237732922610974,2022-S2,pluies,2022-07-01,2022-12-31,0.43730741825863,-0.3794620723319897
1,-1.410111697957624,12.190760958938549,2022-S2,pluies,2022-07-01,2022-12-31,0.4705446229981573,-0.4557116487581943
1,-1.4099399398632793,12.341904826764333,2022-S2,pluies,2022-07-01,2022-12-31,0.3971880579159897,-0.3390984456380062
1,-1.4095465108357597,12.349230040199194,2022-S2,pluies,2022-07-01,2022-12-31,0.3070314985682469,-0.23632538569424966
1,-1.4098160075983093,12.347074084499434,2022-S2,pluies,2022-07-01,2022-12-31,0.2939185140424952,-0.18275025773631462
1,-1.4097261760968784,12.348152064100828,2022-S2,pluies,2022-07-01,2022-12-31,0.381501121118017,-0.2996794175103854
1,-1.4104448274375758,12.48810958695964,2022-S2,pluies,2022-07-01,2022-12-31,0.12435947958571288,-0.06014891128080771
1,-1.4206984541772771,12.143967878049715,2022-S2,pluies,2022-07-01,2022-12-31,0.4126621687033201,-0.39089111744673466
1,-1.4179457608699615,12.363625544476815,2022-S2,pluies,2022-07-01,2022-12-31,0.046543090938304305,0.1051840188178026
1,-1.4190686533935948,12.333868851434588,2022-S2,pluies,2022-07-01,2022-12-31,0.35710689964560616,-0.3601737724343831
1,-1.4201466337054363,12.542457659522194,2022-S2,pluies,2022-07-01,2022-12-31,-0.43783853916151483,0.4955327969157249
1,-1.420416127228511,12.5419186706758,2022-S2,pluies,2022-07-01,2022-12-31,-0.40851315229996615,0.4541324577010956
1,-1.4219294429654286,12.553382555881402,2022-S2,pluies,2022-07-01,2022-12-31,0.318810111647791,-0.2967100088243122
1,-1.4233805673252715,12.553506938553332,2022-S2,pluies,2022-07-01,2022-12-31,0.31742201083442073,-0.29662483880854146
1,-1.4258958498024958,12.492780824373298,2022-S2,pluies,2022-07-01,2022-12-31,-0.1829059829059829,0.2691425951398441
1,-1.4264348400531548,12.13686831008752,2022-S2,pluies,2022-07-01,2022-12-31,0.05833956619296934,0.0003972983710766786
1,-1.4307513606823155,11.927813296887518,2022-S2,pluies,2022-07-01,2022-12-31,0.2088499867629513,-0.14174867818141115
1,-1.4298484372531857,11.930435456924553,2022-S2,pluies,2022-07-01,2022-12-31,-0.13402061855670103,0.15661317100166022
1,-1.4464572890126965,12.286674027787484,2022-S2,pluies,2022-07-01,2022-12-31,0.3864390588073491,-0.44298032181791036
1,-1.446816615116256,12.28552950667812,2022-S2,pluies,2022-07-01,2022-12-31,0.4578328209968142,-0.49284292454752976
1,-1.4491894132807135,12.341382979819702,2022-S2,pluies,2022-07-01,2022-12-31,0.3438984191622443,-0.26188141946060134
1,-1.4510486786023025,12.340246889250967,2022-S2,pluies,2022-07-01,2022-12-31,-0.4479481641468683,0.3207249802994484
1,-1.4551552624717126,12.361190468903875,2022-S2,pluies,2022-07-01,2022-12-31,0.2002638925480822,-0.16581713913253715
1,-1.4623724145378298,12.49057245736507,2022-S2,pluies,2022-07-01,2022-12-31,0.39403245194298103,-0.3992697245747078
1,-1.4595826740480848,12.347613074056799,2022-S2,pluies,2022-07-01,2022-12-31,-0.032482669938497646,0.02365019152704311
1,-1.4602564097199249,12.34783765467525,2022-S2,pluies,2022-07-01,2022-12-31,-0.0677748834951931,0.05227490390771467
1,-1.4681166703045636,12.565364700379531,2022-S2,pluies,2022-07-01,2022-12-31,-0.03577712609970674,0.10202808112324493
1,-1.4685358817847824,12.564885600027019,2022-S2,pluies,2022-07-01,2022-12-31,-0.29873399775149,0.30590750216803925
1,-1.4716799864229224,12.486178207446107,2022-S2,pluies,2022-07-01,2022-12-31,0.1672766944614564,-0.16862696917767805
1,-1.471170941185348,12.565185035243374,2022-S2,pluies,2022-07-01,2022-12-31,-0.30278884462151395,0.3401639344262295
1,-1.4254187036117287,12.518784094278011,2022-S2,pluies,2022-07-01,2022-12-31,0.3896265037688513,-0.32430259159830516
1,-1.4739736839181385,12.566119284610675,2022-S2,pluies,2022-07-01,2022-12-31,0.10772165557154445,0.007094821641645511
1,-1.4738658883512348,12.5486560351543,2022-S2,pluies,2022-07-01,2022-12-31,-0.3537725592520113,0.41403588462411994
1,-1.475220454909838,12.546514259769259,2022-S2,pluies,2022-07-01,2022-12-31,0.10334554797851972,-0.031229933181284173
1,-1.474898948411452,12.483528177059092,2022-S2,pluies,2022-07-01,2022-12-31,-0.19731738787288675,0.26295390213639946
1,-1.4749438637923116,12.569856275096445,2022-S2,pluies,2022-07-01,2022-12-31,0.036713922210105415,0.07679804957334417
1,-1.4762015067640806,12.581354711764483,2022-S2,pluies,2022-07-01,2022-12-31,0.27242508264714904,-0.3746983154096504
1,-1.4763811700827258,12.57021560311502,2022-S2,pluies,2022-07-01,2022-12-31,0.11068111455108359,0.002617801047120419
1,-1.4783574622242228,12.542906818202702,2022-S2,pluies,2022-07-01,2022-12-31,-0.014989293361884369,0.08384146341463415
1,-1.4793327749251348,11.977096518588079,2022-S2,pluies,2022-07-01,2022-12-31,0.26902863084917555,-0.14458791990344544
1,-1.479255776519362,12.712149416946174,2022-S2,pluies,2022-07-01,2022-12-31,0.462983982847774,-0.4545920327910849
1,-1.484376176764232,12.570574928564351,2022-S2,pluies,2022-07-01,2022-12-31,0.03232910586395235,0.07232003230870604
1,-1.4848253330413888,12.57075459179979,2022-S2,pluies,2022-07-01,2022-12-31,-0.1751412429378531,0.22996057818659657
1,-1.4853643223053865,12.570934254546582,2022-S2,pluies,2022-07-01,2022-12-31,-0.2882108183079057,0.32685714285714285
1,-1.487879604745963,12.575785157677922,2022-S2,pluies,2022-07-01,2022-12-31,0.18074255405956752,-0.09752808988764045
1,-1.4885084261166284,12.574886844066391,2022-S2,pluies,2022-07-01,2022-12-31,0.2312432822608867,-0.13770720174754814
1,-1.4889396167092006,12.57704279851742,2022-S2,pluies,2022-07-01,2022-12-31,0.28671914580012303,-0.20538552268898275
1,-1.4918321919982567,12.579198752866533,2022-S2,pluies,2022-07-01,2022-12-31,0.28590337524818,-0.17696414950419528
1,-1.5085368074940029,12.38874396784703,2022-S2,pluies,2022-07-01,2022-12-31,0.3384533353957825,-0.3020535556339621
1,-1.507103554931892,12.666065842639435,2022-S2,pluies,2022-07-01,2022-12-31,0.4531897658503659,-0.4963759986371226
1,-1.5153740997580982,12.521957999952539,2022-S2,pluies,2022-07-01,2022-12-31,0.34301951920198454,-0.30627947586233994
1,-1.5181977469098744,12.447281154794904,2022-S2,pluies,2022-07-01,2022-12-31,0.20193735164318977,-0.11802552028432281
1,-1.5197073064996884,12.388326285254301,2022-S2,pluies,2022-07-01,2022-12-31,0.2764995159680176,-0.25246035096802594
1,-1.5209376055970687,12.389115238934696,2022-S2,pluies,2022-07-01,2022-12-31,0.276694045174538,-0.2699481865284974
1,-1.5274009152565153,12.130118163119086,2022-S2,pluies,2022-07-01,2022-12-31,0.39476380334314476,-0.40119426137670444
1,-1.5257885084311604,12.51919129256521,2022-S2,pluies,2022-07-01,2022-12-31,0.29435253850541926,-0.27871720116618076
1,-1.5283037928784926,12.519191293423978,2022-S2,pluies,2022-07-01,2022-12-31,-0.05066560699384065,0.11092436974789915
1,-1.5284834546651525,12.518831969545094,2022-S2,pluies,2022-07-01,2022-12-31,0.16214859437751003,-0.13858064516129032
1,-1.5289326134561367,12.519011630369413,2022-S2,pluies,2022-07-01,2022-12-31,0.16448664149091846,-0.1486062178996688
1,-1.539083575855333,12.238916924510978,2022-S2,pluies,2022-07-01,2022-12-31,0.41631747596746366,-0.3983739837398374
1,-1.5405208821816359,12.3883965900636,2022-S2,pluies,2022-07-01,2022-12-31,0.1856492027334852,-0.17626728110599077
1,-1.5412681163460846,12.23878285839742,2022-S2,pluies,2022-07-01,2022-12-31,0.4426683726350276,-0.4388332649135362
1,-1.5421378471830092,12.456848214010778,2022-S2,pluies,2022-07-01,2022-12-31,0.10395778364116096,-0.10277410832232496
1,-1.5424971740257973,12.24053389407346,2022-S2,pluies,2022-07-01,2022-12-31,0.41810240232953166,-0.41697058108436663
1,-1.5429463313357183,12.23550332864735,2022-S2,pluies,2022-07-01,2022-12-31,0.3476649369903632,-0.3340060544904137
1,-1.5435751523205326,12.457566864611627,2022-S2,pluies,2022-07-01,2022-12-31,0.22026180990324418,-0.22795153564384332
1,-1.544293805413647,12.239575689545141,2022-S2,pluies,2022-07-01,2022-12-31,0.4904005938796487,-0.4751434155151439
1,-1.544186007072802,12.238162340709483,2022-S2,pluies,2022-07-01,2022-12-31,0.3919916536015525,-0.40382770131105755
1,-1.5453717831795648,12.238737262691565,2022-S2,pluies,2022-07-01,2022-12-31,0.40256111757857976,-0.4185361432132336
1,-1.545281951721977,12.23963557686459,2022-S2,pluies,2022-07-01,2022-12-31,0.4880942539943512,-0.4825132615906333
1,-1.5456412782989946,12.240174565362766,2022-S2,pluies,2022-07-01,2022-12-31,0.485646303299278,-0.476569050607239
1,-1.5459107728693788,12.30516767568426,2022-S2,pluies,2022-07-01,2022-12-31,0.24563076360366726,-0.12286391009916886
1,-1.5462700981295372,12.238916926152061,2022-S2,pluies,2022-07-01,2022-12-31,0.4353099730458221,-0.4479578392621871
1,-1.557658315483124,12.456478155249107,2022-S2,pluies,2022-07-01,2022-12-31,0.2781113087244442,-0.293809129992432
1,-1.5550735885469122,12.594110789388685,2022-S2,pluies,2022-07-01,2022-12-31,0.21725026237954392,-0.27545703435485297
1,-1.5559719035223951,12.59590741764168,2022-S2,pluies,2022-07-01,2022-12-31,0.2463649592582103,-0.33791511747345276
1,-1.5659432028318885,12.563927395017513,2022-S2,pluies,2022-07-01,2022-12-31,0.20718957078309858,-0.16324567285549588
1,-1.5670660978973232,11.949255162622778,2022-S2,pluies,2022-07-01,2022-12-31,0.3049718158415047,-0.2938538260312674
1,-1.5754091442152967,11.945697819854816,2022-S2,pluies,2022-07-01,2022-12-31,0.3764788186598825,-0.33241127378206686
1,-1.5789750827205606,12.02258324396696,2022-S2,pluies,2022-07-01,2022-12-31,0.3825156558727414,-0.3389152060357827
1,-1.5884820808238356,12.337310429027932,2022-S2,pluies,2022-07-01,2022-12-31,0.28807229700261155,-0.2806687075723959
1,-1.5911858611684235,12.334138344391397,2022-S2,pluies,2022-07-01,2022-12-31,0.2452500545970736,-0.24983720425439548
1,-1.591329593186693,12.336536847379895,2022-S2,pluies,2022-07-01,2022-12-31,0.29864085397448104,-0.3168632539541874
1,-1.5914681900036534,12.335087992434351,2022-S2,pluies,2022-07-01,2022-12-31,0.14632356613363667,-0.15737237218546923
1,-1.592084178279386,12.33530615520687,2022-S2,pluies,2022-07-01,2022-12-31,0.12090081840529512,-0.12710797199260704
1,-1.5928028300233403,12.335276211547422,2022-S2,pluies,2022-07-01,2022-12-31,0.10375383478952367,-0.0820606258349769
1,-1.5933717633290527,12.33569542472046,2022-S2,pluies,2022-07-01,2022-12-31,0.13338310099318132,-0.1143771986616634
1,-1.5989113740984224,12.316082208512587,2022-S2,pluies,2022-07-01,2022-12-31,0.254584793785365,-0.18102691661798503
1,-1.5939212287328517,12.51408466057964,2022-S2,pluies,2022-07-01,2022-12-31,0.30603566394858334,-0.23087714530758743
1,-1.6010544970779639,12.51600869080926,2022-S2,pluies,2022-07-01,2022-12-31,0.06455348195038259,0.03163797855478508
1,-1.612078462991711,12.648809476806685,2022-S2,pluies,2022-07-01,2022-12-31,0.5046358346432925,-0.48315847548632734
1,-1.620920098318496,12.650345325940211,2022-S2,pluies,2022-07-01,2022-12-31,0.48586078056896415,-0.4743708340272613
1,-1.6212875916458782,12.416211696078102,2022-S2,pluies,2022-07-01,2022-12-31,0.39743651046014217,-0.38837487375962904
1,-1.6459157215828049,12.09159321840699,2022-S2,pluies,2022-07-01,2022-12-31,0.271989951326379,-0.19912239650575111
1,-1.646162759408768,12.090874565625224,2022-S2,pluies,2022-07-01,2022-12-31,0.27332965212589727,-0.19461444308445533
1,-1.6469013729828939,12.091094155679853,2022-S2,pluies,2022-07-01,2022-12-31,0.2917173741447637,-0.21720986470658796
1,-1.6472407367992052,12.093569511679581,2022-S2,pluies,2022-07-01,2022-12-31,0.28473322768092973,-0.20957384705195564
1,-1.6481390518979566,12.091353667969438,2022-S2,pluies,2022-07-01,2022-12-31,0.2392257523704444,-0.16604596938930527
1,-1.6488577051338096,12.091593218486347,2022-S2,pluies,2022-07-01,2022-12-31,0.23564143853998926,-0.14985074626865671
1,-1.6489475348850475,12.093749176366034,2022-S2,pluies,2022-07-01,2022-12-31,0.2744579975717924,-0.20085619940971916
1,-1.6501153446045227,12.091952544639804,2022-S2,pluies,2022-07-01,2022-12-31,0.29509043927648576,-0.21110468478889532
1,-1.6650273773944901,12.16148214821362,2022-S2,pluies,2022-07-01,2022-12-31,0.12729357798165136,-0.050530255770430445
1,-1.6659256942473455,12.160494001174182,2022-S2,pluies,2022-07-01,2022-12-31,0.14900501536968128,-0.06341019181899156
1,-1.666320407134925,12.1617843078802,2022-S2,pluies,2022-07-01,2022-12-31,0.15329502450590723,-0.0811837237546685
1,-1.6698571437570802,12.340585078466125,2022-S2,pluies,2022-07-01,2022-12-31,0.16977762686733744,-0.05906256990870998
1,-1.6769068871082216,12.18810536109011,2022-S2,pluies,2022-07-01,2022-12-31,0.06542723787782047,-0.0006481921352910657
1,-1.683832112694259,12.559313548611014,2022-S2,pluies,2022-07-01,2022-12-31,0.07951897437121794,0.0023533323794989827
1,-1.6819138733861787,12.212862661017333,2022-S2,pluies,2022-07-01,2022-12-31,0.26539018116273216,-0.13894065452282717
1,-1.684700484536466,12.216189548341957,2022-S2,pluies,2022-07-01,2022-12-31,0.2909676502401266,-0.18981705077685893
1,-1.6851496400746389,12.2157403897817,2022-S2,pluies,2022-07-01,2022-12-31,0.1993704092339979,-0.0773881499395405
1,-1.6910698955907535,12.141545295204413,2022-S2,pluies,2022-07-01,2022-12-31,0.2739635180557301,-0.16141405922900087
1,-1.6924759014508317,12.144034868788497,2022-S2,pluies,2022-07-01,2022-12-31,0.26037230346608164,-0.17202038184439436
1,-1.6993430224898687,12.303595625631964,2022-S2,pluies,2022-07-01,2022-12-31,-0.09850350445160068,0.032217871128515485
1,-1.6999718423326842,12.303505793809078,2022-S2,pluies,2022-07-01,2022-12-31,0.08258280361324857,0.14908560230538329
1,-1.7172356197401732,12.325514518000164,2022-S2,pluies,2022-07-01,2022-12-31,0.14468485119569863,-0.08688945632240393
1,-1.7185669701891277,12.326592497221142,2022-S2,pluies,2022-07-01,2022-12-31,0.14664018536908308,-0.10080223229856994
1,-1.7399907588914152,12.074107714404573,2022-S2,pluies,2022-07-01,2022-12-31,0.30608744918184294,-0.2884772008646483
1,-1.8532157384520647,12.095082158888353,2023-S1,seche,2023-01-01,2023-06-30,0.001973959518081622,-0.08895323694119545
1,-1.8698671635979942,12.184925189509107,2023-S1,seche,2023-01-01,2023-06-30,0.0003955263889101756,-0.06540392962896467
1,-1.924281170534282,12.414088406434953,2023-S1,seche,2023-01-01,2023-06-30,-0.13148667601683028,0.037954326149887425
1,-1.9252393735943116,12.413329828574723,2023-S1,seche,2023-01-01,2023-06-30,-0.10701422515576237,0.015473498294127606
1,-1.9264371271229912,12.413010428342506,2023-S1,seche,2023-01-01,2023-06-30,-0.06355433503334641,-0.03230412279136177
1,-1.9267964530243678,12.41283076390253,2023-S1,seche,2023-01-01,2023-06-30,-0.08782397911616632,-0.007316658158924621
1,-1.9574161711294407,12.43118206230244,2023-S1,seche,2023-01-01,2023-06-30,-0.10830841354895392,0.01517748717163238
1,-1.952753545408458,12.40907851784621,2023-S1,seche,2023-01-01,2023-06-30,0.026384848710103496,-0.0770584510354354
1,-1.0893869452076947,12.49781139062258,2023-S1,seche,2023-01-01,2023-06-30,0.47532945142506894,-0.503768115942029
1,-1.0895666084806583,12.498350379815955,2023-S1,seche,2023-01-01,2023-06-30,0.46687211093990755,-0.500144466917076
1,-1.0895666104047883,12.498709705913637,2023-S1,seche,2023-01-01,2023-06-30,0.45905707196029777,-0.4955163436505641
1,-1.0906445865882128,12.514160729344816,2023-S1,seche,2023-01-01,2023-06-30,0.473336227508886,-0.503508463767066
1,-1.0920818892211193,12.51487937995568,2023-S1,seche,2023-01-01,2023-06-30,0.4757221880762139,-0.5057937427578215
1,-1.0924412167853803,12.51469971721013,2023-S1,seche,2023-01-01,2023-06-30,0.4726153846153846,-0.503476245654693
1,-1.092800543994178,12.498530041793588,2023-S1,seche,2023-01-01,2023-06-30,0.4676214196762142,-0.5018933877075444
1,-1.0932497004775314,12.498260547784568,2023-S1,seche,2023-01-01,2023-06-30,0.46970913921183244,-0.5015551226336837
1,-1.093249701278998,12.514520054447027,2023-S1,seche,2023-01-01,2023-06-30,0.4689333364708097,-0.5016536855007123
1,-1.0936988594280612,12.499069033244146,2023-S1,seche,2023-01-01,2023-06-30,0.4663787785317705,-0.4950379451255108
1,-1.0939683527042396,12.498530041447275,2023-S1,seche,2023-01-01,2023-06-30,0.4679195827423758,-0.49685573940595207
1,-1.09423784837424,12.498979200053313,2023-S1,seche,2023-01-01,2023-06-30,0.46303683835639764,-0.49372903128357293
1,-1.096357692819935,12.517395427751643,2023-S1,seche,2023-01-01,2023-06-30,0.4750222870383474,-0.5089054253313205
1,-1.0945073421451468,12.497631726485157,2023-S1,seche,2023-01-01,2023-06-30,0.47148021898564196,-0.49377449418178465
1,-1.0946870048543371,12.498709707427455,2023-S1,seche,2023-01-01,2023-06-30,0.4685051653276638,-0.4971449058694669
1,-1.094956499093331,12.498332412799954,2023-S1,seche,2023-01-01,2023-06-30,0.46791184355696763,-0.48849670085321206
1,-1.0958548143130395,12.498350379484027,2023-S1,seche,2023-01-01,2023-06-30,0.46527350952673635,-0.48152562574493446
1,-1.0958548146838514,12.500236841525476,2023-S1,seche,2023-01-01,2023-06-30,0.4645111435566503,-0.4829539267616502
1,-1.0960344803348354,12.499697852670268,2023-S1,seche,2023-01-01,2023-06-30,0.46559808033890104,-0.4935054598707459
1,-1.0962141404453765,12.49547577035815,2023-S1,seche,2023-01-01,2023-06-30,0.47549172650640026,-0.4843462246777164
1,-1.0963938053020117,12.498350379392555,2023-S1,seche,2023-01-01,2023-06-30,0.47332506203473945,-0.4930586654724586
1,-1.0965734660943165,12.500147010106229,2023-S1,seche,2023-01-01,2023-06-30,0.4623392529087569,-0.4813939751919669
1,-1.0991486381340976,12.502841955761046,2023-S1,seche,2023-01-01,2023-06-30,0.4587002033000804,-0.4924568843507234
1,-1.0998074007463547,12.503380946683674,2023-S1,seche,2023-01-01,2023-06-30,0.45944272445820433,-0.4928841126924194
1,-1.0998074010361238,12.513082750079075,2023-S1,seche,2023-01-01,2023-06-30,0.4543217471547216,-0.4940102681118083
1,-1.1002565595377012,12.503380946237963,2023-S1,seche,2023-01-01,2023-06-30,0.4617960281141005,-0.4938933018201311
1,-1.1005260545286635,12.503740271015237,2023-S1,seche,2023-01-01,2023-06-30,0.4565150108325596,-0.4914567043150883
1,-1.100885379857276,12.503740271370564,2023-S1,seche,2023-01-01,2023-06-30,0.4598090545118571,-0.4915942028985507
1,-1.1010650443927588,12.504369091771991,2023-S1,seche,2023-01-01,2023-06-30,0.4571107769736151,-0.49399850182005456
1,-1.1009752122212941,12.513711569397547,2023-S1,seche,2023-01-01,2023-06-30,0.46219329837987344,-0.4979222227847523
1,-1.1016040336854052,12.513981065127128,2023-S1,seche,2023-01-01,2023-06-30,0.45842349304482227,-0.49698535745047373
1,-1.1021430211700762,12.503380946591323,2023-S1,seche,2023-01-01,2023-06-30,0.4665841584158416,-0.49883720930232556
1,-1.1021430205319593,12.514430222424926,2023-S1,seche,2023-01-01,2023-06-30,0.4604234300449597,-0.49871195473180113
1,-1.1023226867960343,12.503740270623425,2023-S1,seche,2023-01-01,2023-06-30,0.48976377952755906,-0.5181439619274242
1,-1.102622123626895,12.518532529173344,2023-S1,seche,2023-01-01,2023-06-30,0.4454942661692707,-0.49325011736378205
1,-1.1028616734371246,12.514699717816582,2023-S1,seche,2023-01-01,2023-06-30,0.4583269141888769,-0.5004262574595055
1,-1.1028616739963106,12.515059044400559,2023-S1,seche,2023-01-01,2023-06-30,0.45981798550053987,-0.5007128599942972
1,-1.1028616737511001,12.518113316760193,2023-S1,seche,2023-01-01,2023-06-30,0.4492619926199262,-0.4946388261851016
1,-1.1030413374828703,12.517394663028796,2023-S1,seche,2023-01-01,2023-06-30,0.4592103241665386,-0.5034560586824658
1,-1.1032209998327969,12.515418370276732,2023-S1,seche,2023-01-01,2023-06-30,0.4610081201164394,-0.5011344299489506
1,-1.1032209996190725,12.518113314934942,2023-S1,seche,2023-01-01,2023-06-30,0.4466574031187278,-0.49349915206331263
1,-1.1034006637076832,12.515059045271926,2023-S1,seche,2023-01-01,2023-06-30,0.4592103241665386,-0.5029652640497034
1,-1.1035803261023416,12.514699717815319,2023-S1,seche,2023-01-01,2023-06-30,0.4577736606453605,-0.5021264530762688
1,-1.1034904943463397,12.516047190153204,2023-S1,seche,2023-01-01,2023-06-30,0.46241615887621956,-0.5051886319015616
1,-1.1035803261074164,12.51703533887873,2023-S1,seche,2023-01-01,2023-06-30,0.4583333333333333,-0.5026023350682234
1,-1.1035803252496823,12.517574328048122,2023-S1,seche,2023-01-01,2023-06-30,0.4523407521105142,-0.49732318963088196
1,-1.1037599896132624,12.504548754451516,2023-S1,seche,2023-01-01,2023-06-30,0.47521822315214446,-0.5059797606491325
1,-1.1037599906766489,12.515328538765413,2023-S1,seche,2023-01-01,2023-06-30,0.46199819759494143,-0.5038858773217627
1,-1.103849820483322,12.514430223365762,2023-S1,seche,2023-01-01,2023-06-30,0.4587928666122799,-0.5040262944416083
1,-1.1039396519632354,12.51487938127791,2023-S1,seche,2023-01-01,2023-06-30,0.45644813788858113,-0.5028852920478536
1,-1.1039396525735576,12.515777695019235,2023-S1,seche,2023-01-01,2023-06-30,0.4606983540993693,-0.5070303712035995
1,-1.1039396516470685,12.516137022164662,2023-S1,seche,2023-01-01,2023-06-30,0.45839080459770115,-0.5011997177134792
1,-1.1041193169657633,12.50427926010907,2023-S1,seche,2023-01-01,2023-06-30,0.47587924058512293,-0.5063031369099971
1,-1.104119315447323,12.514160728586157,2023-S1,seche,2023-01-01,2023-06-30,0.45541352225473586,-0.49929198527329366
1,-1.104209148020567,12.517574327743787,2023-S1,seche,2023-01-01,2023-06-30,0.45575709993211444,-0.4994710514130958
1,-1.1042989790872302,12.514609885387914,2023-S1,seche,2023-01-01,2023-06-30,0.45841929384601426,-0.5043452758907421
1,-1.1042989797031955,12.516496347957293,2023-S1,seche,2023-01-01,2023-06-30,0.4555198285101822,-0.5008422234699607
1,-1.104298978605195,12.5179336531783,2023-S1,seche,2023-01-01,2023-06-30,0.44872189713581767,-0.49612948627726955
1,-1.1059236480753278,12.515424786179036,2023-S1,seche,2023-01-01,2023-06-30,0.456581320612219,-0.5023890710962872
1,-1.0952804095373214,12.49662813936818,2023-S1,seche,2023-01-01,2023-06-30,0.4845598655687172,-0.5059027434962415
1,-1.1051972962768126,12.517574327592921,2023-S1,seche,2023-01-01,2023-06-30,0.45384615384615384,-0.49851673965249327
1,-1.1060105057121044,12.516997513633862,2023-S1,seche,2023-01-01,2023-06-30,0.45344502642393797,-0.4985843191077554
1,-1.1064549356905609,12.513801402377322,2023-S1,seche,2023-01-01,2023-06-30,0.4562625793466481,-0.5009946007388463
1,-1.106814262901016,12.513621737503053,2023-S1,seche,2023-01-01,2023-06-30,0.45293844006822764,-0.49815078236130866
1,-1.1068142616905745,12.51649634930329,2023-S1,seche,2023-01-01,2023-06-30,0.44961479198767335,-0.4923251847640705
1,-1.1068142627743742,12.51685567567926,2023-S1,seche,2023-01-01,2023-06-30,0.4549667851073691,-0.49643163003140167
1,-1.1078922412586596,12.517753988595498,2023-S1,seche,2023-01-01,2023-06-30,0.4490705177446612,-0.4918520617826272
1,-1.108071900765771,12.501045326063812,2023-S1,seche,2023-01-01,2023-06-30,0.4474053295932679,-0.4857142857142857
1,-1.1081617333864677,12.514699716605818,2023-S1,seche,2023-01-01,2023-06-30,0.4497766272676577,-0.49377208003467854
1,-1.1080719013292648,12.515328538456114,2023-S1,seche,2023-01-01,2023-06-30,0.45035365688629225,-0.49516497464761605
1,-1.1080719002591009,12.517394663209167,2023-S1,seche,2023-01-01,2023-06-30,0.4482652747927541,-0.4912231030577576
1,-1.108251566097525,12.51667600959774,2023-S1,seche,2023-01-01,2023-06-30,0.44963144963144963,-0.49364227182820003
1,-1.1082515666164532,12.518203147722478,2023-S1,seche,2023-01-01,2023-06-30,0.4494960002924678,-0.4955350815024805
1,-1.1084312304566974,12.515418371069018,2023-S1,seche,2023-01-01,2023-06-30,0.4490925868963396,-0.4949238578680203
1,-1.1084312305428043,12.515777695213409,2023-S1,seche,2023-01-01,2023-06-30,0.4496541122213682,-0.49406444318824194
1,-1.1084312296328238,12.516137022877356,2023-S1,seche,2023-01-01,2023-06-30,0.4501538461538461,-0.4966197183098592
1,-1.10861089122747,12.512723423178823,2023-S1,seche,2023-01-01,2023-06-30,0.44622496147919877,-0.48890784982935154
1,-1.1087905544633379,12.515687863624693,2023-S1,seche,2023-01-01,2023-06-30,0.4523646482003029,-0.49614118437337196
1,-1.108970218157029,12.514879381206558,2023-S1,seche,2023-01-01,2023-06-30,0.45591166998926547,-0.49630891538898353
1,-1.1179533710136813,12.52278455443077,2023-S1,seche,2023-01-01,2023-06-30,0.4325630129809651,-0.477010569236547
1,-1.1197500003935472,12.52943208803823,2023-S1,seche,2023-01-01,2023-06-30,0.3904906664133377,-0.43894014253858593
1,-1.120468653000286,12.524581185112357,2023-S1,seche,2023-01-01,2023-06-30,0.4259935615192505,-0.4641071372415125
1,-1.1240619148420394,12.522245567456483,2023-S1,seche,2023-01-01,2023-06-30,0.3829080793275702,-0.41756070016939584
1,-1.1215609964199713,12.525057731270497,2023-S1,seche,2023-01-01,2023-06-30,0.4246129984870397,-0.4641429524328831
1,-1.1386357594366283,12.488289248779006,2023-S1,seche,2023-01-01,2023-06-30,0.023621781562231017,-0.054403829788261304
1,-1.1613298957352787,12.48086190010015,2023-S1,seche,2023-01-01,2023-06-30,-0.21480874643489414,0.1486575080736774
1,-1.2103324895168066,12.615976884281514,2023-S1,seche,2023-01-01,2023-06-30,-0.23779389092006673,0.1107341556286691
1,-1.2118273183660517,12.615041534916074,2023-S1,seche,2023-01-01,2023-06-30,-0.21759594939800242,0.0790837159645412
1,-1.2196893270491231,12.158789535730673,2023-S1,seche,2023-01-01,2023-06-30,0.057919750743026056,-0.10885199841199573
1,-1.2206308081089667,12.159505853088383,2023-S1,seche,2023-01-01,2023-06-30,0.01932064732339269,-0.06901282897241326
1,-1.2341953679479958,12.09159321812497,2023-S1,seche,2023-01-01,2023-06-30,-0.16094130375980525,0.07434292866082604
1,-1.234609591679788,12.092476562029656,2023-S1,seche,2023-01-01,2023-06-30,-0.16991982796122698,0.06101144275409719
1,-1.2414455213321771,12.37754287809319,2023-S1,seche,2023-01-01,2023-06-30,0.08060613257378682,-0.04062244592488929
1,-1.2492870649586534,12.1983130753877,2023-S1,seche,2023-01-01,2023-06-30,-0.14455388180764775,0.049681190223166846
1,-1.2796501214630207,12.604231807470335,2023-S1,seche,2023-01-01,2023-06-30,-0.2635449749538718,0.1204938184607152
1,-1.2807150002238452,12.041391387457784,2023-S1,seche,2023-01-01,2023-06-30,-0.1939573143614245,0.0773760552010316
1,-1.2873756333267863,12.465472043420156,2023-S1,seche,2023-01-01,2023-06-30,0.33888788262995834,-0.24540004134794294
1,-1.2888129395814194,12.221309948380593,2023-S1,seche,2023-01-01,2023-06-30,0.1502964681618974,-0.11871657754010695
1,-1.3016588471660469,12.549374686860226,2023-S1,seche,2023-01-01,2023-06-30,0.0927982253650511,0.09391309180741067
1,-1.3028266571163172,12.214123423624384,2023-S1,seche,2023-01-01,2023-06-30,-0.0847816871555744,0.10182992465016147
1,-1.3038148037714163,12.499787683894233,2023-S1,seche,2023-01-01,2023-06-30,0.14765091977224049,-0.18083218386268976
1,-1.3084717424455339,12.216729762131727,2023-S1,seche,2023-01-01,2023-06-30,0.2954670996972096,-0.2437449545930465
1,-1.3060889598321304,12.703667429539616,2023-S1,seche,2023-01-01,2023-06-30,-0.2282005404066994,0.12153815945971723
1,-1.313833619642546,12.468643611568409,2023-S1,seche,2023-01-01,2023-06-30,-0.20878122468875704,0.07871489369523041
1,-1.3138759342606068,12.147737924169673,2023-S1,seche,2023-01-01,2023-06-30,0.22280001768046864,-0.09911774767198611
1,-1.3144149239768896,12.148097249765083,2023-S1,seche,2023-01-01,2023-06-30,0.05658704122416309,-0.03146592794260636
1,-1.3148640825319333,12.148187084446008,2023-S1,seche,2023-01-01,2023-06-30,0.05416826738378794,-0.052712581762216236
1,-1.3170200378211259,12.497601783571465,2023-S1,seche,2023-01-01,2023-06-30,0.1759361568927248,-0.031100465229411206
1,-1.317618913884142,12.497751502996891,2023-S1,seche,2023-01-01,2023-06-30,0.18973350895470067,-0.044514133398117973
1,-1.3182776817067314,12.68025922393991,2023-S1,seche,2023-01-01,2023-06-30,-0.013689963325935361,-0.021217256346357155
1,-1.3225895933451584,12.21753702304723,2023-S1,seche,2023-01-01,2023-06-30,-0.19364799294221438,0.17142857142857143
1,-1.324952006267278,12.128750376398449,2023-S1,seche,2023-01-01,2023-06-30,-0.12761039509248717,0.011833238953732119
1,-1.3259133597009451,12.21547089721347,2023-S1,seche,2023-01-01,2023-06-30,0.08691364283726857,-0.02581843332137917
1,-1.3263625174361169,12.214183311584243,2023-S1,seche,2023-01-01,2023-06-30,-0.08189987119883865,0.0705912176877668
1,-1.3270811693174764,12.214303087525236,2023-S1,seche,2023-01-01,2023-06-30,-0.3688760806916426,0.3761467889908257
1,-1.330427257358201,12.30442158912369,2023-S1,seche,2023-01-01,2023-06-30,0.3487002650913834,-0.2567146812981717
1,-1.3289534446095812,12.213719970542659,2023-S1,seche,2023-01-01,2023-06-30,-0.04400990800590425,0.057040311273752836
1,-1.3308540960792719,12.214303086757297,2023-S1,seche,2023-01-01,2023-06-30,-0.11666666666666667,0.14042553191489363
1,-1.3319096136287643,12.214752243383332,2023-S1,seche,2023-01-01,2023-06-30,-0.4051477651140279,0.39270222253695597
1,-1.3332667119037223,12.215509395580208,2023-S1,seche,2023-01-01,2023-06-30,0.0782978312397602,-0.05981669572694315
1,-1.3358726006179549,12.211244785733738,2023-S1,seche,2023-01-01,2023-06-30,-0.10082858865089434,0.10216768720602064
1,-1.3365134800821359,12.214572581273057,2023-S1,seche,2023-01-01,2023-06-30,0.16522220667558593,-0.13264643536541787
1,-1.3369738665919548,12.211883249265332,2023-S1,seche,2023-01-01,2023-06-30,-0.21449585958822012,0.20208678823858478
1,-1.3454336974486063,12.174799587812464,2023-S1,seche,2023-01-01,2023-06-30,0.27000915693148836,-0.29949259050210786
1,-1.3482814105393934,12.165794061664478,2023-S1,seche,2023-01-01,2023-06-30,-0.09421167352869944,0.026351658337119492
1,-1.3497187132739115,12.231550740935702,2023-S1,seche,2023-01-01,2023-06-30,0.16201430775704867,-0.1733776117337761
1,-1.3498983785789076,12.17441788804624,2023-S1,seche,2023-01-01,2023-06-30,-0.15628415300546447,0.0646005232441135
1,-1.350048096559662,12.203044201621797,2023-S1,seche,2023-01-01,2023-06-30,0.2540042708289688,-0.2526088646530345
1,-1.3500780388244469,12.225981185575915,2023-S1,seche,2023-01-01,2023-06-30,0.39234352845857806,-0.3232573877735168
1,-1.3540306281804682,12.234515179683983,2023-S1,seche,2023-01-01,2023-06-30,0.19969682802782382,-0.186136879428185
1,-1.3547819458569748,12.234278352793691,2023-S1,seche,2023-01-01,2023-06-30,0.22518976943107,-0.21236546967021216
1,-1.3556475934505552,12.234425348154884,2023-S1,seche,2023-01-01,2023-06-30,0.006046420908913595,-0.03503124408256012
1,-1.3529860033970182,12.22934779386732,2023-S1,seche,2023-01-01,2023-06-30,0.43355187220465,-0.4146063737388687
1,-1.3646864480546252,12.115326702292078,2023-S1,seche,2023-01-01,2023-06-30,0.11575313860019984,-0.14081634957097944
1,-1.364532923547198,12.20261709020805,2023-S1,seche,2023-01-01,2023-06-30,0.30937393231252613,-0.2295261895383996
1,-1.370579995684672,12.350965587075152,2023-S1,seche,2023-01-01,2023-06-30,-0.1306669204704174,0.051864214586085956
1,-1.3706494608991107,12.34958936707333,2023-S1,seche,2023-01-01,2023-06-30,-0.09170018283462075,-0.000283119317473394
1,-1.371547776034114,12.454347902623212,2023-S1,seche,2023-01-01,2023-06-30,-0.20803009354551058,0.08188198355991148
1,-1.3721765958674053,12.451368490796588,2023-S1,seche,2023-01-01,2023-06-30,-0.2389551446914596,0.09999747567437428
1,-1.3726000886194365,12.453550112714531,2023-S1,seche,2023-01-01,2023-06-30,-0.2059657479828772,0.07111050138694681
1,-1.3746132772254935,12.202366722839749,2023-S1,seche,2023-01-01,2023-06-30,0.2675603057807832,-0.21514796791379198
1,-1.3764779419260083,12.198883768472028,2023-S1,seche,2023-01-01,2023-06-30,0.2733970028455481,-0.22346789781480436
1,-1.3767580044633536,12.203792797692197,2023-S1,seche,2023-01-01,2023-06-30,0.12585913387227612,-0.09922544919611453
1,-1.3772071623249367,12.198672400058843,2023-S1,seche,2023-01-01,2023-06-30,0.2527131782945736,-0.2217438105489774
1,-1.377397394078151,12.264365668785146,2023-S1,seche,2023-01-01,2023-06-30,-0.0647976475162325,-0.017088256649254455
1,-1.3791834552758606,12.203433471277906,2023-S1,seche,2023-01-01,2023-06-30,0.14029385872986277,-0.11916066429323613
1,-1.3795427835725196,12.198672399278271,2023-S1,seche,2023-01-01,2023-06-30,0.241994750656168,-0.18921953958450308
1,-1.3801536360430906,12.198528669985443,2023-S1,seche,2023-01-01,2023-06-30,0.23717934652784675,-0.19002552759201294
1,-1.3808280637174033,12.427742797954542,2023-S1,seche,2023-01-01,2023-06-30,-0.040475185271393536,-0.130241730052481
1,-1.3823275578301146,12.561232447564509,2023-S1,seche,2023-01-01,2023-06-30,0.014082525708481047,-0.03800797579530633
1,-1.3847729724802345,12.299962439940083,2023-S1,seche,2023-01-01,2023-06-30,0.07244433959249166,-0.09175046114495283
1,-1.3850282541937478,12.560961704670929,2023-S1,seche,2023-01-01,2023-06-30,0.025190597163010576,-0.05715822532085241
1,-1.3899632396049124,12.199930039776644,2023-S1,seche,2023-01-01,2023-06-30,0.17261410788381742,-0.19693918646798228
1,-1.3979650324775161,12.237732922610974,2023-S1,seche,2023-01-01,2023-06-30,0.28132572361037905,-0.23051766496732004
1,-1.410111697957624,12.190760958938549,2023-S1,seche,2023-01-01,2023-06-30,0.1041172368780038,-0.1356680954391271
1,-1.4099399398632793,12.341904826764333,2023-S1,seche,2023-01-01,2023-06-30,0.12590456705525407,-0.17267329869981965
1,-1.4095465108357597,12.349230040199194,2023-S1,seche,2023-01-01,2023-06-30,-0.11582381729200653,0.030292887029288704
1,-1.4098160075983093,12.347074084499434,2023-S1,seche,2023-01-01,2023-06-30,-0.16787913580902203,0.0856870020744363
1,-1.4097261760968784,12.348152064100828,2023-S1,seche,2023-01-01,2023-06-30,-0.04055700730555927,-0.04682160956100914
1,-1.4104448274375758,12.48810958695964,2023-S1,seche,2023-01-01,2023-06-30,0.044006733200422456,-0.06627545310000911
1,-1.4206984541772771,12.143967878049715,2023-S1,seche,2023-01-01,2023-06-30,-0.07272544791915256,-0.005805034052207665
1,-1.4179457608699615,12.363625544476815,2023-S1,seche,2023-01-01,2023-06-30,0.053639275275911856,-0.04865281436356269
1,-1.4190686533935948,12.333868851434588,2023-S1,seche,2023-01-01,2023-06-30,-0.16313125329731132,-0.003063071406698521
1,-1.4201466337054363,12.542457659522194,2023-S1,seche,2023-01-01,2023-06-30,-0.46871134171649204,0.44646264329617014
1,-1.420416127228511,12.5419186706758,2023-S1,seche,2023-01-01,2023-06-30,-0.42687419252456604,0.4159380964334525
1,-1.4219294429654286,12.553382555881402,2023-S1,seche,2023-01-01,2023-06-30,-0.2144807779388337,0.10562962535603207
1,-1.4233805673252715,12.553506938553332,2023-S1,seche,2023-01-01,2023-06-30,-0.18675992010320516,0.06388177141423657
1,-1.4258958498024958,12.492780824373298,2023-S1,seche,2023-01-01,2023-06-30,-0.3703235134646665,0.3283111422564821
1,-1.4264348400531548,12.13686831008752,2023-S1,seche,2023-01-01,2023-06-30,-0.1928220368042062,0.09667927700714586
1,-1.4307513606823155,11.927813296887518,2023-S1,seche,2023-01-01,2023-06-30,0.08580351022504519,-0.08923440583111915
1,-1.4298484372531857,11.930435456924553,2023-S1,seche,2023-01-01,2023-06-30,-0.15120274914089346,0.06815464328417696
1,-1.4464572890126965,12.286674027787484,2023-S1,seche,2023-01-01,2023-06-30,-0.2184894480672975,0.03852976033804315
1,-1.446816615116256,12.28552950667812,2023-S1,seche,2023-01-01,2023-06-30,-0.19208233387632329,0.01915530751092393
1,-1.4491894132807135,12.341382979819702,2023-S1,seche,2023-01-01,2023-06-30,0.20655777409367213,-0.17974144196473504
1,-1.4510486786023025,12.340246889250967,2023-S1,seche,2023-01-01,2023-06-30,-0.19185766949831703,0.01280305093979842
1,-1.4551552624717126,12.361190468903875,2023-S1,seche,2023-01-01,2023-06-30,0.11117557224683823,-0.1091516455720317
1,-1.4623724145378298,12.49057245736507,2023-S1,seche,2023-01-01,2023-06-30,0.003121042283066206,-0.07325122892209751
1,-1.4595826740480848,12.347613074056799,2023-S1,seche,2023-01-01,2023-06-30,-0.04075794171074952,0.003820224719101124
1,-1.4602564097199249,12.34783765467525,2023-S1,seche,2023-01-01,2023-06-30,-0.1317509162564585,0.0503555192937667
1,-1.4681166703045636,12.565364700379531,2023-S1,seche,2023-01-01,2023-06-30,-0.19811985898942422,0.12019336409580313
1,-1.4685358817847824,12.564885600027019,2023-S1,seche,2023-01-01,2023-06-30,-0.3369598517138878,0.29543548872807707
1,-1.4716799864229224,12.486178207446107,2023-S1,seche,2023-01-01,2023-06-30,-0.15328849230299216,0.03807677586625954
1,-1.471170941185348,12.565185035243374,2023-S1,seche,2023-01-01,2023-06-30,-0.14398227910411027,0.13282963685108456
1,-1.4254187036117287,12.518784094278011,2023-S1,seche,2023-01-01,2023-06-30,0.24600374801213729,-0.1550748387804985
1,-1.4739736839181385,12.566119284610675,2023-S1,seche,2023-01-01,2023-06-30,0.04333462045540441,-0.022297347305860603
1,-1.4738658883512348,12.5486560351543,2023-S1,seche,2023-01-01,2023-06-30,-0.31542108828177917,0.27149716281099956
1,-1.475220454909838,12.546514259769259,2023-S1,seche,2023-01-01,2023-06-30,-0.18000474934649507,0.10238403592434064
1,-1.474898948411452,12.483528177059092,2023-S1,seche,2023-01-01,2023-06-30,-0.20820433259357152,0.09595708746166237
1,-1.4749438637923116,12.569856275096445,2023-S1,seche,2023-01-01,2023-06-30,0.014925373134328358,0.015089959373186303
1,-1.4762015067640806,12.581354711764483,2023-S1,seche,2023-01-01,2023-06-30,-0.20620774860542104,0.0464181216465171
1,-1.4763811700827258,12.57021560311502,2023-S1,seche,2023-01-01,2023-06-30,0.07151819322459223,-0.037460978147762745
1,-1.4783574622242228,12.542906818202702,2023-S1,seche,2023-01-01,2023-06-30,-0.22103896103896103,0.11029759093056211
1,-1.4793327749251348,11.977096518588079,2023-S1,seche,2023-01-01,2023-06-30,-0.1863571978127359,0.07690984545168282
1,-1.479255776519362,12.712149416946174,2023-S1,seche,2023-01-01,2023-06-30,0.15616503132758008,-0.11196815128141328
1,-1.484376176764232,12.570574928564351,2023-S1,seche,2023-01-01,2023-06-30,0.0936755073998402,-0.10429235623706633
1,-1.4848253330413888,12.57075459179979,2023-S1,seche,2023-01-01,2023-06-30,-0.16859716859716858,0.11319983653453208
1,-1.4853643223053865,12.570934254546582,2023-S1,seche,2023-01-01,2023-06-30,-0.32127808988764045,0.23215455140798952
1,-1.487879604745963,12.575785157677922,2023-S1,seche,2023-01-01,2023-06-30,-0.11253085523449978,0.03736799350121852
1,-1.4885084261166284,12.574886844066391,2023-S1,seche,2023-01-01,2023-06-30,-0.220930042349871,0.10346670955642526
1,-1.4889396167092006,12.57704279851742,2023-S1,seche,2023-01-01,2023-06-30,-0.14571592724462218,0.047073039662051695
1,-1.4918321919982567,12.579198752866533,2023-S1,seche,2023-01-01,2023-06-30,-0.21675291852208448,0.13429821608885897
1,-1.5085368074940029,12.38874396784703,2023-S1,seche,2023-01-01,2023-06-30,0.31044306597624083,-0.27948166532417673
1,-1.507103554931892,12.666065842639435,2023-S1,seche,2023-01-01,2023-06-30,-0.15732405447041617,0.06753336798339675
1,-1.5153740997580982,12.521957999952539,2023-S1,seche,2023-01-01,2023-06-30,-0.17110701117674634,0.08461646552283732
1,-1.5181977469098744,12.447281154794904,2023-S1,seche,2023-01-01,2023-06-30,0.1272568527326384,-0.09325695190781844
1,-1.5197073064996884,12.388326285254301,2023-S1,seche,2023-01-01,2023-06-30,0.1024131653373175,-0.042767277960309304
1,-1.5209376055970687,12.389115238934696,2023-S1,seche,2023-01-01,2023-06-30,0.06739130434782609,-0.03269447576099211
1,-1.5274009152565153,12.130118163119086,2023-S1,seche,2023-01-01,2023-06-30,-0.03803062447897509,-0.033832837817530444
1,-1.5257885084311604,12.51919129256521,2023-S1,seche,2023-01-01,2023-06-30,-0.32272974442631863,0.21246105919003117
1,-1.5283037928784926,12.519191293423978,2023-S1,seche,2023-01-01,2023-06-30,-0.2466377681449372,0.1625207296849088
1,-1.5284834546651525,12.518831969545094,2023-S1,seche,2023-01-01,2023-06-30,-0.26661514683153015,0.1832511129827939
1,-1.5289326134561367,12.519011630369413,2023-S1,seche,2023-01-01,2023-06-30,-0.22636856049498738,0.15314721613175444
1,-1.539083575855333,12.238916924510978,2023-S1,seche,2023-01-01,2023-06-30,-0.12551994127722046,0.05456212746446584
1,-1.5405208821816359,12.3883965900636,2023-S1,seche,2023-01-01,2023-06-30,0.030451665644798693,-0.07937124005433728
1,-1.5412681163460846,12.23878285839742,2023-S1,seche,2023-01-01,2023-06-30,-0.09846151794869015,0.00889363743612773
1,-1.5421378471830092,12.456848214010778,2023-S1,seche,2023-01-01,2023-06-30,-0.12188112344872633,0.013094255043057685
1,-1.5424971740257973,12.24053389407346,2023-S1,seche,2023-01-01,2023-06-30,-0.1353637901861252,-0.019005847953216373
1,-1.5429463313357183,12.23550332864735,2023-S1,seche,2023-01-01,2023-06-30,-0.12996977447105323,-0.02390038160273147
1,-1.5435751523205326,12.457566864611627,2023-S1,seche,2023-01-01,2023-06-30,-0.22026275298851936,0.12040860682460335
1,-1.544293805413647,12.239575689545141,2023-S1,seche,2023-01-01,2023-06-30,-0.10739880721956481,0.039976743111476414
1,-1.544186007072802,12.238162340709483,2023-S1,seche,2023-01-01,2023-06-30,-0.16173465575764348,0.04045896802061362
1,-1.5453717831795648,12.238737262691565,2023-S1,seche,2023-01-01,2023-06-30,-0.11270445888415864,-0.026656213249705997
1,-1.545281951721977,12.23963557686459,2023-S1,seche,2023-01-01,2023-06-30,-0.1376733549028313,0.03838825401346604
1,-1.5456412782989946,12.240174565362766,2023-S1,seche,2023-01-01,2023-06-30,-0.1562345815950929,0.017452041460549628
1,-1.5459107728693788,12.30516767568426,2023-S1,seche,2023-01-01,2023-06-30,0.13812779644829395,-0.15761451464016862
1,-1.5462700981295372,12.238916926152061,2023-S1,seche,2023-01-01,2023-06-30,-0.19103972950126796,0.03851114796388428
1,-1.557658315483124,12.456478155249107,2023-S1,seche,2023-01-01,2023-06-30,-0.07953400536515418,0.008393787182173644
1,-1.5550735885469122,12.594110789388685,2023-S1,seche,2023-01-01,2023-06-30,0.030104712041884817,-0.10174041042514503
1,-1.5559719035223951,12.59590741764168,2023-S1,seche,2023-01-01,2023-06-30,0.17300865398860055,-0.25918419928148045
1,-1.5659432028318885,12.563927395017513,2023-S1,seche,2023-01-01,2023-06-30,0.09770326477249247,-0.06939104821492253
1,-1.5670660978973232,11.949255162622778,2023-S1,seche,2023-01-01,2023-06-30,-0.1096454700358395,0.03939294867437568
1,-1.5754091442152967,11.945697819854816,2023-S1,seche,2023-01-01,2023-06-30,0.13960596998946911,-0.12770248413174473
1,-1.5789750827205606,12.02258324396696,2023-S1,seche,2023-01-01,2023-06-30,0.2535363891096576,-0.2906028789174404
1,-1.5884820808238356,12.337310429027932,2023-S1,seche,2023-01-01,2023-06-30,0.031152659719816053,-0.08894985090058516
1,-1.5911858611684235,12.334138344391397,2023-S1,seche,2023-01-01,2023-06-30,-0.032248432367871005,-0.049752611324903794
1,-1.591329593186693,12.336536847379895,2023-S1,seche,2023-01-01,2023-06-30,0.05604279933959383,-0.11625967339474834
1,-1.5914681900036534,12.335087992434351,2023-S1,seche,2023-01-01,2023-06-30,-0.04852691318729198,-0.03131350704085857
1,-1.592084178279386,12.33530615520687,2023-S1,seche,2023-01-01,2023-06-30,-0.052248655956542905,-0.057796008733181595
1,-1.5928028300233403,12.335276211547422,2023-S1,seche,2023-01-01,2023-06-30,-0.04535237299748344,-0.026787179202764227
1,-1.5933717633290527,12.33569542472046,2023-S1,seche,2023-01-01,2023-06-30,-0.014783500946573061,-0.038547073641686705
1,-1.5989113740984224,12.316082208512587,2023-S1,seche,2023-01-01,2023-06-30,0.05249774748947744,-0.08735560720488499
1,-1.5939212287328517,12.51408466057964,2023-S1,seche,2023-01-01,2023-06-30,-0.04660136044115312,-0.03406777335908723
1,-1.6010544970779639,12.51600869080926,2023-S1,seche,2023-01-01,2023-06-30,-0.16096154281809277,0.06240001437463013
1,-1.612078462991711,12.648809476806685,2023-S1,seche,2023-01-01,2023-06-30,0.27660819160943206,-0.25192171761039794
1,-1.620920098318496,12.650345325940211,2023-S1,seche,2023-01-01,2023-06-30,0.039827728815493,-0.08324730667301879
1,-1.6212875916458782,12.416211696078102,2023-S1,seche,2023-01-01,2023-06-30,0.2756279680849279,-0.1717909810130098
1,-1.6459157215828049,12.09159321840699,2023-S1,seche,2023-01-01,2023-06-30,0.03400561063586959,-0.02650985536586984
1,-1.646162759408768,12.090874565625224,2023-S1,seche,2023-01-01,2023-06-30,0.14694656488549618,-0.13595360824742267
1,-1.6469013729828939,12.091094155679853,2023-S1,seche,2023-01-01,2023-06-30,-0.0214281124465686,0.0022730264946140954
1,-1.6472407367992052,12.093569511679581,2023-S1,seche,2023-01-01,2023-06-30,0.0834355828220859,-0.06037735849056604
1,-1.6481390518979566,12.091353667969438,2023-S1,seche,2023-01-01,2023-06-30,-0.1039765975709566,0.11729198231689125
1,-1.6488577051338096,12.091593218486347,2023-S1,seche,2023-01-01,2023-06-30,0.01935099732063114,-0.013477088948787063
1,-1.6489475348850475,12.093749176366034,2023-S1,seche,2023-01-01,2023-06-30,0.028185572436150115,0.005823683061616734
1,-1.6501153446045227,12.091952544639804,2023-S1,seche,2023-01-01,2023-06-30,0.0033792565635560176,-0.016923076923076923
1,-1.6650273773944901,12.16148214821362,2023-S1,seche,2023-01-01,2023-06-30,0.0170082860880942,0.03016453382084095
1,-1.6659256942473455,12.160494001174182,2023-S1,seche,2023-01-01,2023-06-30,0.0708122617903861,-0.09671857403208607
1,-1.666320407134925,12.1617843078802,2023-S1,seche,2023-01-01,2023-06-30,0.16715438978655497,-0.14100697658805042
1,-1.6698571437570802,12.340585078466125,2023-S1,seche,2023-01-01,2023-06-30,-0.24172626728798072,0.09743390678677215
1,-1.6769068871082216,12.18810536109011,2023-S1,seche,2023-01-01,2023-06-30,0.18883765513294185,-0.17696553485503272
1,-1.683832112694259,12.559313548611014,2023-S1,seche,2023-01-01,2023-06-30,-0.019343846902417826,0.03383387516728904
1,-1.6819138733861787,12.212862661017333,2023-S1,seche,2023-01-01,2023-06-30,0.1284636814747048,-0.11309372300037807
1,-1.684700484536466,12.216189548341957,2023-S1,seche,2023-01-01,2023-06-30,0.19167588510910294,-0.16837252226100458
1,-1.6851496400746389,12.2157403897817,2023-S1,seche,2023-01-01,2023-06-30,-0.18196811434854315,0.1885019347705915
1,-1.6910698955907535,12.141545295204413,2023-S1,seche,2023-01-01,2023-06-30,0.18376051084810394,-0.20756360237941357
1,-1.6924759014508317,12.144034868788497,2023-S1,seche,2023-01-01,2023-06-30,0.13347337890582578,-0.1265288449139095
1,-1.6993430224898687,12.303595625631964,2023-S1,seche,2023-01-01,2023-06-30,-0.09145374449339207,0.026346313173156586
1,-1.6999718423326842,12.303505793809078,2023-S1,seche,2023-01-01,2023-06-30,0.18292444494576354,0.01017241379310345
1,-1.7172356197401732,12.325514518000164,2023-S1,seche,2023-01-01,2023-06-30,0.10720373363477369,-0.13727353947752374
1,-1.7185669701891277,12.326592497221142,2023-S1,seche,2023-01-01,2023-06-30,0.171865917457857,-0.15948869223205506
1,-1.7399907588914152,12.074107714404573,2023-S1,seche,2023-01-01,2023-06-30,-0.07790502830618908,-0.008720018384789426
1,-1.8532157384520647,12.095082158888353,2023-S2,pluies,2023-07-01,2023-12-31,0.25129679230059915,-0.20672939738643661
1,-1.8698671635979942,12.184925189509107,2023-S2,pluies,2023-07-01,2023-12-31,0.33660667761037444,-0.2873900979786308
1,-1.924281170534282,12.414088406434953,2023-S2,pluies,2023-07-01,2023-12-31,0.3383808969132207,-0.3106796116504854
1,-1.9252393735943116,12.413329828574723,2023-S2,pluies,2023-07-01,2023-12-31,0.3012439948759915,-0.260060501592882
1,-1.9264371271229912,12.413010428342506,2023-S2,pluies,2023-07-01,2023-12-31,0.36658653846153844,-0.3320659062103929
1,-1.9267964530243678,12.41283076390253,2023-S2,pluies,2023-07-01,2023-12-31,0.33372641509433965,-0.3054701905347265
1,-1.9574161711294407,12.43118206230244,2023-S2,pluies,2023-07-01,2023-12-31,0.2551417877815264,-0.1979492183513209
1,-1.952753545408458,12.40907851784621,2023-S2,pluies,2023-07-01,2023-12-31,0.39140908563573995,-0.3067723900549468
1,-1.0893869452076947,12.49781139062258,2023-S2,pluies,2023-07-01,2023-12-31,0.10070470561491247,-0.2719911667280088
1,-1.0895666084806583,12.498350379815955,2023-S2,pluies,2023-07-01,2023-12-31,0.10236578707916287,-0.27262672811059907
1,-1.0895666104047883,12.498709705913637,2023-S2,pluies,2023-07-01,2023-12-31,0.10384003635537378,-0.2752664461595002
1,-1.0906445865882128,12.514160729344816,2023-S2,pluies,2023-07-01,2023-12-31,0.10120617102998321,-0.26845935689335576
1,-1.0920818892211193,12.51487937995568,2023-S2,pluies,2023-07-01,2023-12-31,0.11236208061247467,-0.2792100932528799
1,-1.0924412167853803,12.51469971721013,2023-S2,pluies,2023-07-01,2023-12-31,0.1039426523297491,-0.27087130878600074
1,-1.092800543994178,12.498530041793588,2023-S2,pluies,2023-07-01,2023-12-31,0.09836808703535811,-0.27276051188299816
1,-1.0932497004775314,12.498260547784568,2023-S2,pluies,2023-07-01,2023-12-31,0.10707147992141093,-0.27935934359074793
1,-1.093249701278998,12.514520054447027,2023-S2,pluies,2023-07-01,2023-12-31,0.10831199996113844,-0.27651006389469845
1,-1.0936988594280612,12.499069033244146,2023-S2,pluies,2023-07-01,2023-12-31,0.10628674807779286,-0.27178920213746083
1,-1.0939683527042396,12.498530041447275,2023-S2,pluies,2023-07-01,2023-12-31,0.10577980909237987,-0.27392814468274707
1,-1.09423784837424,12.498979200053313,2023-S2,pluies,2023-07-01,2023-12-31,0.1051425416542295,-0.2736802123665233
1,-1.096357692819935,12.517395427751643,2023-S2,pluies,2023-07-01,2023-12-31,0.11278303251505188,-0.2807022541373824
1,-1.0945073421451468,12.497631726485157,2023-S2,pluies,2023-07-01,2023-12-31,0.11038461863152625,-0.2775552186801719
1,-1.0946870048543371,12.498709707427455,2023-S2,pluies,2023-07-01,2023-12-31,0.10571948150551988,-0.2721785391641851
1,-1.094956499093331,12.498332412799954,2023-S2,pluies,2023-07-01,2023-12-31,0.1077161272809805,-0.27563894974277187
1,-1.0958548143130395,12.498350379484027,2023-S2,pluies,2023-07-01,2023-12-31,0.11241007194244604,-0.2730620511876266
1,-1.0958548146838514,12.500236841525476,2023-S2,pluies,2023-07-01,2023-12-31,0.10530373155501041,-0.2723761000638762
1,-1.0960344803348354,12.499697852670268,2023-S2,pluies,2023-07-01,2023-12-31,0.1032139402583776,-0.2704163402881625
1,-1.0962141404453765,12.49547577035815,2023-S2,pluies,2023-07-01,2023-12-31,0.11021142600089968,-0.2731949292669484
1,-1.0963938053020117,12.498350379392555,2023-S2,pluies,2023-07-01,2023-12-31,0.1055956678700361,-0.27359354956936044
1,-1.0965734660943165,12.500147010106229,2023-S2,pluies,2023-07-01,2023-12-31,0.10455885688364709,-0.27225806451612905
1,-1.0991486381340976,12.502841955761046,2023-S2,pluies,2023-07-01,2023-12-31,0.10391708921854148,-0.27362721133426027
1,-1.0998074007463547,12.503380946683674,2023-S2,pluies,2023-07-01,2023-12-31,0.11091194263948018,-0.2768361581920904
1,-1.0998074010361238,12.513082750079075,2023-S2,pluies,2023-07-01,2023-12-31,0.1041337248701152,-0.2748217224355458
1,-1.1002565595377012,12.503380946237963,2023-S2,pluies,2023-07-01,2023-12-31,0.11186672092521738,-0.2792728987092692
1,-1.1005260545286635,12.503740271015237,2023-S2,pluies,2023-07-01,2023-12-31,0.10620067643742953,-0.2763782402336619
1,-1.100885379857276,12.503740271370564,2023-S2,pluies,2023-07-01,2023-12-31,0.11373439273552781,-0.28366972477064223
1,-1.1010650443927588,12.504369091771991,2023-S2,pluies,2023-07-01,2023-12-31,0.1059302393911733,-0.2789996721525584
1,-1.1009752122212941,12.513711569397547,2023-S2,pluies,2023-07-01,2023-12-31,0.10169091089067533,-0.27086361621645105
1,-1.1016040336854052,12.513981065127128,2023-S2,pluies,2023-07-01,2023-12-31,0.11646586345381527,-0.2769764469600146
1,-1.1021430211700762,12.503380946591323,2023-S2,pluies,2023-07-01,2023-12-31,0.1079136690647482,-0.27670433831571273
1,-1.1021430205319593,12.514430222424926,2023-S2,pluies,2023-07-01,2023-12-31,0.11693355628062133,-0.2775195900858499
1,-1.1023226867960343,12.503740270623425,2023-S2,pluies,2023-07-01,2023-12-31,0.10724768570783473,-0.2774122807017544
1,-1.102622123626895,12.518532529173344,2023-S2,pluies,2023-07-01,2023-12-31,0.11419035728904492,-0.2809825644463653
1,-1.1028616734371246,12.514699717816582,2023-S2,pluies,2023-07-01,2023-12-31,0.1134481987021705,-0.27661128354938835
1,-1.1028616739963106,12.515059044400559,2023-S2,pluies,2023-07-01,2023-12-31,0.11763397820769401,-0.27854545454545454
1,-1.1028616737511001,12.518113316760193,2023-S2,pluies,2023-07-01,2023-12-31,0.11485727129692065,-0.28386979450809235
1,-1.1030413374828703,12.517394663028796,2023-S2,pluies,2023-07-01,2023-12-31,0.11560044893378227,-0.2849364791288566
1,-1.1032209998327969,12.515418370276732,2023-S2,pluies,2023-07-01,2023-12-31,0.1136922046012955,-0.27920072661217077
1,-1.1032209996190725,12.518113314934942,2023-S2,pluies,2023-07-01,2023-12-31,0.11251125112511251,-0.28173374613003094
1,-1.1034006637076832,12.515059045271926,2023-S2,pluies,2023-07-01,2023-12-31,0.11484217595701814,-0.2789934354485777
1,-1.1035803261023416,12.514699717815319,2023-S2,pluies,2023-07-01,2023-12-31,0.11155913978494623,-0.27943313953488375
1,-1.1034904943463397,12.516047190153204,2023-S2,pluies,2023-07-01,2023-12-31,0.1145985962223886,-0.2810631098771803
1,-1.1035803261074164,12.51703533887873,2023-S2,pluies,2023-07-01,2023-12-31,0.10901326140705776,-0.280319535221496
1,-1.1035803252496823,12.517574328048122,2023-S2,pluies,2023-07-01,2023-12-31,0.10991475998205473,-0.28011611030478956
1,-1.1037599896132624,12.504548754451516,2023-S2,pluies,2023-07-01,2023-12-31,0.11799677644164472,-0.28517299392009954
1,-1.1037599906766489,12.515328538765413,2023-S2,pluies,2023-07-01,2023-12-31,0.11457411461604186,-0.2813461665329139
1,-1.103849820483322,12.514430223365762,2023-S2,pluies,2023-07-01,2023-12-31,0.11006535416723084,-0.27613916148286877
1,-1.1039396519632354,12.51487938127791,2023-S2,pluies,2023-07-01,2023-12-31,0.11295012301498546,-0.27785870356882736
1,-1.1039396525735576,12.515777695019235,2023-S2,pluies,2023-07-01,2023-12-31,0.11514336917562724,-0.28234011627906974
1,-1.1039396516470685,12.516137022164662,2023-S2,pluies,2023-07-01,2023-12-31,0.10956130483689538,-0.2825811129236904
1,-1.1041193169657633,12.50427926010907,2023-S2,pluies,2023-07-01,2023-12-31,0.11656989727556945,-0.28007279344858965
1,-1.104119315447323,12.514160728586157,2023-S2,pluies,2023-07-01,2023-12-31,0.10842293906810035,-0.27425237053245805
1,-1.104209148020567,12.517574327743787,2023-S2,pluies,2023-07-01,2023-12-31,0.11215787367495528,-0.28166966780971303
1,-1.1042989790872302,12.514609885387914,2023-S2,pluies,2023-07-01,2023-12-31,0.11046304845574217,-0.27719939161283447
1,-1.1042989797031955,12.516496347957293,2023-S2,pluies,2023-07-01,2023-12-31,0.11281242963296555,-0.2832454065854102
1,-1.104298978605195,12.5179336531783,2023-S2,pluies,2023-07-01,2023-12-31,0.11335125448028674,-0.2794465683597306
1,-1.1059236480753278,12.515424786179036,2023-S2,pluies,2023-07-01,2023-12-31,0.11228643048561766,-0.2801494599907271
1,-1.0952804095373214,12.49662813936818,2023-S2,pluies,2023-07-01,2023-12-31,0.11821574091054304,-0.2824916119607361
1,-1.1051972962768126,12.517574327592921,2023-S2,pluies,2023-07-01,2023-12-31,0.11511601712097319,-0.2841261162748314
1,-1.1060105057121044,12.516997513633862,2023-S2,pluies,2023-07-01,2023-12-31,0.11311881118096115,-0.2807058927729189
1,-1.1064549356905609,12.513801402377322,2023-S2,pluies,2023-07-01,2023-12-31,0.11495285136955545,-0.28039430449069
1,-1.106814262901016,12.513621737503053,2023-S2,pluies,2023-07-01,2023-12-31,0.11020960108181203,-0.2813978886057517
1,-1.1068142616905745,12.51649634930329,2023-S2,pluies,2023-07-01,2023-12-31,0.11186287776274244,-0.281780047419296
1,-1.1068142627743742,12.51685567567926,2023-S2,pluies,2023-07-01,2023-12-31,0.11546252532072923,-0.2814042786615469
1,-1.1078922412586596,12.517753988595498,2023-S2,pluies,2023-07-01,2023-12-31,0.10761626600763874,-0.27702948671277755
1,-1.108071900765771,12.501045326063812,2023-S2,pluies,2023-07-01,2023-12-31,0.12497185318621933,-0.2894496251599927
1,-1.1081617333864677,12.514699716605818,2023-S2,pluies,2023-07-01,2023-12-31,0.11225984359051563,-0.28005842611652737
1,-1.1080719013292648,12.515328538456114,2023-S2,pluies,2023-07-01,2023-12-31,0.11401239100226339,-0.2800377317539422
1,-1.1080719002591009,12.517394663209167,2023-S2,pluies,2023-07-01,2023-12-31,0.1111111111111111,-0.27883211678832115
1,-1.108251566097525,12.51667600959774,2023-S2,pluies,2023-07-01,2023-12-31,0.11045987376014428,-0.27992700729927006
1,-1.1082515666164532,12.518203147722478,2023-S2,pluies,2023-07-01,2023-12-31,0.11166121096373745,-0.27972201598264457
1,-1.1084312304566974,12.515418371069018,2023-S2,pluies,2023-07-01,2023-12-31,0.1084715374271627,-0.275673707210488
1,-1.1084312305428043,12.515777695213409,2023-S2,pluies,2023-07-01,2023-12-31,0.10981360880305412,-0.277959927140255
1,-1.1084312296328238,12.516137022877356,2023-S2,pluies,2023-07-01,2023-12-31,0.11181244364292155,-0.28115307425652253
1,-1.10861089122747,12.512723423178823,2023-S2,pluies,2023-07-01,2023-12-31,0.11200897867564534,-0.2781021897810219
1,-1.1087905544633379,12.515687863624693,2023-S2,pluies,2023-07-01,2023-12-31,0.1115337321744822,-0.28019729108932445
1,-1.108970218157029,12.514879381206558,2023-S2,pluies,2023-07-01,2023-12-31,0.11295755670334606,-0.27985414767547856
1,-1.1179533710136813,12.52278455443077,2023-S2,pluies,2023-07-01,2023-12-31,0.12165775401069519,-0.2802629176556509
1,-1.1197500003935472,12.52943208803823,2023-S2,pluies,2023-07-01,2023-12-31,0.13328956007879186,-0.281437125748503
1,-1.120468653000286,12.524581185112357,2023-S2,pluies,2023-07-01,2023-12-31,0.12258922633562402,-0.27456011730205276
1,-1.1240619148420394,12.522245567456483,2023-S2,pluies,2023-07-01,2023-12-31,0.12074716477651767,-0.2660107666604789
1,-1.1215609964199713,12.525057731270497,2023-S2,pluies,2023-07-01,2023-12-31,0.1318801568944942,-0.2797344944469245
1,-1.1386357594366283,12.488289248779006,2023-S2,pluies,2023-07-01,2023-12-31,0.3320874352612836,-0.32919850877034396
1,-1.1613298957352787,12.48086190010015,2023-S2,pluies,2023-07-01,2023-12-31,0.3537739822092966,-0.3031816334909218
1,-1.2103324895168066,12.615976884281514,2023-S2,pluies,2023-07-01,2023-12-31,0.4908893256934149,-0.4827196500292068
1,-1.2118273183660517,12.615041534916074,2023-S2,pluies,2023-07-01,2023-12-31,0.4971218556731506,-0.4896934993185974
1,-1.2196893270491231,12.158789535730673,2023-S2,pluies,2023-07-01,2023-12-31,0.3569104696703529,-0.3165753694552718
1,-1.2206308081089667,12.159505853088383,2023-S2,pluies,2023-07-01,2023-12-31,0.3543788657323498,-0.3141100353304034
1,-1.2341953679479958,12.09159321812497,2023-S2,pluies,2023-07-01,2023-12-31,0.3201098565761367,-0.3165644171779141
1,-1.234609591679788,12.092476562029656,2023-S2,pluies,2023-07-01,2023-12-31,0.3536522934913809,-0.35188613873621255
1,-1.2414455213321771,12.37754287809319,2023-S2,pluies,2023-07-01,2023-12-31,0.3333711652195295,-0.21630804029539183
1,-1.2492870649586534,12.1983130753877,2023-S2,pluies,2023-07-01,2023-12-31,0.2826855123674912,-0.27886323268206037
1,-1.2796501214630207,12.604231807470335,2023-S2,pluies,2023-07-01,2023-12-31,0.1842202799218706,-0.2267817978281673
1,-1.2807150002238452,12.041391387457784,2023-S2,pluies,2023-07-01,2023-12-31,0.3841603175898252,-0.4166945426542118
1,-1.2873756333267863,12.465472043420156,2023-S2,pluies,2023-07-01,2023-12-31,0.3751953402471942,-0.2803141875306824
1,-1.2888129395814194,12.221309948380593,2023-S2,pluies,2023-07-01,2023-12-31,0.1293322062552832,-0.08930150309460655
1,-1.3016588471660469,12.549374686860226,2023-S2,pluies,2023-07-01,2023-12-31,0.4633675122566321,-0.14090067458811406
1,-1.3028266571163172,12.214123423624384,2023-S2,pluies,2023-07-01,2023-12-31,-0.14138817480719795,0.27099236641221375
1,-1.3038148037714163,12.499787683894233,2023-S2,pluies,2023-07-01,2023-12-31,0.27983548583320894,-0.32545949125725027
1,-1.3084717424455339,12.216729762131727,2023-S2,pluies,2023-07-01,2023-12-31,0.4546485627303539,-0.3529660863475153
1,-1.3060889598321304,12.703667429539616,2023-S2,pluies,2023-07-01,2023-12-31,0.08852094853738333,-0.05450365279410927
1,-1.313833619642546,12.468643611568409,2023-S2,pluies,2023-07-01,2023-12-31,0.4586689187564646,-0.3939341673961171
1,-1.3138759342606068,12.147737924169673,2023-S2,pluies,2023-07-01,2023-12-31,0.25308665531922625,-0.02771860200648872
1,-1.3144149239768896,12.148097249765083,2023-S2,pluies,2023-07-01,2023-12-31,0.27272846784658056,-0.0582267154444432
1,-1.3148640825319333,12.148187084446008,2023-S2,pluies,2023-07-01,2023-12-31,0.20509936257967754,-0.0319634703196347
1,-1.3170200378211259,12.497601783571465,2023-S2,pluies,2023-07-01,2023-12-31,0.40248668986223657,-0.13800227314818983
1,-1.317618913884142,12.497751502996891,2023-S2,pluies,2023-07-01,2023-12-31,0.41329504794587263,-0.15274312325812103
1,-1.3182776817067314,12.68025922393991,2023-S2,pluies,2023-07-01,2023-12-31,0.38482967895498904,-0.3726317992179019
1,-1.3225895933451584,12.21753702304723,2023-S2,pluies,2023-07-01,2023-12-31,0.305352798053528,-0.17186366932559827
1,-1.324952006267278,12.128750376398449,2023-S2,pluies,2023-07-01,2023-12-31,0.34613954375552347,-0.40321714820306404
1,-1.3259133597009451,12.21547089721347,2023-S2,pluies,2023-07-01,2023-12-31,0.2294367405717242,-0.1156208804855216
1,-1.3263625174361169,12.214183311584243,2023-S2,pluies,2023-07-01,2023-12-31,0.29062966672503016,-0.19707355748234034
1,-1.3270811693174764,12.214303087525236,2023-S2,pluies,2023-07-01,2023-12-31,0.24623911322248615,-0.10944808231992516
1,-1.330427257358201,12.30442158912369,2023-S2,pluies,2023-07-01,2023-12-31,0.4191099750188903,-0.31044893914774174
1,-1.3289534446095812,12.213719970542659,2023-S2,pluies,2023-07-01,2023-12-31,0.20361184703426521,-0.08318870810003015
1,-1.3308540960792719,12.214303086757297,2023-S2,pluies,2023-07-01,2023-12-31,0.0896551724137931,0.022375215146299483
1,-1.3319096136287643,12.214752243383332,2023-S2,pluies,2023-07-01,2023-12-31,0.10852277532170655,0.003987122125140937
1,-1.3332667119037223,12.215509395580208,2023-S2,pluies,2023-07-01,2023-12-31,0.1127137721734903,-0.006890139528276264
1,-1.3358726006179549,12.211244785733738,2023-S2,pluies,2023-07-01,2023-12-31,0.1353909415842457,-0.04170617368666752
1,-1.3365134800821359,12.214572581273057,2023-S2,pluies,2023-07-01,2023-12-31,0.07875583926630005,0.019225663770158618
1,-1.3369738665919548,12.211883249265332,2023-S2,pluies,2023-07-01,2023-12-31,0.11887223618916644,-0.02493661335622332
1,-1.3454336974486063,12.174799587812464,2023-S2,pluies,2023-07-01,2023-12-31,0.3688793628358441,-0.4076892361741158
1,-1.3482814105393934,12.165794061664478,2023-S2,pluies,2023-07-01,2023-12-31,0.3070028011204482,-0.3363733905579399
1,-1.3497187132739115,12.231550740935702,2023-S2,pluies,2023-07-01,2023-12-31,0.20902553930076867,-0.2532771535580524
1,-1.3498983785789076,12.17441788804624,2023-S2,pluies,2023-07-01,2023-12-31,0.3046260498600187,-0.3410813542193027
1,-1.350048096559662,12.203044201621797,2023-S2,pluies,2023-07-01,2023-12-31,0.2390068705447708,-0.2570115063496557
1,-1.3500780388244469,12.225981185575915,2023-S2,pluies,2023-07-01,2023-12-31,0.28340776365510134,-0.23195876288659795
1,-1.3540306281804682,12.234515179683983,2023-S2,pluies,2023-07-01,2023-12-31,0.16570129466795924,-0.19981892932494164
1,-1.3547819458569748,12.234278352793691,2023-S2,pluies,2023-07-01,2023-12-31,0.18791001167512605,-0.21397689359785235
1,-1.3556475934505552,12.234425348154884,2023-S2,pluies,2023-07-01,2023-12-31,0.17573696145124718,-0.20241360394953373
1,-1.3529860033970182,12.22934779386732,2023-S2,pluies,2023-07-01,2023-12-31,0.2885585769472382,-0.3516425634536387
1,-1.3646864480546252,12.115326702292078,2023-S2,pluies,2023-07-01,2023-12-31,0.25575020641677343,-0.2603581751150395
1,-1.364532923547198,12.20261709020805,2023-S2,pluies,2023-07-01,2023-12-31,0.355892004282662,-0.23778828921572576
1,-1.370579995684672,12.350965587075152,2023-S2,pluies,2023-07-01,2023-12-31,0.35704918898210847,-0.3399881761006609
1,-1.3706494608991107,12.34958936707333,2023-S2,pluies,2023-07-01,2023-12-31,0.36104008059943193,-0.34748750091724456
1,-1.371547776034114,12.454347902623212,2023-S2,pluies,2023-07-01,2023-12-31,0.05102996274164132,-0.04979661168726842
1,-1.3721765958674053,12.451368490796588,2023-S2,pluies,2023-07-01,2023-12-31,-0.020307637894852952,0.02683373646383183
1,-1.3726000886194365,12.453550112714531,2023-S2,pluies,2023-07-01,2023-12-31,0.057343749057715145,-0.05820913396652407
1,-1.3746132772254935,12.202366722839749,2023-S2,pluies,2023-07-01,2023-12-31,0.20065968355750957,-0.08372381595608439
1,-1.3764779419260083,12.198883768472028,2023-S2,pluies,2023-07-01,2023-12-31,0.24501145029127766,-0.12849385758197662
1,-1.3767580044633536,12.203792797692197,2023-S2,pluies,2023-07-01,2023-12-31,0.06958482383688348,0.045496137652090304
1,-1.3772071623249367,12.198672400058843,2023-S2,pluies,2023-07-01,2023-12-31,0.11863224005582694,-0.010575793184488837
1,-1.377397394078151,12.264365668785146,2023-S2,pluies,2023-07-01,2023-12-31,0.1762957024910213,-0.29517631250294274
1,-1.3791834552758606,12.203433471277906,2023-S2,pluies,2023-07-01,2023-12-31,0.140077602549611,-0.04007492570470515
1,-1.3795427835725196,12.198672399278271,2023-S2,pluies,2023-07-01,2023-12-31,0.15560821484992102,-0.025079799361605107
1,-1.3801536360430906,12.198528669985443,2023-S2,pluies,2023-07-01,2023-12-31,0.15584086563574134,-0.03462742051005279
1,-1.3808280637174033,12.427742797954542,2023-S2,pluies,2023-07-01,2023-12-31,0.1735292256612941,-0.27887620126224744
1,-1.3823275578301146,12.561232447564509,2023-S2,pluies,2023-07-01,2023-12-31,-0.07570115765604488,0.15368300863131598
1,-1.3847729724802345,12.299962439940083,2023-S2,pluies,2023-07-01,2023-12-31,0.3042991841473846,-0.30671873300552477
1,-1.3850282541937478,12.560961704670929,2023-S2,pluies,2023-07-01,2023-12-31,0.049150002708576085,0.034375405265765324
1,-1.3899632396049124,12.199930039776644,2023-S2,pluies,2023-07-01,2023-12-31,-0.2298879202988792,0.34330794341675736
1,-1.3979650324775161,12.237732922610974,2023-S2,pluies,2023-07-01,2023-12-31,0.4068777965458816,-0.3517465983153408
1,-1.410111697957624,12.190760958938549,2023-S2,pluies,2023-07-01,2023-12-31,0.4652103801689552,-0.4497592391911258
1,-1.4099399398632793,12.341904826764333,2023-S2,pluies,2023-07-01,2023-12-31,0.3065510944119855,-0.3064441233632609
1,-1.4095465108357597,12.349230040199194,2023-S2,pluies,2023-07-01,2023-12-31,0.16578108395324123,-0.08879860708067325
1,-1.4098160075983093,12.347074084499434,2023-S2,pluies,2023-07-01,2023-12-31,0.13011473536135046,-0.06048587407656683
1,-1.4097261760968784,12.348152064100828,2023-S2,pluies,2023-07-01,2023-12-31,0.2290510252305686,-0.16020882331011613
1,-1.4104448274375758,12.48810958695964,2023-S2,pluies,2023-07-01,2023-12-31,0.17656043538770494,-0.13728397518929555
1,-1.4206984541772771,12.143967878049715,2023-S2,pluies,2023-07-01,2023-12-31,0.4284330143058339,-0.4135543672747798
1,-1.4179457608699615,12.363625544476815,2023-S2,pluies,2023-07-01,2023-12-31,0.1168338372152305,-0.1324664978372673
1,-1.4190686533935948,12.333868851434588,2023-S2,pluies,2023-07-01,2023-12-31,0.28209446639433916,-0.29224293445580274
1,-1.4201466337054363,12.542457659522194,2023-S2,pluies,2023-07-01,2023-12-31,-0.035690234777789674,0.11833032792666587
1,-1.420416127228511,12.5419186706758,2023-S2,pluies,2023-07-01,2023-12-31,-0.0179439934486933,0.0458186424887803
1,-1.4219294429654286,12.553382555881402,2023-S2,pluies,2023-07-01,2023-12-31,0.22109029497040433,-0.23517583616139723
1,-1.4233805673252715,12.553506938553332,2023-S2,pluies,2023-07-01,2023-12-31,0.21180150572411086,-0.21392489526698233
1,-1.4258958498024958,12.492780824373298,2023-S2,pluies,2023-07-01,2023-12-31,0.07952871870397643,-0.05063291139240506
1,-1.4264348400531548,12.13686831008752,2023-S2,pluies,2023-07-01,2023-12-31,0.15018021625951142,-0.11139028475711893
1,-1.4307513606823155,11.927813296887518,2023-S2,pluies,2023-07-01,2023-12-31,0.25112904944018477,-0.17137859201926364
1,-1.4298484372531857,11.930435456924553,2023-S2,pluies,2023-07-01,2023-12-31,0.17764652430713312,-0.11361410381978453
1,-1.4464572890126965,12.286674027787484,2023-S2,pluies,2023-07-01,2023-12-31,0.24237849394965263,-0.25070523149585233
1,-1.446816615116256,12.28552950667812,2023-S2,pluies,2023-07-01,2023-12-31,0.2680965644350619,-0.2710971242554969
1,-1.4491894132807135,12.341382979819702,2023-S2,pluies,2023-07-01,2023-12-31,0.2890663147585602,-0.21248943311880475
1,-1.4510486786023025,12.340246889250967,2023-S2,pluies,2023-07-01,2023-12-31,0.1696383087111564,-0.1155724362452523
1,-1.4551552624717126,12.361190468903875,2023-S2,pluies,2023-07-01,2023-12-31,0.037805842688869454,0.03718278621458832
1,-1.4623724145378298,12.49057245736507,2023-S2,pluies,2023-07-01,2023-12-31,0.3568184802303106,-0.3241382445623176
1,-1.4595826740480848,12.347613074056799,2023-S2,pluies,2023-07-01,2023-12-31,0.24905191422048195,-0.16417226259903875
1,-1.4602564097199249,12.34783765467525,2023-S2,pluies,2023-07-01,2023-12-31,0.19642259818987318,-0.07933107877347931
1,-1.4681166703045636,12.565364700379531,2023-S2,pluies,2023-07-01,2023-12-31,0.094660820221821,-0.02337228714524207
1,-1.4685358817847824,12.564885600027019,2023-S2,pluies,2023-07-01,2023-12-31,0.08406569872605718,-0.04625040534805485
1,-1.4716799864229224,12.486178207446107,2023-S2,pluies,2023-07-01,2023-12-31,0.08271997758860418,-0.04858867412997992
1,-1.471170941185348,12.565185035243374,2023-S2,pluies,2023-07-01,2023-12-31,0.044310171198388724,0.04659498207885305
1,-1.4254187036117287,12.518784094278011,2023-S2,pluies,2023-07-01,2023-12-31,0.3829347468766344,-0.3414349841890348
1,-1.4739736839181385,12.566119284610675,2023-S2,pluies,2023-07-01,2023-12-31,0.1282724369462946,-0.033144647463248494
1,-1.4738658883512348,12.5486560351543,2023-S2,pluies,2023-07-01,2023-12-31,0.07785817655571635,-0.0111731843575419
1,-1.475220454909838,12.546514259769259,2023-S2,pluies,2023-07-01,2023-12-31,0.23491670958600347,-0.15197941375400226
1,-1.474898948411452,12.483528177059092,2023-S2,pluies,2023-07-01,2023-12-31,-0.3545809363811888,0.40114282531894685
1,-1.4749438637923116,12.569856275096445,2023-S2,pluies,2023-07-01,2023-12-31,0.04126280808640266,0.054844606946983544
1,-1.4762015067640806,12.581354711764483,2023-S2,pluies,2023-07-01,2023-12-31,0.20334671482102767,-0.30329298214282696
1,-1.4763811700827258,12.57021560311502,2023-S2,pluies,2023-07-01,2023-12-31,0.018425460636515914,0.06707132018209408
1,-1.4783574622242228,12.542906818202702,2023-S2,pluies,2023-07-01,2023-12-31,0.11105178857447945,-0.021164021164021163
1,-1.4793327749251348,11.977096518588079,2023-S2,pluies,2023-07-01,2023-12-31,0.25572015539508436,-0.11846454544276377
1,-1.479255776519362,12.712149416946174,2023-S2,pluies,2023-07-01,2023-12-31,0.22234513274336284,-0.2479942948832234
1,-1.484376176764232,12.570574928564351,2023-S2,pluies,2023-07-01,2023-12-31,-0.0017307350360824916,0.12067317420275131
1,-1.4848253330413888,12.57075459179979,2023-S2,pluies,2023-07-01,2023-12-31,0.002188183807439825,0.09418116376724656
1,-1.4853643223053865,12.570934254546582,2023-S2,pluies,2023-07-01,2023-12-31,-0.03604587657018023,0.13865546218487396
1,-1.487879604745963,12.575785157677922,2023-S2,pluies,2023-07-01,2023-12-31,0.025048169556840076,0.026889903602232368
1,-1.4885084261166284,12.574886844066391,2023-S2,pluies,2023-07-01,2023-12-31,0.16942993236311427,-0.12408092243275338
1,-1.4889396167092006,12.57704279851742,2023-S2,pluies,2023-07-01,2023-12-31,0.07583124119163273,-0.03488730394531277
1,-1.4918321919982567,12.579198752866533,2023-S2,pluies,2023-07-01,2023-12-31,0.08919301557338367,-0.023773394031360646
1,-1.5085368074940029,12.38874396784703,2023-S2,pluies,2023-07-01,2023-12-31,0.2417275416201582,-0.15053605542115966
1,-1.507103554931892,12.666065842639435,2023-S2,pluies,2023-07-01,2023-12-31,0.30491176631334616,-0.29859802986416845
1,-1.5153740997580982,12.521957999952539,2023-S2,pluies,2023-07-01,2023-12-31,0.34033297963343806,-0.2695722862040561
1,-1.5181977469098744,12.447281154794904,2023-S2,pluies,2023-07-01,2023-12-31,0.1236367049042228,-0.050921155516638054
1,-1.5197073064996884,12.388326285254301,2023-S2,pluies,2023-07-01,2023-12-31,0.19834229202614345,-0.12501810618450734
1,-1.5209376055970687,12.389115238934696,2023-S2,pluies,2023-07-01,2023-12-31,0.2608695652173913,-0.20278833967046894
1,-1.5274009152565153,12.130118163119086,2023-S2,pluies,2023-07-01,2023-12-31,0.28608978531672896,-0.32876043625370216
1,-1.5257885084311604,12.51919129256521,2023-S2,pluies,2023-07-01,2023-12-31,0.16618535048569177,-0.12675281825680507
1,-1.5283037928784926,12.519191293423978,2023-S2,pluies,2023-07-01,2023-12-31,-0.22757867927960707,0.2789992418498863
1,-1.5284834546651525,12.518831969545094,2023-S2,pluies,2023-07-01,2023-12-31,0.029953917050691243,0.01887705711519845
1,-1.5289326134561367,12.519011630369413,2023-S2,pluies,2023-07-01,2023-12-31,-0.04083330758991951,0.0927630315474574
1,-1.539083575855333,12.238916924510978,2023-S2,pluies,2023-07-01,2023-12-31,0.2498250524842547,-0.29504603244191147
1,-1.5405208821816359,12.3883965900636,2023-S2,pluies,2023-07-01,2023-12-31,0.031946955997588906,0.04082955281918341
1,-1.5412681163460846,12.23878285839742,2023-S2,pluies,2023-07-01,2023-12-31,0.29210684109338153,-0.346056800081741
1,-1.5421378471830092,12.456848214010778,2023-S2,pluies,2023-07-01,2023-12-31,0.15407495538370017,-0.17977312055373967
1,-1.5424971740257973,12.24053389407346,2023-S2,pluies,2023-07-01,2023-12-31,0.23162531880361698,-0.26923925027563395
1,-1.5429463313357183,12.23550332864735,2023-S2,pluies,2023-07-01,2023-12-31,0.2664054848188051,-0.29638327853452323
1,-1.5435751523205326,12.457566864611627,2023-S2,pluies,2023-07-01,2023-12-31,0.1822739121716463,-0.22925722925722924
1,-1.544293805413647,12.239575689545141,2023-S2,pluies,2023-07-01,2023-12-31,0.29724818359511657,-0.3157740959333921
1,-1.544186007072802,12.238162340709483,2023-S2,pluies,2023-07-01,2023-12-31,0.2654993347297404,-0.2809774374244644
1,-1.5453717831795648,12.238737262691565,2023-S2,pluies,2023-07-01,2023-12-31,0.256,-0.2565248060192805
1,-1.545281951721977,12.23963557686459,2023-S2,pluies,2023-07-01,2023-12-31,0.3097887718041445,-0.3079355085690041
1,-1.5456412782989946,12.240174565362766,2023-S2,pluies,2023-07-01,2023-12-31,0.2901821513976103,-0.30151269999616914
1,-1.5459107728693788,12.30516767568426,2023-S2,pluies,2023-07-01,2023-12-31,0.20556390330112045,-0.08448667805928313
1,-1.5462700981295372,12.238916926152061,2023-S2,pluies,2023-07-01,2023-12-31,0.31248460970204384,-0.32820019249278154
1,-1.557658315483124,12.456478155249107,2023-S2,pluies,2023-07-01,2023-12-31,0.22773134188993177,-0.2786246931962859
1,-1.5550735885469122,12.594110789388685,2023-S2,pluies,2023-07-01,2023-12-31,0.2352410995944119,-0.2446027153349655
1,-1.5559719035223951,12.59590741764168,2023-S2,pluies,2023-07-01,2023-12-31,0.2215835042955843,-0.31646116463493207
1,-1.5659432028318885,12.563927395017513,2023-S2,pluies,2023-07-01,2023-12-31,0.17787896529874084,-0.23115073081350404
1,-1.5670660978973232,11.949255162622778,2023-S2,pluies,2023-07-01,2023-12-31,0.2138934868496881,-0.23474469348570073
1,-1.5754091442152967,11.945697819854816,2023-S2,pluies,2023-07-01,2023-12-31,0.32309004774548633,-0.31328483449107336
1,-1.5789750827205606,12.02258324396696,2023-S2,pluies,2023-07-01,2023-12-31,0.368119790754079,-0.3618706215180036
1,-1.5884820808238356,12.337310429027932,2023-S2,pluies,2023-07-01,2023-12-31,0.11041047738377326,-0.0631258410554448
1,-1.5911858611684235,12.334138344391397,2023-S2,pluies,2023-07-01,2023-12-31,0.24040796503156872,-0.18753246753246752
1,-1.591329593186693,12.336536847379895,2023-S2,pluies,2023-07-01,2023-12-31,0.19849833507263287,-0.16708588237827243
1,-1.5914681900036534,12.335087992434351,2023-S2,pluies,2023-07-01,2023-12-31,0.030855317408421734,-0.008718237602120505
1,-1.592084178279386,12.33530615520687,2023-S2,pluies,2023-07-01,2023-12-31,-0.09261737155311939,0.09362360497587083
1,-1.5928028300233403,12.335276211547422,2023-S2,pluies,2023-07-01,2023-12-31,-0.1341127100246122,0.16755779993970263
1,-1.5933717633290527,12.33569542472046,2023-S2,pluies,2023-07-01,2023-12-31,-0.028147975145055,0.06088906824007001
1,-1.5989113740984224,12.316082208512587,2023-S2,pluies,2023-07-01,2023-12-31,0.2764208735594932,-0.2761301620166876
1,-1.5939212287328517,12.51408466057964,2023-S2,pluies,2023-07-01,2023-12-31,0.30136778841445033,-0.2509888425158991
1,-1.6010544970779639,12.51600869080926,2023-S2,pluies,2023-07-01,2023-12-31,-0.1243785926804868,0.19568783832282885
1,-1.612078462991711,12.648809476806685,2023-S2,pluies,2023-07-01,2023-12-31,0.43415917154457145,-0.4199099567811625
1,-1.620920098318496,12.650345325940211,2023-S2,pluies,2023-07-01,2023-12-31,0.4266828762531713,-0.41520217005653903
1,-1.6212875916458782,12.416211696078102,2023-S2,pluies,2023-07-01,2023-12-31,0.30479115242181104,-0.19894642809156118
1,-1.6459157215828049,12.09159321840699,2023-S2,pluies,2023-07-01,2023-12-31,0.14909650895658816,-0.06444148158814113
1,-1.646162759408768,12.090874565625224,2023-S2,pluies,2023-07-01,2023-12-31,0.14798598949211908,-0.0576271186440678
1,-1.6469013729828939,12.091094155679853,2023-S2,pluies,2023-07-01,2023-12-31,0.13372445027137805,-0.05537252057675393
1,-1.6472407367992052,12.093569511679581,2023-S2,pluies,2023-07-01,2023-12-31,0.10743099787685775,-0.034451079467156635
1,-1.6481390518979566,12.091353667969438,2023-S2,pluies,2023-07-01,2023-12-31,0.14993879774837238,-0.07435247491565695
1,-1.6488577051338096,12.091593218486347,2023-S2,pluies,2023-07-01,2023-12-31,0.19093579521611415,-0.11029072450392248
1,-1.6489475348850475,12.093749176366034,2023-S2,pluies,2023-07-01,2023-12-31,0.1278129205113418,-0.06718791034196497
1,-1.6501153446045227,12.091952544639804,2023-S2,pluies,2023-07-01,2023-12-31,0.1733568592853992,-0.11352885525070956
1,-1.6650273773944901,12.16148214821362,2023-S2,pluies,2023-07-01,2023-12-31,0.09151291512915129,-0.06066386875238459
1,-1.6659256942473455,12.160494001174182,2023-S2,pluies,2023-07-01,2023-12-31,0.110137454413675,-0.07257183220568936
1,-1.666320407134925,12.1617843078802,2023-S2,pluies,2023-07-01,2023-12-31,0.07474255823628903,-0.047435720992425295
1,-1.6698571437570802,12.340585078466125,2023-S2,pluies,2023-07-01,2023-12-31,0.185283482287212,-0.11802031966445303
1,-1.6769068871082216,12.18810536109011,2023-S2,pluies,2023-07-01,2023-12-31,0.07259401556006413,-0.03866957807862357
1,-1.683832112694259,12.559313548611014,2023-S2,pluies,2023-07-01,2023-12-31,0.3471141949044782,-0.1998895609695737
1,-1.6819138733861787,12.212862661017333,2023-S2,pluies,2023-07-01,2023-12-31,0.3048237633048272,-0.2643793627359705
1,-1.684700484536466,12.216189548341957,2023-S2,pluies,2023-07-01,2023-12-31,0.31539565548127213,-0.2445154003902495
1,-1.6851496400746389,12.2157403897817,2023-S2,pluies,2023-07-01,2023-12-31,0.22215843857634904,-0.20597714620568414
1,-1.6910698955907535,12.141545295204413,2023-S2,pluies,2023-07-01,2023-12-31,0.2392558997508141,-0.22417195808719384
1,-1.6924759014508317,12.144034868788497,2023-S2,pluies,2023-07-01,2023-12-31,0.1506269473951717,-0.13548316295255008
1,-1.6993430224898687,12.303595625631964,2023-S2,pluies,2023-07-01,2023-12-31,-0.022671156004489337,-0.005022930770910679
1,-1.6999718423326842,12.303505793809078,2023-S2,pluies,2023-07-01,2023-12-31,0.10476452189665664,0.13378107382042453
1,-1.7172356197401732,12.325514518000164,2023-S2,pluies,2023-07-01,2023-12-31,0.11307459087803053,-0.0784290255139701
1,-1.7185669701891277,12.326592497221142,2023-S2,pluies,2023-07-01,2023-12-31,0.21551724137931033,-0.2132564841498559
1,-1.7399907588914152,12.074107714404573,2023-S2,pluies,2023-07-01,2023-12-31,0.3384440126610058,-0.3375029178688502
1,-1.8532157384520647,12.095082158888353,2024-S1,seche,2024-01-01,2024-06-30,-0.1327112076075284,0.03075478187840238
1,-1.8698671635979942,12.184925189509107,2024-S1,seche,2024-01-01,2024-06-30,-0.09593486874332181,0.02981715602400551
1,-1.924281170534282,12.414088406434953,2024-S1,seche,2024-01-01,2024-06-30,-0.22508118910816888,0.12969361898180143
1,-1.9252393735943116,12.413329828574723,2024-S1,seche,2024-01-01,2024-06-30,-0.22272926417801964,0.12113043536778248
1,-1.9264371271229912,12.413010428342506,2024-S1,seche,2024-01-01,2024-06-30,-0.1859119496855346,0.08617511520737327
1,-1.9267964530243678,12.41283076390253,2024-S1,seche,2024-01-01,2024-06-30,-0.1842870999030068,0.08775055679287305
1,-1.9574161711294407,12.43118206230244,2024-S1,seche,2024-01-01,2024-06-30,-0.213939711301441,0.11168795190477301
1,-1.952753545408458,12.40907851784621,2024-S1,seche,2024-01-01,2024-06-30,-0.0716672946965796,0.003915629495905835
1,-1.0893869452076947,12.49781139062258,2024-S1,seche,2024-01-01,2024-06-30,0.2410684097824862,-0.34532374100719426
1,-1.0895666084806583,12.498350379815955,2024-S1,seche,2024-01-01,2024-06-30,0.2341144659756647,-0.3436956941494497
1,-1.0895666104047883,12.498709705913637,2024-S1,seche,2024-01-01,2024-06-30,0.2344139650872818,-0.34465359984475064
1,-1.0906445865882128,12.514160729344816,2024-S1,seche,2024-01-01,2024-06-30,0.2223154406943778,-0.3367637492747119
1,-1.0920818892211193,12.51487937995568,2024-S1,seche,2024-01-01,2024-06-30,0.22940715006163848,-0.34125311362329946
1,-1.0924412167853803,12.51469971721013,2024-S1,seche,2024-01-01,2024-06-30,0.22832175666591978,-0.34079816250358885
1,-1.092800543994178,12.498530041793588,2024-S1,seche,2024-01-01,2024-06-30,0.231655001128923,-0.34012022493697885
1,-1.0932497004775314,12.498260547784568,2024-S1,seche,2024-01-01,2024-06-30,0.23528952784891138,-0.3430945184630277
1,-1.093249701278998,12.514520054447027,2024-S1,seche,2024-01-01,2024-06-30,0.2228513601238209,-0.3372551223446454
1,-1.0936988594280612,12.499069033244146,2024-S1,seche,2024-01-01,2024-06-30,0.23182999886967334,-0.34565761602156747
1,-1.0939683527042396,12.498530041447275,2024-S1,seche,2024-01-01,2024-06-30,0.23885793219394091,-0.3485894543151782
1,-1.09423784837424,12.498979200053313,2024-S1,seche,2024-01-01,2024-06-30,0.23612861496886922,-0.34668425305690415
1,-1.096357692819935,12.517395427751643,2024-S1,seche,2024-01-01,2024-06-30,0.2306720996809511,-0.3420066831722464
1,-1.0945073421451468,12.497631726485157,2024-S1,seche,2024-01-01,2024-06-30,0.23618080020877075,-0.3457401560709362
1,-1.0946870048543371,12.498709707427455,2024-S1,seche,2024-01-01,2024-06-30,0.23922481001755408,-0.3488838595931083
1,-1.094956499093331,12.498332412799954,2024-S1,seche,2024-01-01,2024-06-30,0.2378951996771376,-0.34746747537436184
1,-1.0958548143130395,12.498350379484027,2024-S1,seche,2024-01-01,2024-06-30,0.236560351628536,-0.3463282833156422
1,-1.0958548146838514,12.500236841525476,2024-S1,seche,2024-01-01,2024-06-30,0.24118773095864834,-0.35041007137936125
1,-1.0960344803348354,12.499697852670268,2024-S1,seche,2024-01-01,2024-06-30,0.24111119986533983,-0.3507434660862832
1,-1.0962141404453765,12.49547577035815,2024-S1,seche,2024-01-01,2024-06-30,0.21977032199954966,-0.3291384317521781
1,-1.0963938053020117,12.498350379392555,2024-S1,seche,2024-01-01,2024-06-30,0.23001119820828667,-0.3392273688256775
1,-1.0965734660943165,12.500147010106229,2024-S1,seche,2024-01-01,2024-06-30,0.24113716162645826,-0.3517174649250121
1,-1.0991486381340976,12.502841955761046,2024-S1,seche,2024-01-01,2024-06-30,0.2242690090775016,-0.34258083851888493
1,-1.0998074007463547,12.503380946683674,2024-S1,seche,2024-01-01,2024-06-30,0.2185251798561151,-0.3392891085344991
1,-1.0998074010361238,12.513082750079075,2024-S1,seche,2024-01-01,2024-06-30,0.21240728253540123,-0.3304032103955666
1,-1.1002565595377012,12.503380946237963,2024-S1,seche,2024-01-01,2024-06-30,0.2228073799949726,-0.3389239546029458
1,-1.1005260545286635,12.503740271015237,2024-S1,seche,2024-01-01,2024-06-30,0.2202633340772149,-0.33422256097560976
1,-1.100885379857276,12.503740271370564,2024-S1,seche,2024-01-01,2024-06-30,0.22418812989921613,-0.3367796285659583
1,-1.1010650443927588,12.504369091771991,2024-S1,seche,2024-01-01,2024-06-30,0.21940990137108585,-0.33416023308738063
1,-1.1009752122212941,12.513711569397547,2024-S1,seche,2024-01-01,2024-06-30,0.2184867488678476,-0.3371751339052117
1,-1.1016040336854052,12.513981065127128,2024-S1,seche,2024-01-01,2024-06-30,0.21634293369055593,-0.3396048918156162
1,-1.1021430211700762,12.503380946591323,2024-S1,seche,2024-01-01,2024-06-30,0.21851357365376056,-0.33219243202129684
1,-1.1021430205319593,12.514430222424926,2024-S1,seche,2024-01-01,2024-06-30,0.2196914076623523,-0.33785890847011546
1,-1.1023226867960343,12.503740270623425,2024-S1,seche,2024-01-01,2024-06-30,0.21774013817695564,-0.3352272727272727
1,-1.102622123626895,12.518532529173344,2024-S1,seche,2024-01-01,2024-06-30,0.21133874351413717,-0.32681528190739373
1,-1.1028616734371246,12.514699717816582,2024-S1,seche,2024-01-01,2024-06-30,0.22325787838437638,-0.3417340605604664
1,-1.1028616739963106,12.515059044400559,2024-S1,seche,2024-01-01,2024-06-30,0.2218763895064473,-0.3404936875824383
1,-1.1028616737511001,12.518113316760193,2024-S1,seche,2024-01-01,2024-06-30,0.21346801346801347,-0.33586050037907506
1,-1.1030413374828703,12.517394663028796,2024-S1,seche,2024-01-01,2024-06-30,0.21257014590347922,-0.33736305251227805
1,-1.1032209998327969,12.515418370276732,2024-S1,seche,2024-01-01,2024-06-30,0.22025543356486668,-0.3425278669941432
1,-1.1032209996190725,12.518113314934942,2024-S1,seche,2024-01-01,2024-06-30,0.21430177647852486,-0.33244172716851356
1,-1.1034006637076832,12.515059045271926,2024-S1,seche,2024-01-01,2024-06-30,0.22445336903168228,-0.345016016581873
1,-1.1035803261023416,12.514699717815319,2024-S1,seche,2024-01-01,2024-06-30,0.226494776617026,-0.3430243534075892
1,-1.1034904943463397,12.516047190153204,2024-S1,seche,2024-01-01,2024-06-30,0.22245393071138925,-0.3408201042572196
1,-1.1035803261074164,12.51703533887873,2024-S1,seche,2024-01-01,2024-06-30,0.21621621621621623,-0.34015927189988626
1,-1.1035803252496823,12.517574328048122,2024-S1,seche,2024-01-01,2024-06-30,0.21096382835317906,-0.3337127679757162
1,-1.1037599896132624,12.504548754451516,2024-S1,seche,2024-01-01,2024-06-30,0.22329091355879332,-0.3384844890444553
1,-1.1037599906766489,12.515328538765413,2024-S1,seche,2024-01-01,2024-06-30,0.22123959679679475,-0.34152296259315756
1,-1.103849820483322,12.514430223365762,2024-S1,seche,2024-01-01,2024-06-30,0.2217637791687901,-0.3402508604642057
1,-1.1039396519632354,12.51487938127791,2024-S1,seche,2024-01-01,2024-06-30,0.22279329608938547,-0.34253308128544424
1,-1.1039396525735576,12.515777695019235,2024-S1,seche,2024-01-01,2024-06-30,0.2256913470115968,-0.34205040742846315
1,-1.1039396516470685,12.516137022164662,2024-S1,seche,2024-01-01,2024-06-30,0.22259583053127102,-0.3411854103343465
1,-1.1041193169657633,12.50427926010907,2024-S1,seche,2024-01-01,2024-06-30,0.22380740080249667,-0.33486150907354345
1,-1.104119315447323,12.514160728586157,2024-S1,seche,2024-01-01,2024-06-30,0.219763022579924,-0.3405139833711262
1,-1.104209148020567,12.517574327743787,2024-S1,seche,2024-01-01,2024-06-30,0.21516622233686417,-0.3348548752447479
1,-1.1042989790872302,12.514609885387914,2024-S1,seche,2024-01-01,2024-06-30,0.22473227495893125,-0.34349765957166056
1,-1.1042989797031955,12.516496347957293,2024-S1,seche,2024-01-01,2024-06-30,0.22327044025157233,-0.3418347925390179
1,-1.104298978605195,12.5179336531783,2024-S1,seche,2024-01-01,2024-06-30,0.21266561868403325,-0.33206325014288435
1,-1.1059236480753278,12.515424786179036,2024-S1,seche,2024-01-01,2024-06-30,0.2219917771095484,-0.3399723496653291
1,-1.0952804095373214,12.49662813936818,2024-S1,seche,2024-01-01,2024-06-30,0.230819264183354,-0.33866432345065606
1,-1.1051972962768126,12.517574327592921,2024-S1,seche,2024-01-01,2024-06-30,0.21481481481481482,-0.3359908883826879
1,-1.1060105057121044,12.516997513633862,2024-S1,seche,2024-01-01,2024-06-30,0.21510298091984725,-0.3362364365142401
1,-1.1064549356905609,12.513801402377322,2024-S1,seche,2024-01-01,2024-06-30,0.21900089206066012,-0.33949453036589966
1,-1.106814262901016,12.513621737503053,2024-S1,seche,2024-01-01,2024-06-30,0.21962095875139354,-0.3384993384993385
1,-1.1068142616905745,12.51649634930329,2024-S1,seche,2024-01-01,2024-06-30,0.214636323070058,-0.33634992458521873
1,-1.1068142627743742,12.51685567567926,2024-S1,seche,2024-01-01,2024-06-30,0.214190093708166,-0.3342155009451796
1,-1.1078922412586596,12.517753988595498,2024-S1,seche,2024-01-01,2024-06-30,0.2186705010507687,-0.3362773654044912
1,-1.108071900765771,12.501045326063812,2024-S1,seche,2024-01-01,2024-06-30,0.20062486052220488,-0.3191408477475765
1,-1.1081617333864677,12.514699716605818,2024-S1,seche,2024-01-01,2024-06-30,0.218714872870635,-0.3375851826887829
1,-1.1080719013292648,12.515328538456114,2024-S1,seche,2024-01-01,2024-06-30,0.22095543426421493,-0.338411603780325
1,-1.1080719002591009,12.517394663209167,2024-S1,seche,2024-01-01,2024-06-30,0.22183098591549297,-0.3377657083996629
1,-1.108251566097525,12.51667600959774,2024-S1,seche,2024-01-01,2024-06-30,0.22070183182520414,-0.3370259106271123
1,-1.1082515666164532,12.518203147722478,2024-S1,seche,2024-01-01,2024-06-30,0.21781638681043825,-0.3332404792615275
1,-1.1084312304566974,12.515418371069018,2024-S1,seche,2024-01-01,2024-06-30,0.2258491398323776,-0.34164869173778484
1,-1.1084312305428043,12.515777695213409,2024-S1,seche,2024-01-01,2024-06-30,0.22260010970927044,-0.33763320246775097
1,-1.1084312296328238,12.516137022877356,2024-S1,seche,2024-01-01,2024-06-30,0.22579220492436788,-0.3400470588235294
1,-1.10861089122747,12.512723423178823,2024-S1,seche,2024-01-01,2024-06-30,0.22147950089126558,-0.3378813719916619
1,-1.1087905544633379,12.515687863624693,2024-S1,seche,2024-01-01,2024-06-30,0.22421860990347525,-0.3389568423681849
1,-1.108970218157029,12.514879381206558,2024-S1,seche,2024-01-01,2024-06-30,0.2235216240070609,-0.34267301765200336
1,-1.1179533710136813,12.52278455443077,2024-S1,seche,2024-01-01,2024-06-30,0.2035589496055617,-0.31860207100591714
1,-1.1197500003935472,12.52943208803823,2024-S1,seche,2024-01-01,2024-06-30,0.19072206752993973,-0.3047747962948218
1,-1.120468653000286,12.524581185112357,2024-S1,seche,2024-01-01,2024-06-30,0.20456944818598147,-0.31736120719281247
1,-1.1240619148420394,12.522245567456483,2024-S1,seche,2024-01-01,2024-06-30,0.1848534201954398,-0.3025053051658063
1,-1.1215609964199713,12.525057731270497,2024-S1,seche,2024-01-01,2024-06-30,0.20953954794234608,-0.32269327128030106
1,-1.1386357594366283,12.488289248779006,2024-S1,seche,2024-01-01,2024-06-30,-0.06579509092064487,0.015727810852262752
1,-1.1613298957352787,12.48086190010015,2024-S1,seche,2024-01-01,2024-06-30,-0.11108000079493277,-0.003611689640579411
1,-1.2103324895168066,12.615976884281514,2024-S1,seche,2024-01-01,2024-06-30,-0.22502415369476486,0.10517115751859783
1,-1.2118273183660517,12.615041534916074,2024-S1,seche,2024-01-01,2024-06-30,-0.20963744106027782,0.08478797562313359
1,-1.2196893270491231,12.158789535730673,2024-S1,seche,2024-01-01,2024-06-30,-0.08543521730212514,-0.013068977467809785
1,-1.2206308081089667,12.159505853088383,2024-S1,seche,2024-01-01,2024-06-30,-0.1527903602609484,0.05716259696762824
1,-1.2341953679479958,12.09159321812497,2024-S1,seche,2024-01-01,2024-06-30,-0.20470733973366367,0.07369583218327352
1,-1.234609591679788,12.092476562029656,2024-S1,seche,2024-01-01,2024-06-30,-0.2096010035189819,0.0974051223219688
1,-1.2414455213321771,12.37754287809319,2024-S1,seche,2024-01-01,2024-06-30,-0.1943891508756936,0.10852796726024651
1,-1.2492870649586534,12.1983130753877,2024-S1,seche,2024-01-01,2024-06-30,-0.18657401337354138,0.062081915268161016
1,-1.2796501214630207,12.604231807470335,2024-S1,seche,2024-01-01,2024-06-30,-0.05017701034199281,0.05662084830943251
1,-1.2807150002238452,12.041391387457784,2024-S1,seche,2024-01-01,2024-06-30,-0.10496271270148554,0.04547027530167216
1,-1.2873756333267863,12.465472043420156,2024-S1,seche,2024-01-01,2024-06-30,0.22232759788646525,-0.16314331535209214
1,-1.2888129395814194,12.221309948380593,2024-S1,seche,2024-01-01,2024-06-30,0.03690685413005272,-0.040280210157618214
1,-1.3016588471660469,12.549374686860226,2024-S1,seche,2024-01-01,2024-06-30,-0.15339834485556858,0.06772943892195551
1,-1.3028266571163172,12.214123423624384,2024-S1,seche,2024-01-01,2024-06-30,-0.26319408629877944,0.2608098833218943
1,-1.3038148037714163,12.499787683894233,2024-S1,seche,2024-01-01,2024-06-30,0.019598662474732256,-0.05445363515824858
1,-1.3084717424455339,12.216729762131727,2024-S1,seche,2024-01-01,2024-06-30,0.25383868519326663,-0.22563408908887814
1,-1.3060889598321304,12.703667429539616,2024-S1,seche,2024-01-01,2024-06-30,-0.1482451709660391,0.0023410407612584404
1,-1.313833619642546,12.468643611568409,2024-S1,seche,2024-01-01,2024-06-30,-0.10361788266775265,-0.03746994077803892
1,-1.3138759342606068,12.147737924169673,2024-S1,seche,2024-01-01,2024-06-30,0.02600719083355238,0.06176756301577545
1,-1.3144149239768896,12.148097249765083,2024-S1,seche,2024-01-01,2024-06-30,0.030899693190511758,0.05845687609165448
1,-1.3148640825319333,12.148187084446008,2024-S1,seche,2024-01-01,2024-06-30,0.008444565513484064,0.03497298834233722
1,-1.3170200378211259,12.497601783571465,2024-S1,seche,2024-01-01,2024-06-30,0.11193503968262015,0.004992600426935179
1,-1.317618913884142,12.497751502996891,2024-S1,seche,2024-01-01,2024-06-30,0.05170656456247121,0.006424974978434098
1,-1.3182776817067314,12.68025922393991,2024-S1,seche,2024-01-01,2024-06-30,-0.06222708649506481,-0.0065277926548202945
1,-1.3225895933451584,12.21753702304723,2024-S1,seche,2024-01-01,2024-06-30,-0.15703095859753824,0.11743515850144093
1,-1.324952006267278,12.128750376398449,2024-S1,seche,2024-01-01,2024-06-30,-0.06782177482069994,-0.028830092181936065
1,-1.3259133597009451,12.21547089721347,2024-S1,seche,2024-01-01,2024-06-30,0.07188444952964154,-0.03297701843867806
1,-1.3263625174361169,12.214183311584243,2024-S1,seche,2024-01-01,2024-06-30,-0.13694145605648908,0.0998056031791364
1,-1.3270811693174764,12.214303087525236,2024-S1,seche,2024-01-01,2024-06-30,0.12896825396825398,-0.08350730688935282
1,-1.330427257358201,12.30442158912369,2024-S1,seche,2024-01-01,2024-06-30,0.0029757459704180937,-0.02086654881576526
1,-1.3289534446095812,12.213719970542659,2024-S1,seche,2024-01-01,2024-06-30,0.11353502179913119,-0.09766931698909047
1,-1.3308540960792719,12.214303086757297,2024-S1,seche,2024-01-01,2024-06-30,0.053604436229205174,-0.033962264150943396
1,-1.3319096136287643,12.214752243383332,2024-S1,seche,2024-01-01,2024-06-30,0.07797935296862879,-0.05594036764905961
1,-1.3332667119037223,12.215509395580208,2024-S1,seche,2024-01-01,2024-06-30,0.08412758927077872,-0.06753614506654597
1,-1.3358726006179549,12.211244785733738,2024-S1,seche,2024-01-01,2024-06-30,0.08316098506580392,-0.08884052788479241
1,-1.3365134800821359,12.214572581273057,2024-S1,seche,2024-01-01,2024-06-30,0.08252119340655902,-0.052229105182250594
1,-1.3369738665919548,12.211883249265332,2024-S1,seche,2024-01-01,2024-06-30,0.10784684039220777,-0.1067203549404251
1,-1.3454336974486063,12.174799587812464,2024-S1,seche,2024-01-01,2024-06-30,0.23088240015188505,-0.24972200950143233
1,-1.3482814105393934,12.165794061664478,2024-S1,seche,2024-01-01,2024-06-30,-0.1413285777975925,0.10595096662706556
1,-1.3497187132739115,12.231550740935702,2024-S1,seche,2024-01-01,2024-06-30,-0.07828995505383088,0.03501555131935387
1,-1.3498983785789076,12.17441788804624,2024-S1,seche,2024-01-01,2024-06-30,-0.1528042328042328,0.07893433693176191
1,-1.350048096559662,12.203044201621797,2024-S1,seche,2024-01-01,2024-06-30,0.18543671877636456,-0.11997550751175386
1,-1.3500780388244469,12.225981185575915,2024-S1,seche,2024-01-01,2024-06-30,0.22697795071335927,-0.17092679533994087
1,-1.3540306281804682,12.234515179683983,2024-S1,seche,2024-01-01,2024-06-30,-0.07021243671817402,0.04118100950383585
1,-1.3547819458569748,12.234278352793691,2024-S1,seche,2024-01-01,2024-06-30,0.021601782836829096,-0.034823778085655926
1,-1.3556475934505552,12.234425348154884,2024-S1,seche,2024-01-01,2024-06-30,-0.14242749731471535,0.12241452089489235
1,-1.3529860033970182,12.22934779386732,2024-S1,seche,2024-01-01,2024-06-30,0.32877172631264157,-0.343992828590043
1,-1.3646864480546252,12.115326702292078,2024-S1,seche,2024-01-01,2024-06-30,0.07885467588247021,-0.10239955931782908
1,-1.364532923547198,12.20261709020805,2024-S1,seche,2024-01-01,2024-06-30,0.19301043127088668,-0.17787764809820775
1,-1.370579995684672,12.350965587075152,2024-S1,seche,2024-01-01,2024-06-30,-0.16025826231515605,0.024411528892267494
1,-1.3706494608991107,12.34958936707333,2024-S1,seche,2024-01-01,2024-06-30,-0.17900916973219339,0.07737275204212193
1,-1.371547776034114,12.454347902623212,2024-S1,seche,2024-01-01,2024-06-30,-0.09495123025158703,0.07682225933233085
1,-1.3721765958674053,12.451368490796588,2024-S1,seche,2024-01-01,2024-06-30,-0.06646780469641192,-0.016883013808393854
1,-1.3726000886194365,12.453550112714531,2024-S1,seche,2024-01-01,2024-06-30,-0.05108827095302857,-0.00588518129410149
1,-1.3746132772254935,12.202366722839749,2024-S1,seche,2024-01-01,2024-06-30,0.12872962806966995,-0.15081440758996423
1,-1.3764779419260083,12.198883768472028,2024-S1,seche,2024-01-01,2024-06-30,0.1108682402710088,-0.13075193875054716
1,-1.3767580044633536,12.203792797692197,2024-S1,seche,2024-01-01,2024-06-30,0.12711165851919748,-0.13730374396135264
1,-1.3772071623249367,12.198672400058843,2024-S1,seche,2024-01-01,2024-06-30,0.06489675516224189,-0.08153973509933775
1,-1.377397394078151,12.264365668785146,2024-S1,seche,2024-01-01,2024-06-30,0.12452709657350182,-0.17267506652507833
1,-1.3791834552758606,12.203433471277906,2024-S1,seche,2024-01-01,2024-06-30,0.07275254256916674,-0.09797260830494219
1,-1.3795427835725196,12.198672399278271,2024-S1,seche,2024-01-01,2024-06-30,0.17000835421888053,-0.17466251298027
1,-1.3801536360430906,12.198528669985443,2024-S1,seche,2024-01-01,2024-06-30,0.14721116270879017,-0.16384549986653188
1,-1.3808280637174033,12.427742797954542,2024-S1,seche,2024-01-01,2024-06-30,-0.008051561839890697,-0.10688841778532993
1,-1.3823275578301146,12.561232447564509,2024-S1,seche,2024-01-01,2024-06-30,-0.12397529697174638,0.0979723546446489
1,-1.3847729724802345,12.299962439940083,2024-S1,seche,2024-01-01,2024-06-30,-0.027049424076508587,-0.04556187032985626
1,-1.3850282541937478,12.560961704670929,2024-S1,seche,2024-01-01,2024-06-30,0.007655812162379243,-0.034941962035065596
1,-1.3899632396049124,12.199930039776644,2024-S1,seche,2024-01-01,2024-06-30,-0.09542927733168623,0.04925306907262239
1,-1.3979650324775161,12.237732922610974,2024-S1,seche,2024-01-01,2024-06-30,-0.01603872533486455,-0.026349657577091252
1,-1.410111697957624,12.190760958938549,2024-S1,seche,2024-01-01,2024-06-30,-0.15045581446226577,0.05097548086070967
1,-1.4099399398632793,12.341904826764333,2024-S1,seche,2024-01-01,2024-06-30,0.05139845130217937,-0.1145019596813262
1,-1.4095465108357597,12.349230040199194,2024-S1,seche,2024-01-01,2024-06-30,-0.08288148721920992,-0.024083769633507852
1,-1.4098160075983093,12.347074084499434,2024-S1,seche,2024-01-01,2024-06-30,-0.02933720293169717,0.005017857959034429
1,-1.4097261760968784,12.348152064100828,2024-S1,seche,2024-01-01,2024-06-30,0.009280315621786795,-0.07409868118914203
1,-1.4104448274375758,12.48810958695964,2024-S1,seche,2024-01-01,2024-06-30,0.06364070881748053,-0.08317047081798122
1,-1.4206984541772771,12.143967878049715,2024-S1,seche,2024-01-01,2024-06-30,-0.09020638347443133,0.023085205342580715
1,-1.4179457608699615,12.363625544476815,2024-S1,seche,2024-01-01,2024-06-30,0.03397068240637954,-0.04832950256148877
1,-1.4190686533935948,12.333868851434588,2024-S1,seche,2024-01-01,2024-06-30,-0.08743466284979896,-0.027741959369282976
1,-1.4201466337054363,12.542457659522194,2024-S1,seche,2024-01-01,2024-06-30,0.06228501583604838,-0.051703944864910575
1,-1.420416127228511,12.5419186706758,2024-S1,seche,2024-01-01,2024-06-30,0.042111796137450586,-0.010160333891196098
1,-1.4219294429654286,12.553382555881402,2024-S1,seche,2024-01-01,2024-06-30,-0.23185788016287015,0.1159535858845138
1,-1.4233805673252715,12.553506938553332,2024-S1,seche,2024-01-01,2024-06-30,-0.19929279878710907,0.07680678844255144
1,-1.4258958498024958,12.492780824373298,2024-S1,seche,2024-01-01,2024-06-30,-0.28176408820441023,0.27152777777777776
1,-1.4264348400531548,12.13686831008752,2024-S1,seche,2024-01-01,2024-06-30,-0.2071259443003721,0.10076084721365412
1,-1.4307513606823155,11.927813296887518,2024-S1,seche,2024-01-01,2024-06-30,0.047993266307358756,-0.07910294984771798
1,-1.4298484372531857,11.930435456924553,2024-S1,seche,2024-01-01,2024-06-30,-0.09290709290709291,0.02036374941706824
1,-1.4464572890126965,12.286674027787484,2024-S1,seche,2024-01-01,2024-06-30,-0.23219969508548946,0.05744420197392497
1,-1.446816615116256,12.28552950667812,2024-S1,seche,2024-01-01,2024-06-30,-0.21123132350899326,0.05672134342953418
1,-1.4491894132807135,12.341382979819702,2024-S1,seche,2024-01-01,2024-06-30,0.054370786850963165,-0.06812122619972212
1,-1.4510486786023025,12.340246889250967,2024-S1,seche,2024-01-01,2024-06-30,-0.07853050219076509,0.02564102564102564
1,-1.4551552624717126,12.361190468903875,2024-S1,seche,2024-01-01,2024-06-30,0.017322578659534776,-0.09255240407354184
1,-1.4623724145378298,12.49057245736507,2024-S1,seche,2024-01-01,2024-06-30,0.0574018254763566,-0.06283779921988916
1,-1.4595826740480848,12.347613074056799,2024-S1,seche,2024-01-01,2024-06-30,0.17437358388273141,-0.13815315369719516
1,-1.4602564097199249,12.34783765467525,2024-S1,seche,2024-01-01,2024-06-30,0.10270088345902018,-0.088752848440035
1,-1.4681166703045636,12.565364700379531,2024-S1,seche,2024-01-01,2024-06-30,-0.1078167115902965,0.059733562526858616
1,-1.4685358817847824,12.564885600027019,2024-S1,seche,2024-01-01,2024-06-30,-0.029186773820618527,-0.009654382839956144
1,-1.4716799864229224,12.486178207446107,2024-S1,seche,2024-01-01,2024-06-30,-0.1358700792094605,0.0642781481060231
1,-1.471170941185348,12.565185035243374,2024-S1,seche,2024-01-01,2024-06-30,0.09610104338275673,-0.07631874298540965
1,-1.4254187036117287,12.518784094278011,2024-S1,seche,2024-01-01,2024-06-30,0.26170997298368237,-0.17689365009273694
1,-1.4739736839181385,12.566119284610675,2024-S1,seche,2024-01-01,2024-06-30,0.144891445804649,-0.10220564241989702
1,-1.4738658883512348,12.5486560351543,2024-S1,seche,2024-01-01,2024-06-30,0.013922227556409025,-0.044651162790697675
1,-1.475220454909838,12.546514259769259,2024-S1,seche,2024-01-01,2024-06-30,-0.154000369966463,0.08019084753625255
1,-1.474898948411452,12.483528177059092,2024-S1,seche,2024-01-01,2024-06-30,-0.2960906229840059,0.2466493566093604
1,-1.4749438637923116,12.569856275096445,2024-S1,seche,2024-01-01,2024-06-30,0.012466124661246613,-0.03801478352692714
1,-1.4762015067640806,12.581354711764483,2024-S1,seche,2024-01-01,2024-06-30,0.01401459154366603,-0.14840527992134586
1,-1.4763811700827258,12.57021560311502,2024-S1,seche,2024-01-01,2024-06-30,0.048467966573816156,-0.08663101604278074
1,-1.4783574622242228,12.542906818202702,2024-S1,seche,2024-01-01,2024-06-30,-0.2206008583690987,0.13427279978729062
1,-1.4793327749251348,11.977096518588079,2024-S1,seche,2024-01-01,2024-06-30,0.06448763142144029,-0.051634663316848024
1,-1.479255776519362,12.712149416946174,2024-S1,seche,2024-01-01,2024-06-30,0.13893072289156627,-0.16654518950437316
1,-1.484376176764232,12.570574928564351,2024-S1,seche,2024-01-01,2024-06-30,0.027791697754614937,-0.04603219996799749
1,-1.4848253330413888,12.57075459179979,2024-S1,seche,2024-01-01,2024-06-30,-0.13212996389891696,0.07951807228915662
1,-1.4853643223053865,12.570934254546582,2024-S1,seche,2024-01-01,2024-06-30,-0.3050599590523545,0.20888648062855594
1,-1.487879604745963,12.575785157677922,2024-S1,seche,2024-01-01,2024-06-30,-0.03740926856504746,-0.011877326715121433
1,-1.4885084261166284,12.574886844066391,2024-S1,seche,2024-01-01,2024-06-30,-0.2436823198167159,0.11714691924802294
1,-1.4889396167092006,12.57704279851742,2024-S1,seche,2024-01-01,2024-06-30,-0.13962041868341876,0.05549761652097527
1,-1.4918321919982567,12.579198752866533,2024-S1,seche,2024-01-01,2024-06-30,-0.1219643096739568,0.0970873786407767
1,-1.5085368074940029,12.38874396784703,2024-S1,seche,2024-01-01,2024-06-30,0.1462391347336159,-0.09787725187291063
1,-1.507103554931892,12.666065842639435,2024-S1,seche,2024-01-01,2024-06-30,-0.15931700691085254,0.1930506986503177
1,-1.5153740997580982,12.521957999952539,2024-S1,seche,2024-01-01,2024-06-30,-0.10943423503096028,0.04281667597663875
1,-1.5181977469098744,12.447281154794904,2024-S1,seche,2024-01-01,2024-06-30,0.09231825563826807,-0.09656768321935857
1,-1.5197073064996884,12.388326285254301,2024-S1,seche,2024-01-01,2024-06-30,0.03488439409481225,0.018748165755707636
1,-1.5209376055970687,12.389115238934696,2024-S1,seche,2024-01-01,2024-06-30,0.02507232401157184,0.06927551560021153
1,-1.5274009152565153,12.130118163119086,2024-S1,seche,2024-01-01,2024-06-30,-0.07439158178962983,0.018089536937296116
1,-1.5257885084311604,12.51919129256521,2024-S1,seche,2024-01-01,2024-06-30,-0.3002652519893899,0.20768662232076865
1,-1.5283037928784926,12.519191293423978,2024-S1,seche,2024-01-01,2024-06-30,-0.2824427480916031,0.1800515101849684
1,-1.5284834546651525,12.518831969545094,2024-S1,seche,2024-01-01,2024-06-30,-0.2599258867125463,0.15087040618955513
1,-1.5289326134561367,12.519011630369413,2024-S1,seche,2024-01-01,2024-06-30,-0.23509009325701358,0.13910899491696518
1,-1.539083575855333,12.238916924510978,2024-S1,seche,2024-01-01,2024-06-30,-0.09278350515463918,0.025895893277530734
1,-1.5405208821816359,12.3883965900636,2024-S1,seche,2024-01-01,2024-06-30,-0.009267840593141797,0.010672853828306265
1,-1.5412681163460846,12.23878285839742,2024-S1,seche,2024-01-01,2024-06-30,-0.07234416549809676,-0.005718253530116752
1,-1.5421378471830092,12.456848214010778,2024-S1,seche,2024-01-01,2024-06-30,-0.03096330275229358,-0.03151090762186911
1,-1.5424971740257973,12.24053389407346,2024-S1,seche,2024-01-01,2024-06-30,-0.08356417359187442,-0.06920483838984731
1,-1.5429463313357183,12.23550332864735,2024-S1,seche,2024-01-01,2024-06-30,-0.09811639021647456,-0.029324055666003976
1,-1.5435751523205326,12.457566864611627,2024-S1,seche,2024-01-01,2024-06-30,-0.1701767126603728,0.05132666376685516
1,-1.544293805413647,12.239575689545141,2024-S1,seche,2024-01-01,2024-06-30,-0.06771237321877695,0.010087382773311011
1,-1.544186007072802,12.238162340709483,2024-S1,seche,2024-01-01,2024-06-30,-0.10503406182398234,-0.023289054425529677
1,-1.5453717831795648,12.238737262691565,2024-S1,seche,2024-01-01,2024-06-30,-0.10164835164835165,-0.041243275552898986
1,-1.545281951721977,12.23963557686459,2024-S1,seche,2024-01-01,2024-06-30,-0.07710490706995375,0.007400634464478394
1,-1.5456412782989946,12.240174565362766,2024-S1,seche,2024-01-01,2024-06-30,-0.1289775578873202,0.01909056545604041
1,-1.5459107728693788,12.30516767568426,2024-S1,seche,2024-01-01,2024-06-30,0.1534289616507624,-0.12968920433096617
1,-1.5462700981295372,12.238916926152061,2024-S1,seche,2024-01-01,2024-06-30,-0.12394814646349785,-0.023706045041485577
1,-1.557658315483124,12.456478155249107,2024-S1,seche,2024-01-01,2024-06-30,0.11785205355811655,-0.1632056404734168
1,-1.5550735885469122,12.594110789388685,2024-S1,seche,2024-01-01,2024-06-30,-0.03897550111358575,-0.048768054375531014
1,-1.5559719035223951,12.59590741764168,2024-S1,seche,2024-01-01,2024-06-30,0.21761349730287627,-0.2969569053940715
1,-1.5659432028318885,12.563927395017513,2024-S1,seche,2024-01-01,2024-06-30,0.21004931469694416,-0.2428097955261499
1,-1.5670660978973232,11.949255162622778,2024-S1,seche,2024-01-01,2024-06-30,-0.21734484235664228,0.11536041560052107
1,-1.5754091442152967,11.945697819854816,2024-S1,seche,2024-01-01,2024-06-30,0.08298431972823596,-0.05723642885476412
1,-1.5789750827205606,12.02258324396696,2024-S1,seche,2024-01-01,2024-06-30,-0.05709420966351737,-0.012222328785425066
1,-1.5884820808238356,12.337310429027932,2024-S1,seche,2024-01-01,2024-06-30,0.09133618509219982,-0.10516181661718157
1,-1.5911858611684235,12.334138344391397,2024-S1,seche,2024-01-01,2024-06-30,0.02537365311087939,-0.07550280250576986
1,-1.591329593186693,12.336536847379895,2024-S1,seche,2024-01-01,2024-06-30,0.10719497973061902,-0.13024325495274644
1,-1.5914681900036534,12.335087992434351,2024-S1,seche,2024-01-01,2024-06-30,0.05908780823858291,-0.09300495407620304
1,-1.592084178279386,12.33530615520687,2024-S1,seche,2024-01-01,2024-06-30,0.0539714291159928,-0.08536892743309009
1,-1.5928028300233403,12.335276211547422,2024-S1,seche,2024-01-01,2024-06-30,0.05061038955470879,-0.05627652865213804
1,-1.5933717633290527,12.33569542472046,2024-S1,seche,2024-01-01,2024-06-30,0.06469088078311569,-0.09032912170233236
1,-1.5989113740984224,12.316082208512587,2024-S1,seche,2024-01-01,2024-06-30,0.06500249757969197,-0.11529666545738063
1,-1.5939212287328517,12.51408466057964,2024-S1,seche,2024-01-01,2024-06-30,-0.011458553457016551,-0.06229072106141483
1,-1.6010544970779639,12.51600869080926,2024-S1,seche,2024-01-01,2024-06-30,-0.18661026079659618,0.10683082513219604
1,-1.612078462991711,12.648809476806685,2024-S1,seche,2024-01-01,2024-06-30,-0.12256744182361493,0.054703871154091546
1,-1.620920098318496,12.650345325940211,2024-S1,seche,2024-01-01,2024-06-30,-0.2128158630274286,0.08607329421174156
1,-1.6212875916458782,12.416211696078102,2024-S1,seche,2024-01-01,2024-06-30,0.19984517761330522,-0.17819201474282914
1,-1.6459157215828049,12.09159321840699,2024-S1,seche,2024-01-01,2024-06-30,-0.29261109310656336,0.2832989812235458
1,-1.646162759408768,12.090874565625224,2024-S1,seche,2024-01-01,2024-06-30,-0.25546903967371154,0.22415039768618944
1,-1.6469013729828939,12.091094155679853,2024-S1,seche,2024-01-01,2024-06-30,-0.2927593907719101,0.2367957703772196
1,-1.6472407367992052,12.093569511679581,2024-S1,seche,2024-01-01,2024-06-30,-0.21699887175629937,0.12556521739130436
1,-1.6481390518979566,12.091353667969438,2024-S1,seche,2024-01-01,2024-06-30,-0.36849507288827676,0.3446183640125294
1,-1.6488577051338096,12.091593218486347,2024-S1,seche,2024-01-01,2024-06-30,-0.3023555985801872,0.3061488673139159
1,-1.6489475348850475,12.093749176366034,2024-S1,seche,2024-01-01,2024-06-30,-0.2777593810875836,0.343808197281023
1,-1.6501153446045227,12.091952544639804,2024-S1,seche,2024-01-01,2024-06-30,-0.23032258064516128,0.11292675809746133
1,-1.6650273773944901,12.16148214821362,2024-S1,seche,2024-01-01,2024-06-30,-0.268733072524827,0.3723958333333333
1,-1.6659256942473455,12.160494001174182,2024-S1,seche,2024-01-01,2024-06-30,-0.20229848912284784,0.12611188961794254
1,-1.666320407134925,12.1617843078802,2024-S1,seche,2024-01-01,2024-06-30,0.015055777311829551,-0.031777179995733845
1,-1.6698571437570802,12.340585078466125,2024-S1,seche,2024-01-01,2024-06-30,-0.23508797347257354,0.07933495168423
1,-1.6769068871082216,12.18810536109011,2024-S1,seche,2024-01-01,2024-06-30,-0.16546427328906038,0.09220170325527356
1,-1.683832112694259,12.559313548611014,2024-S1,seche,2024-01-01,2024-06-30,-0.212433600007974,0.1571547483662321
1,-1.6819138733861787,12.212862661017333,2024-S1,seche,2024-01-01,2024-06-30,-0.09417218414013645,0.04548616695796027
1,-1.684700484536466,12.216189548341957,2024-S1,seche,2024-01-01,2024-06-30,-0.02832343228653979,-0.004694176070715904
1,-1.6851496400746389,12.2157403897817,2024-S1,seche,2024-01-01,2024-06-30,-0.2634011090573013,0.15921136315454737
1,-1.6910698955907535,12.141545295204413,2024-S1,seche,2024-01-01,2024-06-30,-0.1329771880121326,0.06584895750160782
1,-1.6924759014508317,12.144034868788497,2024-S1,seche,2024-01-01,2024-06-30,-0.19976281637429524,0.0998813512394167
1,-1.6993430224898687,12.303595625631964,2024-S1,seche,2024-01-01,2024-06-30,0.10236724248240563,-0.02906574394463668
1,-1.6999718423326842,12.303505793809078,2024-S1,seche,2024-01-01,2024-06-30,0.13151323901615938,0.022314144315438864
1,-1.7172356197401732,12.325514518000164,2024-S1,seche,2024-01-01,2024-06-30,-0.12147643368279559,0.04736010160202649
1,-1.7185669701891277,12.326592497221142,2024-S1,seche,2024-01-01,2024-06-30,0.1332916145181477,-0.11811524992040752
1,-1.7399907588914152,12.074107714404573,2024-S1,seche,2024-01-01,2024-06-30,-0.09628918220167228,-0.008382074032825853
1,-1.8532157384520647,12.095082158888353,2024-S2,pluies,2024-07-01,2024-12-31,0.41583420866610427,-0.34204792030334796
1,-1.8698671635979942,12.184925189509107,2024-S2,pluies,2024-07-01,2024-12-31,0.5555646161211406,-0.431907629820353
1,-1.924281170534282,12.414088406434953,2024-S2,pluies,2024-07-01,2024-12-31,0.30104610616040295,-0.21428571428571427
1,-1.9252393735943116,12.413329828574723,2024-S2,pluies,2024-07-01,2024-12-31,0.3478464080982071,-0.26759572190524855
1,-1.9264371271229912,12.413010428342506,2024-S2,pluies,2024-07-01,2024-12-31,0.3450760608486789,-0.2647191011235955
1,-1.9267964530243678,12.41283076390253,2024-S2,pluies,2024-07-01,2024-12-31,0.3477198697068404,-0.2724795640326976
1,-1.9574161711294407,12.43118206230244,2024-S2,pluies,2024-07-01,2024-12-31,0.10186337803472137,0.0008158604271777085
1,-1.952753545408458,12.40907851784621,2024-S2,pluies,2024-07-01,2024-12-31,0.4642857950823347,-0.36584700024892847
1,-1.0893869452076947,12.49781139062258,2024-S2,pluies,2024-07-01,2024-12-31,0.15175810331004466,-0.30531845042678923
1,-1.0895666084806583,12.498350379815955,2024-S2,pluies,2024-07-01,2024-12-31,0.14733325653726528,-0.3041271035066278
1,-1.0895666104047883,12.498709705913637,2024-S2,pluies,2024-07-01,2024-12-31,0.15358047432650243,-0.3056945887241477
1,-1.0906445865882128,12.514160729344816,2024-S2,pluies,2024-07-01,2024-12-31,0.14839370057577442,-0.3039406815973958
1,-1.0920818892211193,12.51487937995568,2024-S2,pluies,2024-07-01,2024-12-31,0.15353743836715972,-0.30776444111027756
1,-1.0924412167853803,12.51469971721013,2024-S2,pluies,2024-07-01,2024-12-31,0.15247205255272558,-0.30876962120500046
1,-1.092800543994178,12.498530041793588,2024-S2,pluies,2024-07-01,2024-12-31,0.15215641173087982,-0.30616470588235295
1,-1.0932497004775314,12.498260547784568,2024-S2,pluies,2024-07-01,2024-12-31,0.15483591515053446,-0.3092175998835382
1,-1.093249701278998,12.514520054447027,2024-S2,pluies,2024-07-01,2024-12-31,0.1535520115984052,-0.30757478788501913
1,-1.0936988594280612,12.499069033244146,2024-S2,pluies,2024-07-01,2024-12-31,0.15562723188572744,-0.3075760438314755
1,-1.0939683527042396,12.498530041447275,2024-S2,pluies,2024-07-01,2024-12-31,0.1547077073903248,-0.30903887923106005
1,-1.09423784837424,12.498979200053313,2024-S2,pluies,2024-07-01,2024-12-31,0.15298747173882138,-0.30728690415875737
1,-1.096357692819935,12.517395427751643,2024-S2,pluies,2024-07-01,2024-12-31,0.15880645074697106,-0.30825343030566843
1,-1.0945073421451468,12.497631726485157,2024-S2,pluies,2024-07-01,2024-12-31,0.15615792122968128,-0.3087530722370463
1,-1.0946870048543371,12.498709707427455,2024-S2,pluies,2024-07-01,2024-12-31,0.15460530499546854,-0.30761994355597366
1,-1.094956499093331,12.498332412799954,2024-S2,pluies,2024-07-01,2024-12-31,0.15586766914585876,-0.30821004517601003
1,-1.0958548143130395,12.498350379484027,2024-S2,pluies,2024-07-01,2024-12-31,0.15538674033149172,-0.3072129909365559
1,-1.0958548146838514,12.500236841525476,2024-S2,pluies,2024-07-01,2024-12-31,0.1524268831526997,-0.306409111205988
1,-1.0960344803348354,12.499697852670268,2024-S2,pluies,2024-07-01,2024-12-31,0.15565391729696557,-0.30794331523032586
1,-1.0962141404453765,12.49547577035815,2024-S2,pluies,2024-07-01,2024-12-31,0.16290212183436004,-0.3097544915812247
1,-1.0963938053020117,12.498350379392555,2024-S2,pluies,2024-07-01,2024-12-31,0.15980685214991952,-0.3084784254352763
1,-1.0965734660943165,12.500147010106229,2024-S2,pluies,2024-07-01,2024-12-31,0.15460829493087558,-0.30629608621667614
1,-1.0991486381340976,12.502841955761046,2024-S2,pluies,2024-07-01,2024-12-31,0.1519228991779514,-0.3067856065345185
1,-1.0998074007463547,12.503380946683674,2024-S2,pluies,2024-07-01,2024-12-31,0.15437333023579974,-0.3097563288138807
1,-1.0998074010361238,12.513082750079075,2024-S2,pluies,2024-07-01,2024-12-31,0.14466712739000231,-0.30298479444340154
1,-1.1002565595377012,12.503380946237963,2024-S2,pluies,2024-07-01,2024-12-31,0.15754817956852613,-0.3093391296566879
1,-1.1005260545286635,12.503740271015237,2024-S2,pluies,2024-07-01,2024-12-31,0.15295748613678373,-0.306010411736867
1,-1.100885379857276,12.503740271370564,2024-S2,pluies,2024-07-01,2024-12-31,0.148862455248874,-0.30563406821179573
1,-1.1010650443927588,12.504369091771991,2024-S2,pluies,2024-07-01,2024-12-31,0.14673928936265468,-0.30334232979088993
1,-1.1009752122212941,12.513711569397547,2024-S2,pluies,2024-07-01,2024-12-31,0.1477181436874113,-0.30204632926855923
1,-1.1016040336854052,12.513981065127128,2024-S2,pluies,2024-07-01,2024-12-31,0.15145922251701466,-0.3030130756111427
1,-1.1021430211700762,12.503380946591323,2024-S2,pluies,2024-07-01,2024-12-31,0.15433452614567703,-0.30407523510971785
1,-1.1021430205319593,12.514430222424926,2024-S2,pluies,2024-07-01,2024-12-31,0.15088632592135232,-0.3023383652537135
1,-1.1023226867960343,12.503740270623425,2024-S2,pluies,2024-07-01,2024-12-31,0.14937233674997122,-0.3041266252119842
1,-1.102622123626895,12.518532529173344,2024-S2,pluies,2024-07-01,2024-12-31,0.15095911856550487,-0.30111848029300825
1,-1.1028616734371246,12.514699717816582,2024-S2,pluies,2024-07-01,2024-12-31,0.15178674020452718,-0.3041101055806938
1,-1.1028616739963106,12.515059044400559,2024-S2,pluies,2024-07-01,2024-12-31,0.15267877673028282,-0.30399471149305884
1,-1.1028616737511001,12.518113316760193,2024-S2,pluies,2024-07-01,2024-12-31,0.14737793851717904,-0.29816727137408133
1,-1.1030413374828703,12.517394663028796,2024-S2,pluies,2024-07-01,2024-12-31,0.1462558060496205,-0.2975391498881432
1,-1.1032209998327969,12.515418370276732,2024-S2,pluies,2024-07-01,2024-12-31,0.14569763455605073,-0.2993439550140581
1,-1.1032209996190725,12.518113314934942,2024-S2,pluies,2024-07-01,2024-12-31,0.14781622234827,-0.29886130296807917
1,-1.1034006637076832,12.515059045271926,2024-S2,pluies,2024-07-01,2024-12-31,0.15510110294117646,-0.30635729107715526
1,-1.1035803261023416,12.514699717815319,2024-S2,pluies,2024-07-01,2024-12-31,0.14909173997486577,-0.3031437125748503
1,-1.1034904943463397,12.516047190153204,2024-S2,pluies,2024-07-01,2024-12-31,0.1503660718863824,-0.30302476830635344
1,-1.1035803261074164,12.51703533887873,2024-S2,pluies,2024-07-01,2024-12-31,0.15401252134319862,-0.30832945556072594
1,-1.1035803252496823,12.517574328048122,2024-S2,pluies,2024-07-01,2024-12-31,0.15053275901156202,-0.30320781032078103
1,-1.1037599896132624,12.504548754451516,2024-S2,pluies,2024-07-01,2024-12-31,0.15485524404560558,-0.31192536937054804
1,-1.1037599906766489,12.515328538765413,2024-S2,pluies,2024-07-01,2024-12-31,0.14573590689441462,-0.2988181863945759
1,-1.103849820483322,12.514430223365762,2024-S2,pluies,2024-07-01,2024-12-31,0.15109651098462604,-0.30547825524958305
1,-1.1039396519632354,12.51487938127791,2024-S2,pluies,2024-07-01,2024-12-31,0.14996008666894742,-0.30342958601999814
1,-1.1039396525735576,12.515777695019235,2024-S2,pluies,2024-07-01,2024-12-31,0.1495775291162366,-0.30548302872062666
1,-1.1039396516470685,12.516137022164662,2024-S2,pluies,2024-07-01,2024-12-31,0.15028967397478132,-0.3031488727408235
1,-1.1041193169657633,12.50427926010907,2024-S2,pluies,2024-07-01,2024-12-31,0.15621752684447524,-0.3121234939759036
1,-1.104119315447323,12.514160728586157,2024-S2,pluies,2024-07-01,2024-12-31,0.15157773952954676,-0.3062488271720773
1,-1.104209148020567,12.517574327743787,2024-S2,pluies,2024-07-01,2024-12-31,0.15148487507988131,-0.30346087155491785
1,-1.1042989790872302,12.514609885387914,2024-S2,pluies,2024-07-01,2024-12-31,0.1539040288468206,-0.30668439877063036
1,-1.1042989797031955,12.516496347957293,2024-S2,pluies,2024-07-01,2024-12-31,0.15030151325520538,-0.3048496695522666
1,-1.104298978605195,12.5179336531783,2024-S2,pluies,2024-07-01,2024-12-31,0.15478892419428053,-0.30625931445603577
1,-1.1059236480753278,12.515424786179036,2024-S2,pluies,2024-07-01,2024-12-31,0.15010291941981388,-0.3057520523576749
1,-1.0952804095373214,12.49662813936818,2024-S2,pluies,2024-07-01,2024-12-31,0.16335356281087687,-0.31202197637319573
1,-1.1051972962768126,12.517574327592921,2024-S2,pluies,2024-07-01,2024-12-31,0.1491788321167883,-0.30765661252900234
1,-1.1060105057121044,12.516997513633862,2024-S2,pluies,2024-07-01,2024-12-31,0.15134331392304978,-0.30799435669396485
1,-1.1064549356905609,12.513801402377322,2024-S2,pluies,2024-07-01,2024-12-31,0.14917000572409844,-0.3089083131857913
1,-1.106814262901016,12.513621737503053,2024-S2,pluies,2024-07-01,2024-12-31,0.14211123723042,-0.2971263833348833
1,-1.1068142616905745,12.51649634930329,2024-S2,pluies,2024-07-01,2024-12-31,0.152669160149609,-0.3059140284096184
1,-1.1068142627743742,12.51685567567926,2024-S2,pluies,2024-07-01,2024-12-31,0.14551013475257615,-0.3013609850939728
1,-1.1078922412586596,12.517753988595498,2024-S2,pluies,2024-07-01,2024-12-31,0.14516309830736465,-0.29901645371817265
1,-1.108071900765771,12.501045326063812,2024-S2,pluies,2024-07-01,2024-12-31,0.1743519155769672,-0.316494160098756
1,-1.1081617333864677,12.514699716605818,2024-S2,pluies,2024-07-01,2024-12-31,0.1469203488085788,-0.302070876822875
1,-1.1080719013292648,12.515328538456114,2024-S2,pluies,2024-07-01,2024-12-31,0.14348653027337716,-0.30135476828906615
1,-1.1080719002591009,12.517394663209167,2024-S2,pluies,2024-07-01,2024-12-31,0.13942960615663197,-0.298265042451089
1,-1.108251566097525,12.51667600959774,2024-S2,pluies,2024-07-01,2024-12-31,0.14648108654169942,-0.298265042451089
1,-1.1082515666164532,12.518203147722478,2024-S2,pluies,2024-07-01,2024-12-31,0.1500792671635267,-0.3015353667131645
1,-1.1084312304566974,12.515418371069018,2024-S2,pluies,2024-07-01,2024-12-31,0.13928611642833014,-0.3
1,-1.1084312305428043,12.515777695213409,2024-S2,pluies,2024-07-01,2024-12-31,0.142792384406165,-0.3007303318849958
1,-1.1084312296328238,12.516137022877356,2024-S2,pluies,2024-07-01,2024-12-31,0.14508474576271185,-0.3005454377368956
1,-1.10861089122747,12.512723423178823,2024-S2,pluies,2024-07-01,2024-12-31,0.14481185860889395,-0.30135072193758733
1,-1.1087905544633379,12.515687863624693,2024-S2,pluies,2024-07-01,2024-12-31,0.14587058411684944,-0.30134376905767846
1,-1.108970218157029,12.514879381206558,2024-S2,pluies,2024-07-01,2024-12-31,0.14953376025165713,-0.30236844530458024
1,-1.1179533710136813,12.52278455443077,2024-S2,pluies,2024-07-01,2024-12-31,0.1487156376746282,-0.3028233991511349
1,-1.1197500003935472,12.52943208803823,2024-S2,pluies,2024-07-01,2024-12-31,0.1651691625069329,-0.30954128440366974
1,-1.120468653000286,12.524581185112357,2024-S2,pluies,2024-07-01,2024-12-31,0.1534747951049736,-0.30146377617194736
1,-1.1240619148420394,12.522245567456483,2024-S2,pluies,2024-07-01,2024-12-31,0.1583617747440273,-0.30214130742382794
1,-1.1215609964199713,12.525057731270497,2024-S2,pluies,2024-07-01,2024-12-31,0.1625369757328514,-0.30623391569398367
1,-1.1386357594366283,12.488289248779006,2024-S2,pluies,2024-07-01,2024-12-31,0.3364067558973418,-0.30871043421193906
1,-1.1613298957352787,12.48086190010015,2024-S2,pluies,2024-07-01,2024-12-31,0.37432380196963844,-0.4161557673778817
1,-1.2103324895168066,12.615976884281514,2024-S2,pluies,2024-07-01,2024-12-31,0.5060920938437588,-0.5050224130590747
1,-1.2118273183660517,12.615041534916074,2024-S2,pluies,2024-07-01,2024-12-31,0.501619625810287,-0.49855307070877686
1,-1.2196893270491231,12.158789535730673,2024-S2,pluies,2024-07-01,2024-12-31,0.39775303898743275,-0.400116995216035
1,-1.2206308081089667,12.159505853088383,2024-S2,pluies,2024-07-01,2024-12-31,0.3766226084542692,-0.38443983817134764
1,-1.2341953679479958,12.09159321812497,2024-S2,pluies,2024-07-01,2024-12-31,0.44789762340036565,-0.434192037470726
1,-1.234609591679788,12.092476562029656,2024-S2,pluies,2024-07-01,2024-12-31,0.47736773468517096,-0.46935774831546756
1,-1.2414455213321771,12.37754287809319,2024-S2,pluies,2024-07-01,2024-12-31,0.4639829448625468,-0.4059471815151899
1,-1.2492870649586534,12.1983130753877,2024-S2,pluies,2024-07-01,2024-12-31,0.38307873090481787,-0.43243243243243246
1,-1.2796501214630207,12.604231807470335,2024-S2,pluies,2024-07-01,2024-12-31,0.23407149544952624,-0.29037663361139215
1,-1.2807150002238452,12.041391387457784,2024-S2,pluies,2024-07-01,2024-12-31,0.35689423727095615,-0.4145339314753995
1,-1.2873756333267863,12.465472043420156,2024-S2,pluies,2024-07-01,2024-12-31,0.3346832513740237,-0.21151868357901954
1,-1.2888129395814194,12.221309948380593,2024-S2,pluies,2024-07-01,2024-12-31,0.22338403041825095,-0.18948412698412698
1,-1.3016588471660469,12.549374686860226,2024-S2,pluies,2024-07-01,2024-12-31,0.5764120253325298,-0.37451879919900566
1,-1.3028266571163172,12.214123423624384,2024-S2,pluies,2024-07-01,2024-12-31,-0.6162442082311257,0.7040229885057471
1,-1.3038148037714163,12.499787683894233,2024-S2,pluies,2024-07-01,2024-12-31,0.33342107166401946,-0.22685578963756894
1,-1.3084717424455339,12.216729762131727,2024-S2,pluies,2024-07-01,2024-12-31,0.41432988164770573,-0.3649038379234634
1,-1.3060889598321304,12.703667429539616,2024-S2,pluies,2024-07-01,2024-12-31,-0.025633390649319833,0.09052127117156601
1,-1.313833619642546,12.468643611568409,2024-S2,pluies,2024-07-01,2024-12-31,0.5074664677572638,-0.5243097594798974
1,-1.3138759342606068,12.147737924169673,2024-S2,pluies,2024-07-01,2024-12-31,0.34400279316412247,-0.06079394399356594
1,-1.3144149239768896,12.148097249765083,2024-S2,pluies,2024-07-01,2024-12-31,0.306761758657935,-0.026775431392941033
1,-1.3148640825319333,12.148187084446008,2024-S2,pluies,2024-07-01,2024-12-31,0.2522432701894317,-0.006622516556291391
1,-1.3170200378211259,12.497601783571465,2024-S2,pluies,2024-07-01,2024-12-31,-0.09223478143357322,0.0453265589909281
1,-1.317618913884142,12.497751502996891,2024-S2,pluies,2024-07-01,2024-12-31,-0.12023018594166045,0.0618951226869498
1,-1.3182776817067314,12.68025922393991,2024-S2,pluies,2024-07-01,2024-12-31,0.43199481396929656,-0.34472374208696444
1,-1.3225895933451584,12.21753702304723,2024-S2,pluies,2024-07-01,2024-12-31,-0.030971128608923884,0.1352601156069364
1,-1.324952006267278,12.128750376398449,2024-S2,pluies,2024-07-01,2024-12-31,0.3236072721171621,-0.38884400354755166
1,-1.3259133597009451,12.21547089721347,2024-S2,pluies,2024-07-01,2024-12-31,-0.16380206827076949,0.29703401323844336
1,-1.3263625174361169,12.214183311584243,2024-S2,pluies,2024-07-01,2024-12-31,0.1543165194739449,-0.032858231013046496
1,-1.3270811693174764,12.214303087525236,2024-S2,pluies,2024-07-01,2024-12-31,-0.587467362924282,0.6388140161725068
1,-1.330427257358201,12.30442158912369,2024-S2,pluies,2024-07-01,2024-12-31,0.5098832115197002,-0.5252019029221568
1,-1.3289534446095812,12.213719970542659,2024-S2,pluies,2024-07-01,2024-12-31,-0.2195160350374464,0.32213700602533313
1,-1.3308540960792719,12.214303086757297,2024-S2,pluies,2024-07-01,2024-12-31,-0.3039027511196417,0.3696236559139785
1,-1.3319096136287643,12.214752243383332,2024-S2,pluies,2024-07-01,2024-12-31,-0.541357731689192,0.5706214626589291
1,-1.3332667119037223,12.215509395580208,2024-S2,pluies,2024-07-01,2024-12-31,0.14760686576302523,0.022087288586093573
1,-1.3358726006179549,12.211244785733738,2024-S2,pluies,2024-07-01,2024-12-31,0.24727420675379988,-0.09979277774193071
1,-1.3365134800821359,12.214572581273057,2024-S2,pluies,2024-07-01,2024-12-31,0.27144128631477776,-0.14349774403938267
1,-1.3369738665919548,12.211883249265332,2024-S2,pluies,2024-07-01,2024-12-31,-0.2952881978750893,0.36434874171348475
1,-1.3454336974486063,12.174799587812464,2024-S2,pluies,2024-07-01,2024-12-31,0.3004797794449586,-0.3586019923430054
1,-1.3482814105393934,12.165794061664478,2024-S2,pluies,2024-07-01,2024-12-31,0.2725907384230288,-0.3369838010495095
1,-1.3497187132739115,12.231550740935702,2024-S2,pluies,2024-07-01,2024-12-31,0.19488233950194198,-0.2577927548441449
1,-1.3498983785789076,12.17441788804624,2024-S2,pluies,2024-07-01,2024-12-31,0.23814110281724055,-0.29343456900401965
1,-1.350048096559662,12.203044201621797,2024-S2,pluies,2024-07-01,2024-12-31,0.21383316122648277,-0.23947383021586632
1,-1.3500780388244469,12.225981185575915,2024-S2,pluies,2024-07-01,2024-12-31,0.3237913486005089,-0.3070404172099087
1,-1.3540306281804682,12.234515179683983,2024-S2,pluies,2024-07-01,2024-12-31,0.1990060410239246,-0.2593309095255947
1,-1.3547819458569748,12.234278352793691,2024-S2,pluies,2024-07-01,2024-12-31,0.24470011303033984,-0.31439190771054776
1,-1.3556475934505552,12.234425348154884,2024-S2,pluies,2024-07-01,2024-12-31,0.18794413134035776,-0.23287037037037037
1,-1.3529860033970182,12.22934779386732,2024-S2,pluies,2024-07-01,2024-12-31,0.2619472195792458,-0.338401260728741
1,-1.3646864480546252,12.115326702292078,2024-S2,pluies,2024-07-01,2024-12-31,0.28951042211381717,-0.3231173504182394
1,-1.364532923547198,12.20261709020805,2024-S2,pluies,2024-07-01,2024-12-31,0.5847087027412535,-0.47920215164003543
1,-1.370579995684672,12.350965587075152,2024-S2,pluies,2024-07-01,2024-12-31,0.48354451810111015,-0.4693812879041771
1,-1.3706494608991107,12.34958936707333,2024-S2,pluies,2024-07-01,2024-12-31,0.49147303739845183,-0.4762290782257024
1,-1.371547776034114,12.454347902623212,2024-S2,pluies,2024-07-01,2024-12-31,0.3301323248235903,-0.26795012245229854
1,-1.3721765958674053,12.451368490796588,2024-S2,pluies,2024-07-01,2024-12-31,0.22969819837911043,-0.1488547177948945
1,-1.3726000886194365,12.453550112714531,2024-S2,pluies,2024-07-01,2024-12-31,0.3675866591861777,-0.3074757790448657
1,-1.3746132772254935,12.202366722839749,2024-S2,pluies,2024-07-01,2024-12-31,0.3438312066225154,-0.2171664711033693
1,-1.3764779419260083,12.198883768472028,2024-S2,pluies,2024-07-01,2024-12-31,0.1401777282580891,-0.024919462529497668
1,-1.3767580044633536,12.203792797692197,2024-S2,pluies,2024-07-01,2024-12-31,0.007703486482762565,0.13324761912511834
1,-1.3772071623249367,12.198672400058843,2024-S2,pluies,2024-07-01,2024-12-31,-0.1897846770155233,0.3090909090909091
1,-1.377397394078151,12.264365668785146,2024-S2,pluies,2024-07-01,2024-12-31,0.22262755288679228,-0.3220182159272839
1,-1.3791834552758606,12.203433471277906,2024-S2,pluies,2024-07-01,2024-12-31,0.30274671369087197,-0.1385833283834162
1,-1.3795427835725196,12.198672399278271,2024-S2,pluies,2024-07-01,2024-12-31,0.14308553157474022,0.004686035613870665
1,-1.3801536360430906,12.198528669985443,2024-S2,pluies,2024-07-01,2024-12-31,0.17231628570643445,-0.014223314533481066
1,-1.3808280637174033,12.427742797954542,2024-S2,pluies,2024-07-01,2024-12-31,0.20830177490062424,-0.30306973018341277
1,-1.3823275578301146,12.561232447564509,2024-S2,pluies,2024-07-01,2024-12-31,0.1765887267522699,-0.11386522688941823
1,-1.3847729724802345,12.299962439940083,2024-S2,pluies,2024-07-01,2024-12-31,0.29976617426489405,-0.3381920499226811
1,-1.3850282541937478,12.560961704670929,2024-S2,pluies,2024-07-01,2024-12-31,0.25955170432418845,-0.18194556185898553
1,-1.3899632396049124,12.199930039776644,2024-S2,pluies,2024-07-01,2024-12-31,-0.38227297444263186,0.4114380899500278
1,-1.3979650324775161,12.237732922610974,2024-S2,pluies,2024-07-01,2024-12-31,0.5178108473770682,-0.5241662640707717
1,-1.410111697957624,12.190760958938549,2024-S2,pluies,2024-07-01,2024-12-31,0.5537365688463316,-0.5280131992821754
1,-1.4099399398632793,12.341904826764333,2024-S2,pluies,2024-07-01,2024-12-31,0.41941903526762314,-0.41275147571956133
1,-1.4095465108357597,12.349230040199194,2024-S2,pluies,2024-07-01,2024-12-31,0.38521634615384615,-0.3592233009708738
1,-1.4098160075983093,12.347074084499434,2024-S2,pluies,2024-07-01,2024-12-31,0.42065198463015324,-0.37091913939443966
1,-1.4097261760968784,12.348152064100828,2024-S2,pluies,2024-07-01,2024-12-31,0.39686587276578084,-0.3714979689385352
1,-1.4104448274375758,12.48810958695964,2024-S2,pluies,2024-07-01,2024-12-31,-0.09565413853894578,0.1933509879330663
1,-1.4206984541772771,12.143967878049715,2024-S2,pluies,2024-07-01,2024-12-31,0.4622187786016935,-0.4798405642651111
1,-1.4179457608699615,12.363625544476815,2024-S2,pluies,2024-07-01,2024-12-31,0.06262936481583425,0.019359251584299984
1,-1.4190686533935948,12.333868851434588,2024-S2,pluies,2024-07-01,2024-12-31,0.39781893667590673,-0.39972575284166934
1,-1.4201466337054363,12.542457659522194,2024-S2,pluies,2024-07-01,2024-12-31,0.11650925253687905,-0.04816242674023603
1,-1.420416127228511,12.5419186706758,2024-S2,pluies,2024-07-01,2024-12-31,0.1907095350161005,-0.11259773139394083
1,-1.4219294429654286,12.553382555881402,2024-S2,pluies,2024-07-01,2024-12-31,0.32088663632817205,-0.3052294992991641
1,-1.4233805673252715,12.553506938553332,2024-S2,pluies,2024-07-01,2024-12-31,0.3242306821357046,-0.3364097408524776
1,-1.4258958498024958,12.492780824373298,2024-S2,pluies,2024-07-01,2024-12-31,0.020854021847070508,0.04871303977877047
1,-1.4264348400531548,12.13686831008752,2024-S2,pluies,2024-07-01,2024-12-31,0.31921331316187596,-0.3268511593118923
1,-1.4307513606823155,11.927813296887518,2024-S2,pluies,2024-07-01,2024-12-31,0.5794648434826117,-0.5301244033000243
1,-1.4298484372531857,11.930435456924553,2024-S2,pluies,2024-07-01,2024-12-31,0.5197693574958814,-0.4589327146171694
1,-1.4464572890126965,12.286674027787484,2024-S2,pluies,2024-07-01,2024-12-31,0.47693338745251534,-0.49888019906390974
1,-1.446816615116256,12.28552950667812,2024-S2,pluies,2024-07-01,2024-12-31,0.49977468166558814,-0.514834219189686
1,-1.4491894132807135,12.341382979819702,2024-S2,pluies,2024-07-01,2024-12-31,0.4260480631889271,-0.3914975940418557
1,-1.4510486786023025,12.340246889250967,2024-S2,pluies,2024-07-01,2024-12-31,0.402363184079602,-0.3797999354630526
1,-1.4551552624717126,12.361190468903875,2024-S2,pluies,2024-07-01,2024-12-31,0.18156523149993267,-0.06847317428530134
1,-1.4623724145378298,12.49057245736507,2024-S2,pluies,2024-07-01,2024-12-31,0.48125122147325045,-0.4807123028917588
1,-1.4595826740480848,12.347613074056799,2024-S2,pluies,2024-07-01,2024-12-31,0.39661086328754225,-0.3069008388325517
1,-1.4602564097199249,12.34783765467525,2024-S2,pluies,2024-07-01,2024-12-31,0.42478811900151703,-0.3330987001729864
1,-1.4681166703045636,12.565364700379531,2024-S2,pluies,2024-07-01,2024-12-31,0.38722826086956524,-0.27179763186221745
1,-1.4685358817847824,12.564885600027019,2024-S2,pluies,2024-07-01,2024-12-31,0.3625941061022638,-0.25928208150818505
1,-1.4716799864229224,12.486178207446107,2024-S2,pluies,2024-07-01,2024-12-31,0.19909786957370265,-0.2094952922279352
1,-1.471170941185348,12.565185035243374,2024-S2,pluies,2024-07-01,2024-12-31,0.18234323432343233,-0.03949600193845408
1,-1.4254187036117287,12.518784094278011,2024-S2,pluies,2024-07-01,2024-12-31,0.5264963539473281,-0.5123591747062943
1,-1.4739736839181385,12.566119284610675,2024-S2,pluies,2024-07-01,2024-12-31,0.3565755330764645,-0.24123731547355137
1,-1.4738658883512348,12.5486560351543,2024-S2,pluies,2024-07-01,2024-12-31,0.447683615819209,-0.36171324105510577
1,-1.475220454909838,12.546514259769259,2024-S2,pluies,2024-07-01,2024-12-31,0.49230877511441706,-0.4022697161532417
1,-1.474898948411452,12.483528177059092,2024-S2,pluies,2024-07-01,2024-12-31,-0.18163955381904306,0.24886385401513866
1,-1.4749438637923116,12.569856275096445,2024-S2,pluies,2024-07-01,2024-12-31,0.3716195685202066,-0.26536412078152755
1,-1.4762015067640806,12.581354711764483,2024-S2,pluies,2024-07-01,2024-12-31,0.47966291433219044,-0.45566968094078614
1,-1.4763811700827258,12.57021560311502,2024-S2,pluies,2024-07-01,2024-12-31,0.33732415444477704,-0.2245183887915937
1,-1.4783574622242228,12.542906818202702,2024-S2,pluies,2024-07-01,2024-12-31,0.35117241379310343,-0.22885245901639345
1,-1.4793327749251348,11.977096518588079,2024-S2,pluies,2024-07-01,2024-12-31,0.504553787865081,-0.1994773827804189
1,-1.479255776519362,12.712149416946174,2024-S2,pluies,2024-07-01,2024-12-31,0.27218101586705473,-0.3036291771469637
1,-1.484376176764232,12.570574928564351,2024-S2,pluies,2024-07-01,2024-12-31,0.17746917487718356,-0.018206143759986772
1,-1.4848253330413888,12.57075459179979,2024-S2,pluies,2024-07-01,2024-12-31,0.18214542836573075,-0.04377104377104377
1,-1.4853643223053865,12.570934254546582,2024-S2,pluies,2024-07-01,2024-12-31,0.12662013958125623,0.00805523590333717
1,-1.487879604745963,12.575785157677922,2024-S2,pluies,2024-07-01,2024-12-31,-0.030942334739803096,0.10725075528700906
1,-1.4885084261166284,12.574886844066391,2024-S2,pluies,2024-07-01,2024-12-31,0.07848705241454972,-0.06132948936356091
1,-1.4889396167092006,12.57704279851742,2024-S2,pluies,2024-07-01,2024-12-31,0.07552933754326203,-0.03094212902274156
1,-1.4918321919982567,12.579198752866533,2024-S2,pluies,2024-07-01,2024-12-31,0.08610086100861009,-0.07125
1,-1.5085368074940029,12.38874396784703,2024-S2,pluies,2024-07-01,2024-12-31,0.423057042328149,-0.40347149604402577
1,-1.507103554931892,12.666065842639435,2024-S2,pluies,2024-07-01,2024-12-31,0.3417655392755933,-0.37205752348332133
1,-1.5153740997580982,12.521957999952539,2024-S2,pluies,2024-07-01,2024-12-31,0.5384528073942657,-0.5024204443090983
1,-1.5181977469098744,12.447281154794904,2024-S2,pluies,2024-07-01,2024-12-31,0.10427005090849249,0.03441541679117119
1,-1.5197073064996884,12.388326285254301,2024-S2,pluies,2024-07-01,2024-12-31,0.24693679736429222,-0.18855332163914448
1,-1.5209376055970687,12.389115238934696,2024-S2,pluies,2024-07-01,2024-12-31,0.22044917257683216,-0.1688720856962823
1,-1.5274009152565153,12.130118163119086,2024-S2,pluies,2024-07-01,2024-12-31,0.4708715505798638,-0.44625792197502673
1,-1.5257885084311604,12.51919129256521,2024-S2,pluies,2024-07-01,2024-12-31,0.4367613779230576,-0.42608250064053294
1,-1.5283037928784926,12.519191293423978,2024-S2,pluies,2024-07-01,2024-12-31,0.11998310097169412,-0.06717420510523958
1,-1.5284834546651525,12.518831969545094,2024-S2,pluies,2024-07-01,2024-12-31,0.25967106787120686,-0.22932240173619484
1,-1.5289326134561367,12.519011630369413,2024-S2,pluies,2024-07-01,2024-12-31,0.08601262148376491,-0.027956307077781656
1,-1.539083575855333,12.238916924510978,2024-S2,pluies,2024-07-01,2024-12-31,0.512080141426046,-0.46459747817652763
1,-1.5405208821816359,12.3883965900636,2024-S2,pluies,2024-07-01,2024-12-31,0.22845637583892617,-0.20870044052863437
1,-1.5412681163460846,12.23878285839742,2024-S2,pluies,2024-07-01,2024-12-31,0.5697547059088112,-0.5234698626574217
1,-1.5421378471830092,12.456848214010778,2024-S2,pluies,2024-07-01,2024-12-31,0.2662098049551924,-0.26075411577270313
1,-1.5424971740257973,12.24053389407346,2024-S2,pluies,2024-07-01,2024-12-31,0.5013293943870015,-0.4624203821656051
1,-1.5429463313357183,12.23550332864735,2024-S2,pluies,2024-07-01,2024-12-31,0.4160714285714286,-0.3579842931937173
1,-1.5435751523205326,12.457566864611627,2024-S2,pluies,2024-07-01,2024-12-31,0.29779711721512103,-0.29856017386579736
1,-1.544293805413647,12.239575689545141,2024-S2,pluies,2024-07-01,2024-12-31,0.5614505712866369,-0.5241263812481756
1,-1.544186007072802,12.238162340709483,2024-S2,pluies,2024-07-01,2024-12-31,0.5206783476095378,-0.46528181017027326
1,-1.5453717831795648,12.238737262691565,2024-S2,pluies,2024-07-01,2024-12-31,0.5136563876651983,-0.4654615881213686
1,-1.545281951721977,12.23963557686459,2024-S2,pluies,2024-07-01,2024-12-31,0.5597358060774157,-0.5243450337218473
1,-1.5456412782989946,12.240174565362766,2024-S2,pluies,2024-07-01,2024-12-31,0.5534751268132063,-0.5224547639740367
1,-1.5459107728693788,12.30516767568426,2024-S2,pluies,2024-07-01,2024-12-31,0.2249540370053554,-0.09275449645861983
1,-1.5462700981295372,12.238916926152061,2024-S2,pluies,2024-07-01,2024-12-31,0.5441402645339896,-0.49660326086956524
1,-1.557658315483124,12.456478155249107,2024-S2,pluies,2024-07-01,2024-12-31,0.3483550066186628,-0.3806092687381478
1,-1.5550735885469122,12.594110789388685,2024-S2,pluies,2024-07-01,2024-12-31,0.16130275582963963,-0.23163841807909605
1,-1.5559719035223951,12.59590741764168,2024-S2,pluies,2024-07-01,2024-12-31,0.20543364749868323,-0.31293657474202424
1,-1.5659432028318885,12.563927395017513,2024-S2,pluies,2024-07-01,2024-12-31,0.2297323275834532,-0.1899744006237854
1,-1.5670660978973232,11.949255162622778,2024-S2,pluies,2024-07-01,2024-12-31,0.44485162715669263,-0.3894263859319386
1,-1.5754091442152967,11.945697819854816,2024-S2,pluies,2024-07-01,2024-12-31,0.5397826162968367,-0.4843135703406144
1,-1.5789750827205606,12.02258324396696,2024-S2,pluies,2024-07-01,2024-12-31,0.5421446074177201,-0.47289401838507517
1,-1.5884820808238356,12.337310429027932,2024-S2,pluies,2024-07-01,2024-12-31,0.24613566489647792,-0.19980713321594826
1,-1.5911858611684235,12.334138344391397,2024-S2,pluies,2024-07-01,2024-12-31,0.2025065963060686,-0.19960278053624628
1,-1.591329593186693,12.336536847379895,2024-S2,pluies,2024-07-01,2024-12-31,0.33236161956780114,-0.3115493523323266
1,-1.5914681900036534,12.335087992434351,2024-S2,pluies,2024-07-01,2024-12-31,0.16306228455307387,-0.14887692594286883
1,-1.592084178279386,12.33530615520687,2024-S2,pluies,2024-07-01,2024-12-31,0.0839842299510469,-0.06880392270318061
1,-1.5928028300233403,12.335276211547422,2024-S2,pluies,2024-07-01,2024-12-31,-0.005994926397580286,0.023486927763791948
1,-1.5933717633290527,12.33569542472046,2024-S2,pluies,2024-07-01,2024-12-31,0.10756596701500194,-0.09567616631079641
1,-1.5989113740984224,12.316082208512587,2024-S2,pluies,2024-07-01,2024-12-31,0.32078835431030894,-0.20075962200757716
1,-1.5939212287328517,12.51408466057964,2024-S2,pluies,2024-07-01,2024-12-31,0.37942936605117533,-0.3323401773100429
1,-1.6010544970779639,12.51600869080926,2024-S2,pluies,2024-07-01,2024-12-31,-0.05567641160713667,0.1399866538195034
1,-1.612078462991711,12.648809476806685,2024-S2,pluies,2024-07-01,2024-12-31,0.5419264303647323,-0.5027869460155869
1,-1.620920098318496,12.650345325940211,2024-S2,pluies,2024-07-01,2024-12-31,0.5133714502750253,-0.4907382254066352
1,-1.6212875916458782,12.416211696078102,2024-S2,pluies,2024-07-01,2024-12-31,0.3588366261858002,-0.34160284087234544
1,-1.6459157215828049,12.09159321840699,2024-S2,pluies,2024-07-01,2024-12-31,-0.12359407101555762,0.20545314195642833
1,-1.646162759408768,12.090874565625224,2024-S2,pluies,2024-07-01,2024-12-31,-0.2930387661525636,0.3653169014084507
1,-1.6469013729828939,12.091094155679853,2024-S2,pluies,2024-07-01,2024-12-31,-0.06609919480266645,0.1570404391449315
1,-1.6472407367992052,12.093569511679581,2024-S2,pluies,2024-07-01,2024-12-31,-0.31883523774419464,0.3609737542791936
1,-1.6481390518979566,12.091353667969438,2024-S2,pluies,2024-07-01,2024-12-31,0.17597705599387684,-0.04968683738256504
1,-1.6488577051338096,12.091593218486347,2024-S2,pluies,2024-07-01,2024-12-31,0.11143695014662756,0.011686143572621035
1,-1.6489475348850475,12.093749176366034,2024-S2,pluies,2024-07-01,2024-12-31,0.0732723265803146,0.04908782355945871
1,-1.6501153446045227,12.091952544639804,2024-S2,pluies,2024-07-01,2024-12-31,0.1823988644428673,-0.07618283881315156
1,-1.6650273773944901,12.16148214821362,2024-S2,pluies,2024-07-01,2024-12-31,0.26003210272873195,-0.23801652892561984
1,-1.6659256942473455,12.160494001174182,2024-S2,pluies,2024-07-01,2024-12-31,0.2647239416932907,-0.22359249143195142
1,-1.666320407134925,12.1617843078802,2024-S2,pluies,2024-07-01,2024-12-31,0.3277364741579863,-0.26590111919349374
1,-1.6698571437570802,12.340585078466125,2024-S2,pluies,2024-07-01,2024-12-31,0.24399011367432102,-0.08542316058022961
1,-1.6769068871082216,12.18810536109011,2024-S2,pluies,2024-07-01,2024-12-31,-0.009953936805441415,0.06664604295127262
1,-1.683832112694259,12.559313548611014,2024-S2,pluies,2024-07-01,2024-12-31,-0.13201404473671702,0.13212684034740957
1,-1.6819138733861787,12.212862661017333,2024-S2,pluies,2024-07-01,2024-12-31,0.2999003576315521,-0.22177316664225968
1,-1.684700484536466,12.216189548341957,2024-S2,pluies,2024-07-01,2024-12-31,0.46852734905485893,-0.3550673819882606
1,-1.6851496400746389,12.2157403897817,2024-S2,pluies,2024-07-01,2024-12-31,0.32381889763779526,-0.2576985413290113
1,-1.6910698955907535,12.141545295204413,2024-S2,pluies,2024-07-01,2024-12-31,0.3741143228609408,-0.214259903298749
1,-1.6924759014508317,12.144034868788497,2024-S2,pluies,2024-07-01,2024-12-31,0.046914660429396036,0.15151933295502074
1,-1.6993430224898687,12.303595625631964,2024-S2,pluies,2024-07-01,2024-12-31,0.12694125590817015,-0.025254428948360347
1,-1.6999718423326842,12.303505793809078,2024-S2,pluies,2024-07-01,2024-12-31,0.22705773718623987,0.058006812202584676
1,-1.7172356197401732,12.325514518000164,2024-S2,pluies,2024-07-01,2024-12-31,0.1649048153870177,-0.11605054145591591
1,-1.7185669701891277,12.326592497221142,2024-S2,pluies,2024-07-01,2024-12-31,0.19273262951141665,-0.16250636780438105
1,-1.7399907588914152,12.074107714404573,2024-S2,pluies,2024-07-01,2024-12-31,0.4639709716646869,-0.4204616005775923
