{"type": "FeatureCollection", "features": [{"type": "Feature", "properties": {"source_id": 1, "name": "water", "osm_id": 169452630, "superficie_km2": 53.18}, "geometry": {"type": "Polygon", "coordinates": [[[-1.0919341, 12.4882509], [-1.0913862, 12.4884582], [-1.09136, 12.4884475], [-1.0873827, 12.4898827], [-1.0827588, 12.4915519], [-1.0827749, 12.4915908], [-1.0827113, 12.4916136], [-1.0826927, 12.4916013], [-1.0826572, 12.4915086], [-1.0826385, 12.4915126], [-1.0826271, 12.491505], [-1.0826202, 12.4914909], [-1.0821389, 12.4916562], [-1.081617, 12.4918385], [-1.0816414, 12.4919489], [-1.0758107, 12.4940398], [-1.076064, 12.4951802], [-1.0760168, 12.4953882], [-1.0762413, 12.4955885], [-1.0758497, 12.4958975], [-1.0755927, 12.4959913], [-1.0750884, 12.495876], [-1.0749543, 12.4959957], [-1.0754372, 12.4964148], [-1.0752269, 12.4971941], [-1.074815, 12.4975041], [-1.0741498, 12.4974622], [-1.0721327, 12.4978184], [-1.0713603, 12.4984468], [-1.0704161, 12.4986144], [-1.0686137, 12.4986354], [-1.0661461, 12.5001437], [-1.0655452, 12.5002694], [-1.0645582, 12.5003322], [-1.0638072, 12.4998714], [-1.0635497, 12.5008141], [-1.0630991, 12.5013378], [-1.0623051, 12.5007303], [-1.061773, 12.5009021], [-1.0612108, 12.5016939], [-1.0603954, 12.5018196], [-1.0603096, 12.5026995], [-1.0596272, 12.5029969], [-1.0591723, 12.5034117], [-1.0581252, 12.5027037], [-1.0575244, 12.5032483], [-1.0565545, 12.5026366], [-1.0561253, 12.5027204], [-1.0558464, 12.5031603], [-1.055267, 12.5026785], [-1.0537264, 12.5015305], [-1.0532715, 12.5019663], [-1.0532715, 12.5029509], [-1.0531255, 12.5041701], [-1.0524775, 12.5047525], [-1.0524604, 12.5058879], [-1.0530826, 12.5057203], [-1.0541984, 12.505825], [-1.055267, 12.5054857], [-1.0565545, 12.5053809], [-1.0561897, 12.5064074], [-1.0555717, 12.5073124], [-1.0543344, 12.5075898], [-1.0543656, 12.5078167], [-1.0544075, 12.5079835], [-1.0544316, 12.5082546], [-1.0544012, 12.5085694], [-1.0543735, 12.5089138], [-1.054765, 12.5089959], [-1.0551458, 12.5092099], [-1.0554715, 12.5094858], [-1.0562383, 12.5097888], [-1.0563575, 12.5101667], [-1.0564901, 12.511812], [-1.0569235, 12.5125914], [-1.0563828, 12.5131318], [-1.0559108, 12.5135717], [-1.0541513, 12.5139278], [-1.0511514, 12.5149375], [-1.0539152, 12.5156246], [-1.0564043, 12.5157503], [-1.0569879, 12.5164038], [-1.0588762, 12.5166343], [-1.0593869, 12.5167139], [-1.0605885, 12.51707], [-1.059816, 12.5181173], [-1.059065, 12.5180545], [-1.0581423, 12.5182849], [-1.058314, 12.5189343], [-1.0591509, 12.51906], [-1.0590006, 12.5202121], [-1.0581853, 12.5211757], [-1.0568763, 12.5217413], [-1.0574128, 12.5222859], [-1.057181, 12.5226252], [-1.0562112, 12.5225153], [-1.054177, 12.5226252], [-1.0549709, 12.5230232], [-1.0557605, 12.5239606], [-1.0550739, 12.5250917], [-1.0556361, 12.5245733], [-1.057284, 12.5246938], [-1.0587432, 12.5234788], [-1.0591766, 12.5241753], [-1.0588075, 12.5250499], [-1.0580823, 12.5260605], [-1.0562541, 12.527375], [-1.0577776, 12.527354], [-1.0590479, 12.5272755], [-1.0609318, 12.5256364], [-1.0630347, 12.5241491], [-1.0631463, 12.5224786], [-1.063614, 12.5217203], [-1.064408, 12.5229342], [-1.0649916, 12.5256416], [-1.0649659, 12.5275216], [-1.064305, 12.5293282], [-1.0655066, 12.5301871], [-1.0677339, 12.5313339], [-1.069236, 12.5334704], [-1.0706565, 12.5347115], [-1.0730983, 12.5361725], [-1.0743043, 12.5365547], [-1.0736133, 12.5380157], [-1.0750295, 12.5392096], [-1.075699, 12.5408486], [-1.0759565, 12.5418331], [-1.0765959, 12.5432312], [-1.0767676, 12.5442994], [-1.0762955, 12.5452839], [-1.0754415, 12.5456033], [-1.0753085, 12.5466244], [-1.0747763, 12.5480958], [-1.0746261, 12.5483471], [-1.0752441, 12.549054], [-1.0752656, 12.5500384], [-1.0746047, 12.5501274], [-1.0749437, 12.5504154], [-1.0754587, 12.5504573], [-1.0757805, 12.5519863], [-1.0751797, 12.552845], [-1.0744716, 12.5532639], [-1.0730769, 12.5536619], [-1.0722872, 12.5538766], [-1.0701844, 12.5530178], [-1.0706565, 12.5537718], [-1.0706951, 12.5543949], [-1.071725, 12.5544368], [-1.0715534, 12.5551908], [-1.0712959, 12.5556097], [-1.0722014, 12.5558453], [-1.0726477, 12.5571177], [-1.0721113, 12.5579136], [-1.0710642, 12.5583168], [-1.071253, 12.560008], [-1.0722615, 12.5606573], [-1.0714032, 12.5606154], [-1.0710169, 12.5610971], [-1.0711457, 12.5624166], [-1.0701586, 12.5632334], [-1.0701844, 12.5638041], [-1.0713388, 12.5644063], [-1.0715791, 12.5656262], [-1.0709526, 12.5670242], [-1.0702874, 12.5676316], [-1.0697295, 12.5675897], [-1.0686781, 12.566752], [-1.0684849, 12.5677154], [-1.0677168, 12.5680348], [-1.0672876, 12.5693961], [-1.0672876, 12.5699825], [-1.0684205, 12.5701291], [-1.0691287, 12.5710663], [-1.0688283, 12.5718203], [-1.0687038, 12.5730402], [-1.0681631, 12.5731606], [-1.0671546, 12.5732653], [-1.0671159, 12.5735847], [-1.0667082, 12.5740455], [-1.0658456, 12.574501], [-1.0664894, 12.5747314], [-1.0674378, 12.5747157], [-1.0687853, 12.5742706], [-1.0699698, 12.5737732], [-1.0712573, 12.5741083], [-1.0718152, 12.5743387], [-1.071901, 12.5752602], [-1.0718753, 12.5762183], [-1.0714032, 12.5767838], [-1.0713817, 12.5772654], [-1.0706307, 12.5779775], [-1.0700299, 12.5780822], [-1.0691544, 12.5780456], [-1.069369, 12.5789461], [-1.0692617, 12.5797], [-1.0686351, 12.5800299], [-1.0683562, 12.5803021], [-1.0679099, 12.5808519], [-1.0684678, 12.5811241], [-1.0696866, 12.5809513], [-1.0693432, 12.581454], [-1.0687853, 12.5819566], [-1.0678455, 12.5825691], [-1.0661933, 12.5831346], [-1.0650732, 12.5836529], [-1.0647127, 12.5841817], [-1.0646226, 12.5850141], [-1.0650989, 12.5843492], [-1.0657212, 12.5843492], [-1.0668584, 12.5841398], [-1.0671116, 12.5847838], [-1.0674335, 12.5848047], [-1.0682918, 12.5839042], [-1.0683991, 12.585056], [-1.0684206, 12.5863126], [-1.0686781, 12.5868152], [-1.0689828, 12.5874068], [-1.0684635, 12.5884905], [-1.0675666, 12.5896476], [-1.0666439, 12.5902967], [-1.0661503, 12.5914067], [-1.0665752, 12.5915271], [-1.0680343, 12.5902287], [-1.0703518, 12.5896633], [-1.0712315, 12.5889094], [-1.0728623, 12.5871712], [-1.0745789, 12.5859984], [-1.0755231, 12.5852236], [-1.0765101, 12.5844487], [-1.0764887, 12.5835901], [-1.0776688, 12.582166], [-1.0782739, 12.5831765], [-1.0794927, 12.583988], [-1.0795142, 12.5831712], [-1.0801794, 12.5835691], [-1.0806085, 12.5841765], [-1.082132, 12.5841765], [-1.0829474, 12.5849094], [-1.0850546, 12.5865272], [-1.0870673, 12.5875272], [-1.0883376, 12.5893334], [-1.087947, 12.5903962], [-1.088741, 12.5912967], [-1.0882303, 12.5929982], [-1.0874321, 12.5938097], [-1.0868098, 12.5941238], [-1.0849001, 12.5937469], [-1.083677, 12.5941866], [-1.0828873, 12.5952389], [-1.081896, 12.596197], [-1.0806085, 12.5969928], [-1.0798403, 12.5970189], [-1.0789777, 12.5965739], [-1.0787417, 12.5971812], [-1.0783769, 12.5978095], [-1.0774542, 12.5978514], [-1.0746433, 12.5979979], [-1.0716821, 12.5984796], [-1.0710169, 12.599024], [-1.0698153, 12.6000711], [-1.0685965, 12.6003276], [-1.0672833, 12.6001339], [-1.066661, 12.6005318], [-1.0665967, 12.6010134], [-1.0660431, 12.6022542], [-1.0657384, 12.6037567], [-1.0653736, 12.6049293], [-1.0644552, 12.6056465], [-1.0641505, 12.6065418], [-1.0646655, 12.6075888], [-1.0646655, 12.6088242], [-1.0641719, 12.6103319], [-1.0632707, 12.6112533], [-1.0640217, 12.6117768], [-1.0649015, 12.6127191], [-1.0655924, 12.6138969], [-1.0664894, 12.6150434], [-1.0674764, 12.6162998], [-1.0674764, 12.6177865], [-1.0681888, 12.6185455], [-1.0695836, 12.6204929], [-1.0700514, 12.6215765], [-1.0689999, 12.6221], [-1.0674764, 12.6222256], [-1.0671589, 12.6226077], [-1.0669657, 12.6235291], [-1.0670044, 12.6244033], [-1.0664894, 12.6238588], [-1.0662963, 12.6231469], [-1.0656096, 12.6222256], [-1.0644724, 12.6212205], [-1.0634681, 12.6214142], [-1.0619833, 12.6209064], [-1.0612322, 12.6197967], [-1.0610434, 12.6180011], [-1.0618331, 12.6167814], [-1.0611893, 12.6168442], [-1.0592796, 12.6176399], [-1.0581853, 12.6185612], [-1.0571553, 12.6190219], [-1.0565545, 12.619336], [-1.056018, 12.6197548], [-1.0552885, 12.619671], [-1.0550782, 12.6182105], [-1.0543658, 12.6181215], [-1.0543701, 12.6193622], [-1.0541298, 12.6213043], [-1.0530612, 12.6220215], [-1.0517694, 12.6230632], [-1.0502245, 12.6237751], [-1.0498168, 12.6247592], [-1.0494134, 12.6256439], [-1.0488486, 12.6275697], [-1.0482642, 12.6296014], [-1.0487844, 12.6310091], [-1.0497852, 12.631575], [-1.0507969, 12.6308989], [-1.0513403, 12.6299101], [-1.0515763, 12.6283397], [-1.0510828, 12.6272719], [-1.0513403, 12.6254502], [-1.0521599, 12.6247016], [-1.0532285, 12.6246545], [-1.0543486, 12.6240944], [-1.0551168, 12.6231469], [-1.0559966, 12.6213462], [-1.0574557, 12.6200898], [-1.0588762, 12.6194669], [-1.0597302, 12.6198804], [-1.0609748, 12.6211577], [-1.0623953, 12.6221261], [-1.0628201, 12.6230841], [-1.0630991, 12.6241311], [-1.0633136, 12.6243195], [-1.0627987, 12.6254502], [-1.0633608, 12.6250157], [-1.0641505, 12.6249477], [-1.0643479, 12.6255811], [-1.0653736, 12.6257224], [-1.0657169, 12.6264971], [-1.0645196, 12.6266489], [-1.0638115, 12.6278425], [-1.064305, 12.62801], [-1.0647341, 12.628324], [-1.0658671, 12.6285491], [-1.0668799, 12.6284078], [-1.0676309, 12.6280937], [-1.0689184, 12.6279053], [-1.0695364, 12.628947], [-1.0709354, 12.6286381], [-1.0745575, 12.628256], [-1.0764887, 12.6285073], [-1.0773255, 12.629973], [-1.0782525, 12.6309832], [-1.0774972, 12.632674], [-1.0789563, 12.6330928], [-1.0811664, 12.6326949], [-1.082411, 12.6324856], [-1.0836555, 12.6322971], [-1.0844108, 12.6332864], [-1.084664, 12.634349], [-1.0849044, 12.6359037], [-1.0853078, 12.6366941], [-1.085591, 12.6383325], [-1.0854837, 12.640175], [-1.0856082, 12.6411748], [-1.0852262, 12.6419966], [-1.0853507, 12.6426613], [-1.0854365, 12.6432895], [-1.0854837, 12.6446137], [-1.0852219, 12.6460532], [-1.0844494, 12.6472466], [-1.0843207, 12.6480422], [-1.0835482, 12.6495078], [-1.0827757, 12.649759], [-1.0811063, 12.6510623], [-1.0804583, 12.6512455], [-1.0800292, 12.652083], [-1.0791709, 12.6521458], [-1.0793425, 12.6531926], [-1.0786602, 12.6538469], [-1.0780336, 12.6537579], [-1.0767247, 12.653716], [-1.075978, 12.6540981], [-1.0760166, 12.6541976], [-1.0767676, 12.6542604], [-1.0772397, 12.6546163], [-1.0777117, 12.6552863], [-1.0773684, 12.6555585], [-1.0768963, 12.6557259], [-1.0763384, 12.6557678], [-1.075802, 12.6557259], [-1.0749008, 12.6554956], [-1.0732743, 12.6553334], [-1.0731885, 12.6555218], [-1.0733816, 12.656108], [-1.0733558, 12.6563959], [-1.0729267, 12.656689], [-1.072416, 12.6567989], [-1.0717723, 12.657092], [-1.0716392, 12.6574218], [-1.071665, 12.6576573], [-1.0719439, 12.6580342], [-1.0722229, 12.6585576], [-1.0723302, 12.6588297], [-1.0736348, 12.6590129], [-1.0740253, 12.659081], [-1.0740897, 12.6595834], [-1.0742785, 12.6599132], [-1.0750124, 12.6600859], [-1.075463, 12.6602534], [-1.0754201, 12.6605046], [-1.0753771, 12.6611118], [-1.0753514, 12.6617137], [-1.0748836, 12.6615095], [-1.0742356, 12.6611693], [-1.0735919, 12.6610437], [-1.073034, 12.6611484], [-1.0730554, 12.6616299], [-1.072931, 12.6625354], [-1.072931, 12.6630588], [-1.0729267, 12.6635979], [-1.0727808, 12.6643359], [-1.071725, 12.6647703], [-1.0715105, 12.665838], [-1.0722829, 12.6665498], [-1.0735747, 12.6661991], [-1.0740854, 12.6665917], [-1.0735275, 12.6674919], [-1.0728623, 12.6689574], [-1.0729739, 12.6696116], [-1.0735275, 12.6689364], [-1.0744502, 12.6689783], [-1.0754158, 12.669711], [-1.0759308, 12.6713858], [-1.0756303, 12.6720767], [-1.0761925, 12.6718726], [-1.0778619, 12.6733747], [-1.0782053, 12.6742121], [-1.0780808, 12.6748872], [-1.0781023, 12.6754943], [-1.0785271, 12.6762427], [-1.0783984, 12.6772895], [-1.0777589, 12.6778599], [-1.0771581, 12.6777762], [-1.076553, 12.6783153], [-1.0757634, 12.6787601], [-1.0764071, 12.6792416], [-1.077347, 12.6801575], [-1.0777117, 12.6809111], [-1.0777761, 12.6813717], [-1.0800549, 12.6809373], [-1.0799004, 12.6818532], [-1.0803982, 12.6830726], [-1.0809323, 12.683386], [-1.0813166, 12.6836116], [-1.0829088, 12.682947], [-1.0832736, 12.6833447], [-1.0837199, 12.6841978], [-1.084192, 12.6843653], [-1.0852048, 12.6833657], [-1.0864064, 12.6814816], [-1.0877325, 12.6801365], [-1.0887453, 12.6799324], [-1.091406, 12.6807489], [-1.0924102, 12.6810995], [-1.0941269, 12.6809739], [-1.0956074, 12.6812879], [-1.0969164, 12.6809949], [-1.098354, 12.6808064], [-1.0988905, 12.6809949], [-1.0995556, 12.6817694], [-1.0998561, 12.681916], [-1.1011006, 12.6805762], [-1.101813, 12.6807698], [-1.1025211, 12.6797859], [-1.1030361, 12.6788857], [-1.104448, 12.6785037], [-1.1053535, 12.6776925], [-1.1063792, 12.6765358], [-1.1078426, 12.6757874], [-1.1096193, 12.6754472], [-1.1102459, 12.6739661], [-1.1128594, 12.6716371], [-1.115091, 12.6701088], [-1.1153056, 12.6688527], [-1.1169621, 12.6674343], [-1.1198804, 12.6634356], [-1.1207558, 12.6611275], [-1.1212708, 12.659641], [-1.1205026, 12.6587041], [-1.120567, 12.6576783], [-1.1211893, 12.6573223], [-1.122112, 12.656778], [-1.1213781, 12.6562494], [-1.1211635, 12.6554538], [-1.1218287, 12.6524389], [-1.1230947, 12.6512246], [-1.1223437, 12.6505965], [-1.1214854, 12.6494868], [-1.1209489, 12.6500103], [-1.1207558, 12.6492147], [-1.1202194, 12.6490053], [-1.1202408, 12.6481888], [-1.1208846, 12.64777], [-1.1210348, 12.6479584], [-1.1216399, 12.6482359], [-1.1223694, 12.6474612], [-1.1226656, 12.6477072], [-1.123614, 12.6476496], [-1.124129, 12.6483615], [-1.1251332, 12.6480003], [-1.1257555, 12.6473303], [-1.1249873, 12.6473146], [-1.1247255, 12.6470372], [-1.1239745, 12.6463044], [-1.1235711, 12.6457025], [-1.1231205, 12.64587], [-1.1224939, 12.6463463], [-1.1228801, 12.6453413], [-1.1236998, 12.6449069], [-1.1241933, 12.6451581], [-1.1250044, 12.6451529], [-1.1256096, 12.6445719], [-1.1251332, 12.6443154], [-1.124644, 12.6435669], [-1.1258842, 12.6424729], [-1.1266352, 12.6412585], [-1.1270429, 12.6396673], [-1.1268927, 12.6390391], [-1.1267211, 12.6391857], [-1.1262747, 12.6404472], [-1.1255623, 12.6418238], [-1.1249186, 12.6425566], [-1.1249186, 12.6416982], [-1.1253478, 12.641091], [-1.1259486, 12.6405466], [-1.1258027, 12.6398191], [-1.1266181, 12.6382278], [-1.1274506, 12.6370291], [-1.1288282, 12.6359456], [-1.1295964, 12.6358147], [-1.1295363, 12.6352756], [-1.1310383, 12.633768], [-1.1335918, 12.6332655], [-1.1354329, 12.6338465], [-1.1359522, 12.6347102], [-1.1376645, 12.6368616], [-1.1400077, 12.6383953], [-1.1424495, 12.6424729], [-1.1432006, 12.6445876], [-1.1440846, 12.6463306], [-1.1441661, 12.6474978], [-1.1447455, 12.6481469], [-1.1459085, 12.6468331], [-1.1466982, 12.6469535], [-1.1482216, 12.6468278], [-1.1495563, 12.6474193], [-1.1502172, 12.649759], [-1.1498739, 12.652418], [-1.148698, 12.6553125], [-1.1481144, 12.6561656], [-1.1469986, 12.6579243], [-1.1476037, 12.6585576], [-1.1469771, 12.6590548], [-1.1461832, 12.6585733], [-1.1450502, 12.6589135], [-1.1453892, 12.6592223], [-1.1455904, 12.6598569], [-1.1432006, 12.66029], [-1.1406471, 12.6617974], [-1.1368276, 12.6631792], [-1.1319996, 12.6657333], [-1.1283347, 12.6686276], [-1.1263777, 12.670046], [-1.1250259, 12.6709462], [-1.1241676, 12.672935], [-1.1237384, 12.6749867], [-1.1212494, 12.6782106], [-1.1212494, 12.6797807], [-1.120331, 12.6806023], [-1.1203052, 12.6827115], [-1.1213824, 12.6850822], [-1.1233308, 12.6869192], [-1.1234638, 12.687992], [-1.1234595, 12.6892847], [-1.1241247, 12.688887], [-1.12591, 12.6904203], [-1.1275193, 12.6927439], [-1.1287595, 12.6922782], [-1.1286308, 12.6909384], [-1.1265494, 12.6899127], [-1.1251547, 12.6885311], [-1.1241933, 12.6873431], [-1.1218759, 12.6841611], [-1.1211206, 12.6821672], [-1.1222793, 12.6788596], [-1.1249873, 12.6742801], [-1.1289312, 12.6701297], [-1.133845, 12.667471], [-1.1377932, 12.6649587], [-1.1416985, 12.6640375], [-1.1418702, 12.6654193], [-1.1434838, 12.6630588], [-1.1457111, 12.6618812], [-1.1479899, 12.6602743], [-1.1488053, 12.6624098], [-1.148801, 12.6633467], [-1.1473891, 12.6653198], [-1.1472346, 12.6674082], [-1.1478826, 12.6676227], [-1.1489083, 12.6662358], [-1.1492731, 12.666487], [-1.1506035, 12.6666545], [-1.1506678, 12.6643934], [-1.1508395, 12.6636607], [-1.1517622, 12.6632001], [-1.1517193, 12.6620486], [-1.1508609, 12.6611065], [-1.1509253, 12.6597876], [-1.1519553, 12.6589711], [-1.1505391, 12.6566053], [-1.1509253, 12.6551816], [-1.1519767, 12.6545326], [-1.1518051, 12.6531298], [-1.1521913, 12.6514549], [-1.1536504, 12.6496125], [-1.1528565, 12.6482306], [-1.1516549, 12.646095], [-1.1520411, 12.6445248], [-1.1517021, 12.6440484], [-1.1501357, 12.6438391], [-1.1487581, 12.6447341], [-1.1465308, 12.64386], [-1.1478182, 12.64185], [-1.1492087, 12.6418448], [-1.1494705, 12.6403425], [-1.1488225, 12.6395835], [-1.1474277, 12.6392276], [-1.1455609, 12.6389554], [-1.1441704, 12.6399447], [-1.1434194, 12.6396725], [-1.1427714, 12.6387251], [-1.1436941, 12.6391229], [-1.1436083, 12.6370082], [-1.144488, 12.6359403], [-1.1453249, 12.6350819], [-1.1441876, 12.6334068], [-1.1423852, 12.6336162], [-1.14069, 12.6332812], [-1.1393382, 12.633344], [-1.1388661, 12.6322134], [-1.1396386, 12.6312083], [-1.1380078, 12.6301823], [-1.1350037, 12.6292401], [-1.1340381, 12.6294704], [-1.1339738, 12.6300358], [-1.1323859, 12.630978], [-1.1310341, 12.6315015], [-1.1300899, 12.6311455], [-1.1297509, 12.6323233], [-1.1303087, 12.6329471], [-1.1266996, 12.6339303], [-1.1255194, 12.6348934], [-1.1244895, 12.6361497], [-1.1236955, 12.6363591], [-1.1232707, 12.6356524], [-1.1225197, 12.6354012], [-1.122172, 12.6361916], [-1.1210562, 12.6371338], [-1.1197902, 12.6371338], [-1.1192152, 12.6376415], [-1.1199876, 12.6386047], [-1.121318, 12.6408869], [-1.1208846, 12.6421798], [-1.1201765, 12.6431848], [-1.1194297, 12.6429806], [-1.1180092, 12.644441], [-1.1170437, 12.6447341], [-1.1164214, 12.6460322], [-1.1165287, 12.6469116], [-1.1176874, 12.647435], [-1.117387, 12.6487122], [-1.1174986, 12.6502039], [-1.1170651, 12.6508687], [-1.1153957, 12.6507064], [-1.1142327, 12.6514968], [-1.1140653, 12.6524023], [-1.1154172, 12.6529466], [-1.116872, 12.6539882], [-1.1168505, 12.6551607], [-1.1173698, 12.6565896], [-1.1168505, 12.6569612], [-1.1165287, 12.6577986], [-1.1160351, 12.6571077], [-1.1140825, 12.6569612], [-1.1150695, 12.658008], [-1.1147262, 12.6587408], [-1.1131856, 12.6589554], [-1.1155845, 12.6623836], [-1.1155631, 12.6633676], [-1.1146876, 12.6640637], [-1.1148979, 12.6646447], [-1.1140825, 12.6650634], [-1.1137392, 12.6660055], [-1.1116149, 12.6678478], [-1.1107136, 12.6680572], [-1.1092588, 12.666555], [-1.1090442, 12.6673925], [-1.1088468, 12.6691458], [-1.1076237, 12.6704856], [-1.1071088, 12.6714696], [-1.1064865, 12.6711974], [-1.1021735, 12.6725582], [-1.1020662, 12.6716999], [-1.1003496, 12.6721395], [-1.0981394, 12.6743586], [-1.094835, 12.6744005], [-1.090522, 12.6742958], [-1.0898997, 12.6738562], [-1.0900542, 12.6731287], [-1.0895392, 12.6729821], [-1.0885479, 12.6735212], [-1.0880973, 12.6737515], [-1.0872819, 12.67327], [-1.0885479, 12.6729769], [-1.0885908, 12.6722442], [-1.086209, 12.6702972], [-1.0840847, 12.6668638], [-1.083162, 12.6643725], [-1.083162, 12.660939], [-1.0848357, 12.6561865], [-1.085458, 12.6549094], [-1.0860159, 12.6557469], [-1.0873462, 12.6559144], [-1.0890242, 12.6539935], [-1.0907365, 12.6523133], [-1.0910155, 12.6500731], [-1.0920455, 12.6471838], [-1.093569, 12.6448598], [-1.0941912, 12.6432476], [-1.093569, 12.6415935], [-1.0939981, 12.6388298], [-1.0945346, 12.6371757], [-1.0930969, 12.6358147], [-1.0927965, 12.6336162], [-1.0909511, 12.6313968], [-1.0884835, 12.6299101], [-1.0874578, 12.6285544], [-1.085694, 12.6277744], [-1.0823895, 12.6254921], [-1.0811664, 12.6228538], [-1.0801794, 12.6208436], [-1.0781624, 12.6189381], [-1.076214, 12.6179174], [-1.0749866, 12.6164673], [-1.0741283, 12.6140174], [-1.075287, 12.6126772], [-1.0750553, 12.6104837], [-1.0751154, 12.6070234], [-1.0757634, 12.6043273], [-1.0767075, 12.6041388], [-1.0771968, 12.6043639], [-1.0774972, 12.6049503], [-1.0782525, 12.6054581], [-1.0796, 12.6060182], [-1.0807201, 12.6064004], [-1.0817715, 12.6059188], [-1.081514, 12.6053534], [-1.0811664, 12.6048246], [-1.0817029, 12.6040498], [-1.0823938, 12.6043692], [-1.0831234, 12.6046833], [-1.084325, 12.6043482], [-1.0851146, 12.6034007], [-1.0858485, 12.6032593], [-1.0869171, 12.6041545], [-1.0881015, 12.6051021], [-1.0884835, 12.6058926], [-1.0881616, 12.6063952], [-1.0872218, 12.6062329], [-1.0873076, 12.606903], [-1.0877368, 12.6076778], [-1.0885092, 12.607929], [-1.0890199, 12.6078401], [-1.0893418, 12.6068349], [-1.0898353, 12.6068768], [-1.0903546, 12.6074474], [-1.0916206, 12.6080756], [-1.0921098, 12.6087195], [-1.0932256, 12.6090965], [-1.0954787, 12.6099131], [-1.0930754, 12.6077353], [-1.0916206, 12.6063795], [-1.0910155, 12.6048665], [-1.0907365, 12.6037567], [-1.0914232, 12.6033379], [-1.0915777, 12.6017725], [-1.0920455, 12.5984377], [-1.0922171, 12.5969718], [-1.0917064, 12.5957415], [-1.0920712, 12.595218], [-1.0931441, 12.5955321], [-1.0937449, 12.5959091], [-1.0948564, 12.5960295], [-1.0959937, 12.5966158], [-1.0967061, 12.5959719], [-1.0960366, 12.5951709], [-1.0951997, 12.595129], [-1.0942341, 12.5938516], [-1.093054, 12.5928673], [-1.0929467, 12.5920087], [-1.0929252, 12.591548], [-1.0929681, 12.5905847], [-1.0931398, 12.5902915], [-1.0927536, 12.5897051], [-1.0928222, 12.5886214], [-1.0935475, 12.5886162], [-1.0933587, 12.5883282], [-1.0926034, 12.5872549], [-1.091788, 12.5859984], [-1.0906078, 12.5855377], [-1.0912773, 12.5842655], [-1.0905692, 12.5840979], [-1.0903074, 12.5831922], [-1.0893847, 12.5821241], [-1.0891487, 12.5825849], [-1.0886981, 12.5836529], [-1.0873033, 12.583611], [-1.0868141, 12.5826739], [-1.0876037, 12.5818519], [-1.088638, 12.581878], [-1.0889126, 12.5809723], [-1.088638, 12.5798676], [-1.0878827, 12.5795482], [-1.0865952, 12.5784173], [-1.0863163, 12.5788571], [-1.0853936, 12.5785011], [-1.0843894, 12.5764958], [-1.0829732, 12.5756162], [-1.0812093, 12.574857], [-1.0817672, 12.5747104], [-1.0830762, 12.5750455], [-1.0836984, 12.5753387], [-1.0836341, 12.5745848], [-1.0850503, 12.5733491], [-1.0842563, 12.573412], [-1.0834409, 12.5726789], [-1.0829689, 12.5726999], [-1.0823681, 12.5716108], [-1.0827157, 12.5710506], [-1.0808489, 12.5691448], [-1.0804154, 12.5681971], [-1.0797545, 12.5676368], [-1.0790636, 12.5668567], [-1.0800721, 12.5661027], [-1.0793425, 12.5658933], [-1.0796858, 12.5652231], [-1.0793211, 12.56449], [-1.0794326, 12.5640974], [-1.0789348, 12.5634638], [-1.0794756, 12.5629664], [-1.0787889, 12.5613118], [-1.0795571, 12.5608667], [-1.0807587, 12.5612856], [-1.08063, 12.5607411], [-1.0800335, 12.5594478], [-1.0794326, 12.5577513], [-1.080115, 12.5565522], [-1.0819861, 12.5545887], [-1.0827543, 12.5535362], [-1.0826942, 12.5520544], [-1.0821749, 12.5506039], [-1.0815956, 12.5498918], [-1.0815355, 12.5486613], [-1.0819646, 12.5485356], [-1.0823251, 12.5500175], [-1.0833379, 12.5512794], [-1.0834881, 12.5522848], [-1.0833551, 12.5537875], [-1.0852863, 12.5526775], [-1.0850932, 12.5519863], [-1.0856082, 12.5516721], [-1.0854794, 12.55096], [-1.0858657, 12.5501013], [-1.0849473, 12.5493944], [-1.0855481, 12.5493315], [-1.0864665, 12.5495776], [-1.0879685, 12.5507505], [-1.0883118, 12.5517768], [-1.0892817, 12.5522638], [-1.089728, 12.5534734], [-1.0897495, 12.5541227], [-1.0901786, 12.5541017], [-1.0908267, 12.5542745], [-1.0921356, 12.5542536], [-1.0927149, 12.5546515], [-1.0934016, 12.5545677], [-1.0940453, 12.5543583], [-1.0960366, 12.5551699], [-1.094556, 12.5541645], [-1.0916163, 12.5522586], [-1.0902645, 12.550562], [-1.0910842, 12.5503997], [-1.0924317, 12.5511904], [-1.0924317, 12.5505411], [-1.0916163, 12.5496195], [-1.0918094, 12.5489074], [-1.0903503, 12.5488446], [-1.090007, 12.548279], [-1.0890414, 12.5474203], [-1.0880801, 12.5463573], [-1.0894276, 12.5469176], [-1.0899212, 12.5464777], [-1.0902259, 12.5451006], [-1.090655, 12.5441581], [-1.0896894, 12.5429223], [-1.0883118, 12.5423724], [-1.0873462, 12.5430846], [-1.0856296, 12.542142], [-1.0846855, 12.5409691], [-1.0836813, 12.5400946], [-1.0834195, 12.53944], [-1.0834881, 12.5378953], [-1.082647, 12.5368009], [-1.0835911, 12.537136], [-1.0856296, 12.5372407], [-1.0871317, 12.5356279], [-1.0870244, 12.5337218], [-1.0872175, 12.5321508], [-1.0858657, 12.5299514], [-1.0850288, 12.5289879], [-1.0842563, 12.5283595], [-1.0837628, 12.5283385], [-1.0831234, 12.5283647], [-1.082823, 12.5278201], [-1.0833766, 12.5264742], [-1.0826899, 12.5267047], [-1.0825183, 12.5272493], [-1.082411, 12.5266209], [-1.0820033, 12.5266418], [-1.0817672, 12.5272912], [-1.0804412, 12.5260605], [-1.0807802, 12.5256154], [-1.081793, 12.5249922], [-1.082647, 12.5238768], [-1.0815784, 12.5239239], [-1.0803725, 12.5244633], [-1.0795786, 12.5245052], [-1.0794713, 12.524212], [-1.0801794, 12.5229551], [-1.0811235, 12.5224105], [-1.0805914, 12.5219968], [-1.0801365, 12.5222859], [-1.0785486, 12.5223487], [-1.0777976, 12.5228504], [-1.0773727, 12.5218502], [-1.0779907, 12.5210919], [-1.0785486, 12.5200864], [-1.077304, 12.5197513], [-1.0771109, 12.5201074], [-1.0764457, 12.5201702], [-1.076081, 12.5198141], [-1.0755445, 12.518264], [-1.0743, 12.5169862], [-1.0740682, 12.5165714], [-1.0744287, 12.5160435], [-1.0736348, 12.5152475], [-1.0740468, 12.5142462], [-1.0753986, 12.5146652], [-1.0766861, 12.515545], [-1.0774156, 12.5168018], [-1.0785529, 12.5172208], [-1.0796258, 12.5178492], [-1.0809776, 12.5182053], [-1.0811664, 12.5189343], [-1.0814668, 12.5196046], [-1.0830161, 12.5203001], [-1.0841276, 12.5201493], [-1.0840418, 12.5188715], [-1.0846039, 12.5193574], [-1.0854408, 12.5196507], [-1.0850975, 12.5204258], [-1.0857369, 12.5218041], [-1.0867669, 12.521846], [-1.0869428, 12.5209285], [-1.0878612, 12.5212176], [-1.0879299, 12.5222901], [-1.0888955, 12.5224995], [-1.0892817, 12.5221015], [-1.0899641, 12.522244], [-1.0902001, 12.5216156], [-1.0905434, 12.5208824], [-1.0907151, 12.5204216], [-1.0915562, 12.5204258], [-1.0920884, 12.5204425], [-1.0923287, 12.520719], [-1.0918523, 12.5213642], [-1.0922815, 12.5218669], [-1.09432, 12.5224734], [-1.0946204, 12.5222649], [-1.0954358, 12.5220345], [-1.0959336, 12.521138], [-1.096985, 12.5212427], [-1.0975644, 12.5210123], [-1.0991909, 12.5207567], [-1.0988905, 12.5196675], [-1.1001608, 12.5196926], [-1.1010362, 12.5204425], [-1.101577, 12.5199021], [-1.10383, 12.5200068], [-1.105993, 12.5199607], [-1.1073276, 12.5205514], [-1.1089369, 12.5208866], [-1.1095592, 12.5217454], [-1.1093876, 12.5225205], [-1.1095807, 12.5232536], [-1.1092974, 12.5238978], [-1.1086151, 12.5238402], [-1.1085035, 12.525008], [-1.1090228, 12.5256835], [-1.1093403, 12.5263067], [-1.1102888, 12.5273802], [-1.1115762, 12.5279039], [-1.11228, 12.5284432], [-1.11228, 12.5296163], [-1.1126663, 12.5304332], [-1.113825, 12.5301609], [-1.1145975, 12.530098], [-1.1154815, 12.5305431], [-1.1161639, 12.5304332], [-1.1161853, 12.5293021], [-1.116593, 12.5288831], [-1.1172411, 12.5300614], [-1.1174728, 12.5314805], [-1.1178805, 12.5320461], [-1.1186315, 12.5330724], [-1.1191894, 12.5335961], [-1.1198117, 12.5329258], [-1.1199619, 12.5318366], [-1.1203696, 12.5309987], [-1.1206743, 12.5315067], [-1.121185, 12.531669], [-1.1221291, 12.5310406], [-1.1232235, 12.5299933], [-1.1221334, 12.5295796], [-1.1205026, 12.5292654], [-1.121185, 12.5283385], [-1.1219618, 12.5277991], [-1.1229059, 12.52826], [-1.1237213, 12.5292863], [-1.1243178, 12.5293858], [-1.1253091, 12.5307317], [-1.1259271, 12.5322555], [-1.1274978, 12.5328682], [-1.1289312, 12.534015], [-1.1295106, 12.5349366], [-1.1299011, 12.5363034], [-1.1303946, 12.5360311], [-1.130974, 12.536471], [-1.1306478, 12.5370103], [-1.1300728, 12.537602], [-1.1298753, 12.5383718], [-1.1304332, 12.5385813], [-1.1315748, 12.5379372], [-1.1333944, 12.5376596], [-1.1339995, 12.5379581], [-1.1348964, 12.538288], [-1.1358234, 12.5388797], [-1.1374928, 12.5393353], [-1.1376645, 12.5407177], [-1.1393382, 12.5422677], [-1.1396386, 12.5417441], [-1.1392137, 12.5399061], [-1.1397716, 12.5392568], [-1.1411235, 12.5389007], [-1.1429645, 12.5388745], [-1.1428787, 12.5381205], [-1.143458, 12.5379738], [-1.1441018, 12.5376387], [-1.1458398, 12.5380995], [-1.1480543, 12.5383351], [-1.1489512, 12.5390421], [-1.1505605, 12.5393144], [-1.1517665, 12.5393406], [-1.1527964, 12.5406392], [-1.1540796, 12.5425819], [-1.1538006, 12.5408644], [-1.1540152, 12.539859], [-1.1541268, 12.5394034], [-1.1556245, 12.5402779], [-1.1567661, 12.5433412], [-1.1576416, 12.542917], [-1.1573841, 12.5409481], [-1.1563112, 12.5396704], [-1.1546632, 12.5385237], [-1.1535861, 12.5377434], [-1.1517193, 12.5372617], [-1.1509082, 12.5371203], [-1.1502601, 12.5360049], [-1.1517407, 12.5349366], [-1.1510798, 12.5340831], [-1.1497451, 12.5351671], [-1.1488868, 12.5357326], [-1.1483289, 12.5360677], [-1.147299, 12.5362772], [-1.1459901, 12.5359211], [-1.1452862, 12.5354655], [-1.1434194, 12.5347743], [-1.1418487, 12.5346225], [-1.1406256, 12.5345596], [-1.1380507, 12.5339312], [-1.1369993, 12.5342245], [-1.1364886, 12.5338108], [-1.1369993, 12.5328839], [-1.1356904, 12.5325069], [-1.1353041, 12.5328211], [-1.1352612, 12.5320879], [-1.1347033, 12.5321717], [-1.1354543, 12.5314805], [-1.1365916, 12.5306845], [-1.1360337, 12.5309359], [-1.1349394, 12.5308312], [-1.1343643, 12.5314229], [-1.134124, 12.5318994], [-1.1332699, 12.5320303], [-1.1328365, 12.5310825], [-1.1327507, 12.5304541], [-1.1322571, 12.5299724], [-1.1319782, 12.5300771], [-1.1317422, 12.5295744], [-1.1321499, 12.5288412], [-1.1317636, 12.5285061], [-1.1309911, 12.5284014], [-1.1308195, 12.5277729], [-1.131446, 12.5271288], [-1.1321284, 12.5261391], [-1.1321284, 12.5251755], [-1.1310555, 12.5237511], [-1.1296651, 12.5241334], [-1.1292316, 12.5244424], [-1.1281373, 12.5244424], [-1.1276652, 12.5240025], [-1.128502, 12.5236045], [-1.1286952, 12.5228295], [-1.1290385, 12.521825], [-1.128678, 12.5212218], [-1.1275794, 12.520652], [-1.1265494, 12.520652], [-1.1260666, 12.521029], [-1.1259915, 12.5212909], [-1.1257662, 12.521249], [-1.1256911, 12.5205577], [-1.12538, 12.5204635], [-1.1250796, 12.5205682], [-1.1249293, 12.5208615], [-1.1249079, 12.5212804], [-1.1246289, 12.5215318], [-1.1245002, 12.5219507], [-1.1243178, 12.5219298], [-1.1242856, 12.5213433], [-1.1241461, 12.5212909], [-1.1239101, 12.5213747], [-1.1239745, 12.521029], [-1.1239423, 12.5205263], [-1.1237063, 12.5203901], [-1.1233029, 12.52052], [-1.1235024, 12.5207463], [-1.1234166, 12.5211024], [-1.1232771, 12.5209138], [-1.1230411, 12.5207881], [-1.1228158, 12.5209662], [-1.1228952, 12.5212008], [-1.1231913, 12.5214585], [-1.1230733, 12.5215841], [-1.1230625, 12.5219612], [-1.122966, 12.5221811], [-1.1229552, 12.5224425], [-1.1230411, 12.5228195], [-1.1231054, 12.5229976], [-1.1230411, 12.5232175], [-1.1228694, 12.5231128], [-1.1224295, 12.5230395], [-1.1222793, 12.5232175], [-1.1225197, 12.5236202], [-1.1227836, 12.5238564], [-1.1226334, 12.5240763], [-1.1223222, 12.5242125], [-1.1219682, 12.5238354], [-1.1216678, 12.5239088], [-1.1212494, 12.5240449], [-1.1206271, 12.5235212], [-1.1198439, 12.5221707], [-1.1187817, 12.52105], [-1.1175908, 12.5200445], [-1.1170758, 12.519259], [-1.1166145, 12.5185049], [-1.1159493, 12.5171747], [-1.1157927, 12.5162467], [-1.1159922, 12.5157607], [-1.1159493, 12.5149857], [-1.1157455, 12.5146296], [-1.1154236, 12.5146819], [-1.1151876, 12.5148076], [-1.1149408, 12.5144724], [-1.1155738, 12.5137497], [-1.1158528, 12.5129747], [-1.1157025, 12.5123358], [-1.1158206, 12.5117283], [-1.1163677, 12.5105447], [-1.1166467, 12.5103457], [-1.1170587, 12.5101404], [-1.1177518, 12.5100734], [-1.1179878, 12.5103038], [-1.1183204, 12.5100105], [-1.1184169, 12.5094554], [-1.1179449, 12.5090993], [-1.1173226, 12.5086384], [-1.1170007, 12.5083765], [-1.1172368, 12.5077481], [-1.1171724, 12.5074653], [-1.1168934, 12.5073291], [-1.1169686, 12.5066588], [-1.1173805, 12.5063068], [-1.1177346, 12.5063278], [-1.1184062, 12.5061036], [-1.1189427, 12.5055485], [-1.1185993, 12.5054857], [-1.11802, 12.5053495], [-1.1173762, 12.5054228], [-1.1170758, 12.5055275], [-1.1167969, 12.5053285], [-1.1166681, 12.5053914], [-1.1164536, 12.5057266], [-1.1162175, 12.5057475], [-1.1157991, 12.5057266], [-1.1157776, 12.5060617], [-1.1155523, 12.5064283], [-1.1150481, 12.5068892], [-1.1145653, 12.5077481], [-1.1141361, 12.5086489], [-1.1138572, 12.508806], [-1.1133637, 12.5092145], [-1.1131276, 12.5097696], [-1.1126126, 12.509801], [-1.11228, 12.510199], [-1.1121942, 12.5103143], [-1.1120118, 12.5103038], [-1.1118616, 12.5098115], [-1.1117329, 12.5098848], [-1.1114539, 12.5096858], [-1.1114539, 12.5093192], [-1.1114861, 12.5087431], [-1.1113788, 12.5085127], [-1.111014, 12.5082927], [-1.1104454, 12.5082299], [-1.1101128, 12.5082927], [-1.1098124, 12.5086279], [-1.1096837, 12.5088584], [-1.1096515, 12.5093192], [-1.1099626, 12.5096544], [-1.1101128, 12.5100524], [-1.1101987, 12.5106599], [-1.1102952, 12.5110579], [-1.1101557, 12.5109846], [-1.1099412, 12.5107856], [-1.1097373, 12.5106704], [-1.109394, 12.5107018], [-1.1092545, 12.5107961], [-1.1090507, 12.5108903], [-1.1087503, 12.5109322], [-1.1085035, 12.5108589], [-1.1084499, 12.5105656], [-1.1081602, 12.5104714], [-1.1082889, 12.5101257], [-1.1086859, 12.51], [-1.1090507, 12.5099058], [-1.1088576, 12.5096753], [-1.1086859, 12.5092564], [-1.1084606, 12.5090155], [-1.1082675, 12.5088165], [-1.1079027, 12.5087641], [-1.1076559, 12.5086803], [-1.1077954, 12.5085337], [-1.1080314, 12.507968], [-1.1082138, 12.5078633], [-1.1080851, 12.5075596], [-1.1077847, 12.507172], [-1.1074628, 12.5069625], [-1.1074628, 12.5066273], [-1.1076988, 12.5064283], [-1.108128, 12.506376], [-1.108379, 12.5065896], [-1.108776, 12.5066525], [-1.1092116, 12.5065645], [-1.109394, 12.5063026], [-1.1092974, 12.5057475], [-1.1092223, 12.5050562], [-1.1091258, 12.5042916], [-1.1084713, 12.5036736], [-1.1079563, 12.5034746], [-1.1072911, 12.5034536], [-1.1070658, 12.5036526], [-1.1070015, 12.5040297], [-1.1069156, 12.5043125], [-1.1063255, 12.5038202], [-1.1060788, 12.5037364], [-1.105993, 12.5035688], [-1.1056818, 12.5034432], [-1.1058106, 12.503286], [-1.1058535, 12.5030347], [-1.1056282, 12.502888], [-1.1053063, 12.5029194], [-1.1052419, 12.5027518], [-1.1052848, 12.5022386], [-1.1057076, 12.5021904], [-1.1060788, 12.5023643], [-1.1067118, 12.5024376], [-1.1069264, 12.50227], [-1.1068834, 12.5019034], [-1.1069092, 12.5016667], [-1.107156, 12.5015829], [-1.1076924, 12.501761], [-1.108422, 12.5018343], [-1.1089541, 12.5013797], [-1.1094798, 12.5010131], [-1.1100699, 12.5011178], [-1.1106707, 12.5011074], [-1.1111106, 12.5006255], [-1.1106922, 12.5000704], [-1.1102094, 12.500039], [-1.1099304, 12.4994419], [-1.1098231, 12.4988134], [-1.1094476, 12.4988972], [-1.1086966, 12.4989077], [-1.1082782, 12.4984783], [-1.1076881, 12.498164], [-1.1072268, 12.4981535], [-1.1052741, 12.4972737], [-1.1039747, 12.4970503], [-1.1037506, 12.4970118], [-1.1032786, 12.4971375], [-1.1029674, 12.4973365], [-1.1027099, 12.497546], [-1.1025061, 12.4973575], [-1.1022164, 12.4968233], [-1.1018731, 12.4966871], [-1.101519, 12.4968023], [-1.1013903, 12.4967185], [-1.1014547, 12.4963414], [-1.1011757, 12.4962681], [-1.1010362, 12.4960586], [-1.1004461, 12.4960586], [-1.1000921, 12.4962262], [-1.0996415, 12.4960691], [-1.0998346, 12.4956606], [-1.0994269, 12.4953359], [-1.0991694, 12.495671], [-1.0991587, 12.4959958], [-1.0988154, 12.4959853], [-1.098515, 12.4959015], [-1.0981824, 12.4957967], [-1.098354, 12.4951787], [-1.0981502, 12.4949588], [-1.0979571, 12.4951683], [-1.097603, 12.4953044], [-1.0975386, 12.4951368], [-1.0976245, 12.4947597], [-1.0973562, 12.4948016], [-1.0970344, 12.4946969], [-1.0968305, 12.4947807], [-1.0961761, 12.4946341], [-1.0954738, 12.4943869], [-1.0953249, 12.4942966], [-1.0950742, 12.4942377], [-1.0948886, 12.4942295], [-1.0947442, 12.4943686], [-1.0947523, 12.4944236], [-1.0947022, 12.4944822], [-1.0945779, 12.4943306], [-1.0945364, 12.4943241], [-1.0944224, 12.4944236], [-1.0945002, 12.4944982], [-1.0944237, 12.4945231], [-1.094358, 12.4944851], [-1.0942784, 12.4944861], [-1.0941998, 12.4944], [-1.0941649, 12.494311], [-1.0941363, 12.4941391], [-1.0941662, 12.4940674], [-1.0942239, 12.4940098], [-1.0942154, 12.4938851], [-1.0943151, 12.4938134], [-1.0944852, 12.4937479], [-1.0946678, 12.4937912], [-1.0947547, 12.4938173], [-1.0948448, 12.4938933], [-1.0949199, 12.4939103], [-1.0949897, 12.4939378], [-1.0950897, 12.4939414], [-1.0953343, 12.493909], [-1.0956589, 12.493799], [-1.0960339, 12.4937332], [-1.0961403, 12.4935254], [-1.0961653, 12.4933457], [-1.0961605, 12.4931758], [-1.0961309, 12.4929938], [-1.0961117, 12.4928324], [-1.095974, 12.4925826], [-1.0958989, 12.4924452], [-1.0958328, 12.4923859], [-1.0957769, 12.4922894], [-1.095793, 12.4920943], [-1.0956978, 12.4921715], [-1.0954644, 12.492127], [-1.0952928, 12.4919908], [-1.0951354, 12.4917954], [-1.0950688, 12.4916661], [-1.0950044, 12.4916884], [-1.0946875, 12.4915754], [-1.0946584, 12.4915195], [-1.0946866, 12.491437], [-1.0946007, 12.491361], [-1.0946048, 12.4912681], [-1.0946848, 12.4911878], [-1.0947456, 12.4911162], [-1.0946718, 12.4909879], [-1.094674, 12.4908945], [-1.0947161, 12.4907653], [-1.0947912, 12.4906985], [-1.0947965, 12.4906278], [-1.094729, 12.4904886], [-1.0947094, 12.4903135], [-1.0946182, 12.4902258], [-1.0945748, 12.4901443], [-1.094594, 12.4899561], [-1.09459, 12.4898736], [-1.0945002, 12.4899495], [-1.0943969, 12.4900333], [-1.0943508, 12.4900199], [-1.094206, 12.4900906], [-1.0939275, 12.4901171], [-1.0938846, 12.4901852], [-1.0937089, 12.4901865], [-1.093522, 12.4901796], [-1.0934098, 12.4902821], [-1.0933155, 12.4903328], [-1.0932395, 12.4903358], [-1.0931899, 12.49029], [-1.0931626, 12.490219], [-1.0931778, 12.4901368], [-1.0931456, 12.4900438], [-1.0931224, 12.4899924], [-1.0929038, 12.4901299], [-1.0926892, 12.4900985], [-1.0925591, 12.4901325], [-1.092459, 12.4900739], [-1.0923598, 12.4899207], [-1.0923043, 12.4897541], [-1.092307, 12.4895944], [-1.0923879, 12.4895201], [-1.0923987, 12.4894755], [-1.0923732, 12.4894415], [-1.092303, 12.4893966], [-1.0922806, 12.4892687], [-1.0922922, 12.4891557], [-1.0923128, 12.4890723], [-1.0922967, 12.4889727], [-1.0922377, 12.488902], [-1.0921152, 12.4888402], [-1.0918099, 12.4887659], [-1.0917867, 12.4887223], [-1.0918756, 12.4886258], [-1.0919266, 12.4884804], [-1.0919167, 12.4883832], [-1.0919341, 12.4882509]]]}}, {"type": "Feature", "properties": {"source_id": 2, "name": "reservoir", "osm_id": 182608370, "superficie_km2": 0.77}, "geometry": {"type": "Polygon", "coordinates": [[[-1.1608748, 12.4792492], [-1.1605739, 12.480087], [-1.1605029, 12.4800712], [-1.1602159, 12.4808399], [-1.1602789, 12.4808608], [-1.1592603, 12.4837372], [-1.1593426, 12.4838585], [-1.1594416, 12.4838713], [-1.1612473, 12.4830479], [-1.1620927, 12.4832763], [-1.1627364, 12.4836953], [-1.1635647, 12.4838021], [-1.1640797, 12.4842211], [-1.1646247, 12.4841981], [-1.1656118, 12.4839048], [-1.1663413, 12.4840305], [-1.1670709, 12.4841143], [-1.1678992, 12.4840954], [-1.1681867, 12.4836534], [-1.1678133, 12.4830898], [-1.1673842, 12.482587], [-1.1670709, 12.482103], [-1.1680708, 12.4822518], [-1.1687017, 12.4826477], [-1.169487, 12.4826708], [-1.1703453, 12.4826708], [-1.1709462, 12.4823356], [-1.1715899, 12.4820842], [-1.1723495, 12.481684], [-1.1732936, 12.4808879], [-1.1737657, 12.4806784], [-1.1744952, 12.4805527], [-1.1739374, 12.4796309], [-1.1733923, 12.4794863], [-1.1726628, 12.4795282], [-1.1718045, 12.4790694], [-1.1710191, 12.4786252], [-1.170517, 12.4780218], [-1.1706329, 12.4775358], [-1.170075, 12.4773682], [-1.1693154, 12.4774352], [-1.1690579, 12.4781895], [-1.1685, 12.4784828], [-1.1678992, 12.4787342], [-1.1669979, 12.4786504], [-1.1671138, 12.4781643], [-1.1665259, 12.4781056], [-1.1655817, 12.4778542], [-1.1652685, 12.4776196], [-1.164968, 12.4769492], [-1.1644531, 12.4767397], [-1.1641226, 12.4768905], [-1.1640368, 12.4778961], [-1.1632643, 12.4783152], [-1.1625777, 12.4785247], [-1.1620498, 12.4787928], [-1.1615048, 12.4787342], [-1.1608748, 12.4792492]]]}}, {"type": "Feature", "properties": {"source_id": 3, "name": "water", "osm_id": 182531424, "superficie_km2": 0.281}, "geometry": {"type": "Polygon", "coordinates": [[[-1.2374666, 12.3833685], [-1.2374009, 12.3833567], [-1.2373272, 12.3833816], [-1.2373111, 12.3833527], [-1.2373433, 12.3833121], [-1.237421, 12.3832755], [-1.2374237, 12.383248], [-1.2373982, 12.3832257], [-1.2372923, 12.3832493], [-1.2371998, 12.3832755], [-1.2370951, 12.3833069], [-1.2370804, 12.3833305], [-1.2370817, 12.3833934], [-1.2370723, 12.3834261], [-1.2369932, 12.3834484], [-1.236961, 12.3834628], [-1.2369557, 12.3835099], [-1.2368886, 12.3835623], [-1.2368524, 12.3835754], [-1.2367518, 12.3835767], [-1.2367049, 12.3836121], [-1.2366399, 12.383673], [-1.2366043, 12.3837064], [-1.236544, 12.3838007], [-1.2364756, 12.3838649], [-1.236375, 12.3839422], [-1.2362798, 12.3840156], [-1.2361456, 12.3841046], [-1.2360357, 12.384157], [-1.2360062, 12.3841387], [-1.2360169, 12.3841125], [-1.2360813, 12.3840797], [-1.2361725, 12.3840221], [-1.2363133, 12.3839068], [-1.2363401, 12.3838636], [-1.2363455, 12.3837968], [-1.2363562, 12.3837614], [-1.2364085, 12.3837457], [-1.2364675, 12.3837392], [-1.2365493, 12.3836737], [-1.2366472, 12.3835466], [-1.2367304, 12.3834968], [-1.2368082, 12.3834877], [-1.2369409, 12.3833907], [-1.2369785, 12.383337], [-1.2369919, 12.3832977], [-1.2369557, 12.3832519], [-1.2369154, 12.3832375], [-1.2367773, 12.3832611], [-1.2366378, 12.3833069], [-1.2365681, 12.3833829], [-1.2364943, 12.3834156], [-1.2364474, 12.3834065], [-1.2364072, 12.3833357], [-1.2364031, 12.3832637], [-1.2364259, 12.3832008], [-1.2363857, 12.3831497], [-1.2364018, 12.3831248], [-1.2364447, 12.3831405], [-1.2364903, 12.3831838], [-1.2365654, 12.3831956], [-1.2366714, 12.3831929], [-1.2367062, 12.3831576], [-1.2367049, 12.383096], [-1.2367424, 12.3830803], [-1.2368216, 12.3830698], [-1.2368511, 12.3830593], [-1.2368457, 12.3830305], [-1.2368202, 12.3830148], [-1.2367572, 12.3830227], [-1.2367424, 12.3830069], [-1.2367585, 12.3829755], [-1.2368202, 12.3829441], [-1.2368765, 12.3829441], [-1.2369342, 12.3829768], [-1.2370187, 12.3829899], [-1.2371742, 12.3829622], [-1.2374023, 12.3829336], [-1.2375335, 12.3829629], [-1.2377188, 12.3830043], [-1.2380218, 12.3829491], [-1.2383491, 12.3826768], [-1.238657, 12.3823224], [-1.2390432, 12.3814421], [-1.2391912, 12.3805283], [-1.2393844, 12.3798343], [-1.2394782, 12.3792473], [-1.2394509, 12.3788014], [-1.2393522, 12.3780657], [-1.2395587, 12.3776596], [-1.2399557, 12.3776415], [-1.2400495, 12.3773531], [-1.2400657, 12.3765752], [-1.2399275, 12.3763733], [-1.2394782, 12.3757235], [-1.2391604, 12.3755571], [-1.2391712, 12.3753072], [-1.2389727, 12.3751723], [-1.2389946, 12.3751313], [-1.2432306, 12.3763339], [-1.243393, 12.3764835], [-1.2434748, 12.3769813], [-1.2434771, 12.3770086], [-1.2435023, 12.3773119], [-1.2433388, 12.3772923], [-1.2431958, 12.377374], [-1.243092, 12.3775213], [-1.2429958, 12.3776578], [-1.2428841, 12.3778163], [-1.2429571, 12.3782598], [-1.2428498, 12.3789879], [-1.2430343, 12.3794301], [-1.2434694, 12.3798918], [-1.2438905, 12.3804235], [-1.2439197, 12.3805103], [-1.2440643, 12.3809391], [-1.2440719, 12.3810182], [-1.2441534, 12.3810355], [-1.2442057, 12.3810689], [-1.2442459, 12.3810945], [-1.2442969, 12.3811822], [-1.244376, 12.3813669], [-1.2444364, 12.3814717], [-1.2444645, 12.3815556], [-1.2444538, 12.3815975], [-1.2444001, 12.3816394], [-1.2443304, 12.3815909], [-1.2441507, 12.3814901], [-1.243971, 12.3813957], [-1.2438986, 12.3813905], [-1.2437884, 12.3813226], [-1.2435364, 12.3813405], [-1.243, 12.3812724], [-1.2427827, 12.3808165], [-1.2425279, 12.3807065], [-1.2422517, 12.3806177], [-1.2419084, 12.3806829], [-1.2414652, 12.3809024], [-1.2412539, 12.3811152], [-1.2410734, 12.3815394], [-1.2410468, 12.3816019], [-1.2409315, 12.3819661], [-1.2408406, 12.3820067], [-1.2405672, 12.3821291], [-1.2403446, 12.3824277], [-1.2402669, 12.3823179], [-1.240299, 12.3821869], [-1.240395, 12.3819871], [-1.2404091, 12.3819746], [-1.2404948, 12.3818988], [-1.2404922, 12.3817416], [-1.2403339, 12.3815739], [-1.2400817, 12.3816916], [-1.2396869, 12.3821757], [-1.2396011, 12.382532], [-1.239674, 12.3829072], [-1.2395212, 12.3829965], [-1.2392503, 12.3830253], [-1.2388989, 12.3829963], [-1.2386414, 12.3828812], [-1.2383679, 12.3829283], [-1.2380347, 12.3831607], [-1.2376973, 12.3832008], [-1.2375551, 12.3833423], [-1.2374666, 12.3833685]]]}}, {"type": "Feature", "properties": {"source_id": 4, "name": "water", "osm_id": 1328586099, "superficie_km2": 0.624}, "geometry": {"type": "Polygon", "coordinates": [[[-1.2868997, 12.0405849], [-1.2866557, 12.0407948], [-1.2863982, 12.0409128], [-1.28613, 12.0409548], [-1.2860119, 12.0409365], [-1.2857732, 12.0408], [-1.2855747, 12.0406374], [-1.2854165, 12.0404485], [-1.2853467, 12.0401547], [-1.2853119, 12.0398924], [-1.2854835, 12.0397665], [-1.2856364, 12.0397481], [-1.2860817, 12.0398295], [-1.2863606, 12.0397455], [-1.2864706, 12.0396642], [-1.2866101, 12.0395409], [-1.2865672, 12.0393678], [-1.2864089, 12.039297], [-1.2861863, 12.0392943], [-1.2859261, 12.0392078], [-1.2856418, 12.0390661], [-1.2854272, 12.0390032], [-1.2849847, 12.0390005], [-1.2846682, 12.039053], [-1.2845314, 12.0390136], [-1.2843677, 12.0389927], [-1.2842417, 12.0390399], [-1.2841666, 12.0391107], [-1.2837321, 12.0393599], [-1.2836033, 12.0394701], [-1.2833155, 12.0398594], [-1.2831393, 12.0400839], [-1.2828684, 12.0401416], [-1.2826994, 12.0402466], [-1.2826189, 12.0403305], [-1.2825653, 12.0404984], [-1.2824553, 12.0405797], [-1.2820986, 12.0405745], [-1.2818599, 12.0405036], [-1.2809479, 12.0400787], [-1.280036, 12.0397377], [-1.2798321, 12.0397534], [-1.2788531, 12.040021], [-1.2787351, 12.0399816], [-1.2784803, 12.039819], [-1.2781477, 12.0394071], [-1.2781128, 12.039171], [-1.2781021, 12.0390215], [-1.2780136, 12.0389638], [-1.2779036, 12.0389795], [-1.2777722, 12.039032], [-1.2774342, 12.0393022], [-1.2773269, 12.0394806], [-1.2769944, 12.0396931], [-1.2763989, 12.0398413], [-1.2761991, 12.0400341], [-1.2756935, 12.0402413], [-1.275617, 12.0403134], [-1.2755741, 12.0403856], [-1.2755205, 12.0403607], [-1.275385, 12.0402702], [-1.275149, 12.0402544], [-1.2750259, 12.0415436], [-1.2748808, 12.0430639], [-1.2749934, 12.0430691], [-1.2750135, 12.043094], [-1.2750068, 12.0431111], [-1.2749411, 12.0431924], [-1.2749237, 12.0432501], [-1.2749358, 12.0432776], [-1.2749773, 12.0432763], [-1.27509, 12.0432212], [-1.2751409, 12.0432357], [-1.2752, 12.0433458], [-1.2753381, 12.0433983], [-1.2754722, 12.0434088], [-1.2755393, 12.0433878], [-1.2757364, 12.0433052], [-1.2757994, 12.0433104], [-1.2758933, 12.043334], [-1.2762126, 12.0434277], [-1.2763466, 12.0434652], [-1.2765075, 12.0434036], [-1.2765625, 12.0432317], [-1.2766805, 12.0431504], [-1.2767208, 12.0431163], [-1.276753, 12.0430298], [-1.27682, 12.0429589], [-1.2768924, 12.0429379], [-1.2769461, 12.0429773], [-1.2770373, 12.0429248], [-1.2771526, 12.0428934], [-1.2772384, 12.0428251], [-1.2772894, 12.0427779], [-1.277386, 12.0427596], [-1.2774986, 12.0427491], [-1.2776569, 12.0427281], [-1.278027, 12.0426205], [-1.2783167, 12.0426284], [-1.2786278, 12.0426861], [-1.2788102, 12.0428199], [-1.2789819, 12.042875], [-1.2793842, 12.0429563], [-1.2795049, 12.0429484], [-1.2798026, 12.0428304], [-1.2800977, 12.0428304], [-1.2803659, 12.0428251], [-1.280551, 12.0428645], [-1.2808487, 12.0429353], [-1.2810016, 12.0429406], [-1.2811518, 12.0429694], [-1.2812269, 12.0430429], [-1.2813449, 12.0431478], [-1.2813771, 12.0433629], [-1.2813342, 12.0434468], [-1.2813905, 12.0435518], [-1.2815166, 12.0436095], [-1.2817392, 12.0436593], [-1.2820852, 12.0437249], [-1.2821817, 12.0437433], [-1.2822434, 12.0437013], [-1.2822783, 12.04362], [-1.2823132, 12.0434652], [-1.2825304, 12.043376], [-1.2828738, 12.0432763], [-1.2829971, 12.0432449], [-1.2830025, 12.0431924], [-1.2831581, 12.0431714], [-1.2834531, 12.0432029], [-1.2838528, 12.0432973], [-1.2838823, 12.0433498], [-1.283775, 12.043439], [-1.2837347, 12.0434967], [-1.2838313, 12.0437695], [-1.2839922, 12.0438534], [-1.2841156, 12.0438508], [-1.2842444, 12.0438141], [-1.2844804, 12.0436882], [-1.2847969, 12.0433813], [-1.2849015, 12.043237], [-1.2850222, 12.0432003], [-1.2852019, 12.0432475], [-1.2852716, 12.0433026], [-1.2853414, 12.0433524], [-1.2857196, 12.0437013], [-1.28591, 12.0438456], [-1.286374, 12.0440371], [-1.2865269, 12.0439898], [-1.286661, 12.0438534], [-1.2867415, 12.0438534], [-1.2868702, 12.0439007], [-1.287353, 12.0439531], [-1.2876481, 12.0438744], [-1.2880129, 12.0437013], [-1.2881523, 12.0435072], [-1.2883508, 12.0433918], [-1.2886459, 12.043334], [-1.2894934, 12.0434285], [-1.2903249, 12.0435124], [-1.290679, 12.0434337], [-1.2912476, 12.0431819], [-1.2916553, 12.0429038], [-1.2918699, 12.0428409], [-1.2920845, 12.0426992], [-1.2923205, 12.042311], [-1.2922347, 12.0421431], [-1.2919986, 12.0420749], [-1.2916338, 12.0420434], [-1.2908614, 12.0418756], [-1.2907112, 12.0419595], [-1.2904376, 12.042012], [-1.2901533, 12.0419752], [-1.2898743, 12.0420959], [-1.2896866, 12.0420225], [-1.2895954, 12.0417864], [-1.289708, 12.0416185], [-1.2896812, 12.0414873], [-1.2893647, 12.0412827], [-1.2889677, 12.0408473], [-1.2886459, 12.0405482], [-1.2880397, 12.0402125], [-1.2877661, 12.0399606], [-1.2876803, 12.0398714], [-1.2875837, 12.0399396], [-1.2870634, 12.0403646], [-1.2868997, 12.0405849]]]}}, {"type": "Feature", "properties": {"source_id": 5, "name": "water", "osm_id": 182384453, "superficie_km2": 1.603}, "geometry": {"type": "Polygon", "coordinates": [[[-1.3113417, 12.2182686], [-1.3095178, 12.2189606], [-1.3092389, 12.2199253], [-1.3076081, 12.2203867], [-1.3073291, 12.2202399], [-1.3056704, 12.221192], [-1.3052048, 12.2217079], [-1.3045396, 12.2220434], [-1.3045182, 12.2212255], [-1.3030312, 12.220458], [-1.3019432, 12.2188558], [-1.3014497, 12.2191494], [-1.3011064, 12.2199043], [-1.3011064, 12.2207432], [-1.3004133, 12.2206887], [-1.2999842, 12.2202273], [-1.299025, 12.2203238], [-1.2969222, 12.2208271], [-1.2957141, 12.219724], [-1.2941541, 12.2170522], [-1.2944266, 12.2165782], [-1.2952699, 12.2161714], [-1.2959566, 12.2161714], [-1.2967719, 12.2151438], [-1.2979671, 12.2148795], [-1.2985959, 12.2146824], [-1.2988104, 12.2143259], [-1.298568, 12.2136002], [-1.2981388, 12.2126565], [-1.2978663, 12.2120609], [-1.2981452, 12.2117673], [-1.2979028, 12.2106851], [-1.2984456, 12.2108445], [-1.2988104, 12.211977], [-1.2994971, 12.2126271], [-1.2996473, 12.2133821], [-1.3010785, 12.213747], [-1.3017008, 12.2136212], [-1.3024582, 12.2137806], [-1.3027093, 12.2131598], [-1.3029518, 12.2118512], [-1.3033595, 12.2128578], [-1.3036749, 12.2134115], [-1.3040461, 12.2135499], [-1.3044323, 12.2136548], [-1.3051619, 12.2134031], [-1.3047907, 12.2143762], [-1.3042542, 12.2149844], [-1.3051984, 12.2151941], [-1.3061854, 12.2148795], [-1.3072369, 12.2150053], [-1.3083312, 12.2147956], [-1.3095972, 12.214523], [-1.3105628, 12.2141665], [-1.3115069, 12.2135583], [-1.3119211, 12.2131514], [-1.3126721, 12.2130466], [-1.3131227, 12.2128159], [-1.3137879, 12.21269], [-1.3146398, 12.212992], [-1.3155001, 12.2137021], [-1.3164432, 12.2139484], [-1.318073, 12.2138834], [-1.3190371, 12.2140964], [-1.3191405, 12.2141192], [-1.3197863, 12.2143826], [-1.3200149, 12.2144758], [-1.3206211, 12.2150368], [-1.3208529, 12.2156524], [-1.3204505, 12.2165856], [-1.3203285, 12.2168295], [-1.3199613, 12.2175639], [-1.3188455, 12.2178575], [-1.3184752, 12.2178362], [-1.3179721, 12.2178072], [-1.3178081, 12.2177642], [-1.3158907, 12.2172619], [-1.314496, 12.217178], [-1.3128652, 12.2170732], [-1.3118996, 12.2171151], [-1.3115928, 12.2177736], [-1.3113417, 12.2182686]]]}}, {"type": "Feature", "properties": {"source_id": 6, "name": "water", "osm_id": 182384453, "superficie_km2": 1.603}, "geometry": {"type": "Polygon", "coordinates": [[[-1.3113417, 12.2182686], [-1.3095178, 12.2189606], [-1.3092389, 12.2199253], [-1.3076081, 12.2203867], [-1.3073291, 12.2202399], [-1.3056704, 12.221192], [-1.3052048, 12.2217079], [-1.3045396, 12.2220434], [-1.3045182, 12.2212255], [-1.3030312, 12.220458], [-1.3019432, 12.2188558], [-1.3014497, 12.2191494], [-1.3011064, 12.2199043], [-1.3011064, 12.2207432], [-1.3004133, 12.2206887], [-1.2999842, 12.2202273], [-1.299025, 12.2203238], [-1.2969222, 12.2208271], [-1.2957141, 12.219724], [-1.2941541, 12.2170522], [-1.2944266, 12.2165782], [-1.2952699, 12.2161714], [-1.2959566, 12.2161714], [-1.2967719, 12.2151438], [-1.2979671, 12.2148795], [-1.2985959, 12.2146824], [-1.2988104, 12.2143259], [-1.298568, 12.2136002], [-1.2981388, 12.2126565], [-1.2978663, 12.2120609], [-1.2981452, 12.2117673], [-1.2979028, 12.2106851], [-1.2984456, 12.2108445], [-1.2988104, 12.211977], [-1.2994971, 12.2126271], [-1.2996473, 12.2133821], [-1.3010785, 12.213747], [-1.3017008, 12.2136212], [-1.3024582, 12.2137806], [-1.3027093, 12.2131598], [-1.3029518, 12.2118512], [-1.3033595, 12.2128578], [-1.3036749, 12.2134115], [-1.3040461, 12.2135499], [-1.3044323, 12.2136548], [-1.3051619, 12.2134031], [-1.3047907, 12.2143762], [-1.3042542, 12.2149844], [-1.3051984, 12.2151941], [-1.3061854, 12.2148795], [-1.3072369, 12.2150053], [-1.3083312, 12.2147956], [-1.3095972, 12.214523], [-1.3105628, 12.2141665], [-1.3115069, 12.2135583], [-1.3119211, 12.2131514], [-1.3126721, 12.2130466], [-1.3131227, 12.2128159], [-1.3137879, 12.21269], [-1.3146398, 12.212992], [-1.3155001, 12.2137021], [-1.3164432, 12.2139484], [-1.318073, 12.2138834], [-1.3190371, 12.2140964], [-1.3191405, 12.2141192], [-1.3197863, 12.2143826], [-1.3200149, 12.2144758], [-1.3206211, 12.2150368], [-1.3208529, 12.2156524], [-1.3204505, 12.2165856], [-1.3203285, 12.2168295], [-1.3199613, 12.2175639], [-1.3188455, 12.2178575], [-1.3184752, 12.2178362], [-1.3179721, 12.2178072], [-1.3178081, 12.2177642], [-1.3158907, 12.2172619], [-1.314496, 12.217178], [-1.3128652, 12.2170732], [-1.3118996, 12.2171151], [-1.3115928, 12.2177736], [-1.3113417, 12.2182686]]]}}, {"type": "Feature", "properties": {"source_id": 7, "name": "water", "osm_id": 182384453, "superficie_km2": 1.603}, "geometry": {"type": "Polygon", "coordinates": [[[-1.3113417, 12.2182686], [-1.3095178, 12.2189606], [-1.3092389, 12.2199253], [-1.3076081, 12.2203867], [-1.3073291, 12.2202399], [-1.3056704, 12.221192], [-1.3052048, 12.2217079], [-1.3045396, 12.2220434], [-1.3045182, 12.2212255], [-1.3030312, 12.220458], [-1.3019432, 12.2188558], [-1.3014497, 12.2191494], [-1.3011064, 12.2199043], [-1.3011064, 12.2207432], [-1.3004133, 12.2206887], [-1.2999842, 12.2202273], [-1.299025, 12.2203238], [-1.2969222, 12.2208271], [-1.2957141, 12.219724], [-1.2941541, 12.2170522], [-1.2944266, 12.2165782], [-1.2952699, 12.2161714], [-1.2959566, 12.2161714], [-1.2967719, 12.2151438], [-1.2979671, 12.2148795], [-1.2985959, 12.2146824], [-1.2988104, 12.2143259], [-1.298568, 12.2136002], [-1.2981388, 12.2126565], [-1.2978663, 12.2120609], [-1.2981452, 12.2117673], [-1.2979028, 12.2106851], [-1.2984456, 12.2108445], [-1.2988104, 12.211977], [-1.2994971, 12.2126271], [-1.2996473, 12.2133821], [-1.3010785, 12.213747], [-1.3017008, 12.2136212], [-1.3024582, 12.2137806], [-1.3027093, 12.2131598], [-1.3029518, 12.2118512], [-1.3033595, 12.2128578], [-1.3036749, 12.2134115], [-1.3040461, 12.2135499], [-1.3044323, 12.2136548], [-1.3051619, 12.2134031], [-1.3047907, 12.2143762], [-1.3042542, 12.2149844], [-1.3051984, 12.2151941], [-1.3061854, 12.2148795], [-1.3072369, 12.2150053], [-1.3083312, 12.2147956], [-1.3095972, 12.214523], [-1.3105628, 12.2141665], [-1.3115069, 12.2135583], [-1.3119211, 12.2131514], [-1.3126721, 12.2130466], [-1.3131227, 12.2128159], [-1.3137879, 12.21269], [-1.3146398, 12.212992], [-1.3155001, 12.2137021], [-1.3164432, 12.2139484], [-1.318073, 12.2138834], [-1.3190371, 12.2140964], [-1.3191405, 12.2141192], [-1.3197863, 12.2143826], [-1.3200149, 12.2144758], [-1.3206211, 12.2150368], [-1.3208529, 12.2156524], [-1.3204505, 12.2165856], [-1.3203285, 12.2168295], [-1.3199613, 12.2175639], [-1.3188455, 12.2178575], [-1.3184752, 12.2178362], [-1.3179721, 12.2178072], [-1.3178081, 12.2177642], [-1.3158907, 12.2172619], [-1.314496, 12.217178], [-1.3128652, 12.2170732], [-1.3118996, 12.2171151], [-1.3115928, 12.2177736], [-1.3113417, 12.2182686]]]}}, {"type": "Feature", "properties": {"source_id": 8, "name": "water", "osm_id": 182384453, "superficie_km2": 1.603}, "geometry": {"type": "Polygon", "coordinates": [[[-1.3113417, 12.2182686], [-1.3095178, 12.2189606], [-1.3092389, 12.2199253], [-1.3076081, 12.2203867], [-1.3073291, 12.2202399], [-1.3056704, 12.221192], [-1.3052048, 12.2217079], [-1.3045396, 12.2220434], [-1.3045182, 12.2212255], [-1.3030312, 12.220458], [-1.3019432, 12.2188558], [-1.3014497, 12.2191494], [-1.3011064, 12.2199043], [-1.3011064, 12.2207432], [-1.3004133, 12.2206887], [-1.2999842, 12.2202273], [-1.299025, 12.2203238], [-1.2969222, 12.2208271], [-1.2957141, 12.219724], [-1.2941541, 12.2170522], [-1.2944266, 12.2165782], [-1.2952699, 12.2161714], [-1.2959566, 12.2161714], [-1.2967719, 12.2151438], [-1.2979671, 12.2148795], [-1.2985959, 12.2146824], [-1.2988104, 12.2143259], [-1.298568, 12.2136002], [-1.2981388, 12.2126565], [-1.2978663, 12.2120609], [-1.2981452, 12.2117673], [-1.2979028, 12.2106851], [-1.2984456, 12.2108445], [-1.2988104, 12.211977], [-1.2994971, 12.2126271], [-1.2996473, 12.2133821], [-1.3010785, 12.213747], [-1.3017008, 12.2136212], [-1.3024582, 12.2137806], [-1.3027093, 12.2131598], [-1.3029518, 12.2118512], [-1.3033595, 12.2128578], [-1.3036749, 12.2134115], [-1.3040461, 12.2135499], [-1.3044323, 12.2136548], [-1.3051619, 12.2134031], [-1.3047907, 12.2143762], [-1.3042542, 12.2149844], [-1.3051984, 12.2151941], [-1.3061854, 12.2148795], [-1.3072369, 12.2150053], [-1.3083312, 12.2147956], [-1.3095972, 12.214523], [-1.3105628, 12.2141665], [-1.3115069, 12.2135583], [-1.3119211, 12.2131514], [-1.3126721, 12.2130466], [-1.3131227, 12.2128159], [-1.3137879, 12.21269], [-1.3146398, 12.212992], [-1.3155001, 12.2137021], [-1.3164432, 12.2139484], [-1.318073, 12.2138834], [-1.3190371, 12.2140964], [-1.3191405, 12.2141192], [-1.3197863, 12.2143826], [-1.3200149, 12.2144758], [-1.3206211, 12.2150368], [-1.3208529, 12.2156524], [-1.3204505, 12.2165856], [-1.3203285, 12.2168295], [-1.3199613, 12.2175639], [-1.3188455, 12.2178575], [-1.3184752, 12.2178362], [-1.3179721, 12.2178072], [-1.3178081, 12.2177642], [-1.3158907, 12.2172619], [-1.314496, 12.217178], [-1.3128652, 12.2170732], [-1.3118996, 12.2171151], [-1.3115928, 12.2177736], [-1.3113417, 12.2182686]]]}}, {"type": "Feature", "properties": {"source_id": 9, "name": "water", "osm_id": 1428953087, "superficie_km2": 0.172}, "geometry": {"type": "Polygon", "coordinates": [[[-1.3265455, 12.1274749], [-1.326005, 12.1295268], [-1.3257623, 12.1297563], [-1.3256121, 12.1298612], [-1.3253009, 12.1299582], [-1.3248932, 12.1300448], [-1.324279, 12.1302178], [-1.3237265, 12.1303726], [-1.323351, 12.130446], [-1.3226295, 12.1305509], [-1.3223532, 12.1307685], [-1.3220179, 12.1308996], [-1.3213447, 12.1309836], [-1.3207573, 12.1310753], [-1.3204917, 12.1310596], [-1.3202128, 12.1309547], [-1.3200787, 12.130758], [-1.3201055, 12.1304879], [-1.3202772, 12.1303096], [-1.3205132, 12.1301234], [-1.3206285, 12.1296409], [-1.3206956, 12.1295177], [-1.320886, 12.1294023], [-1.321165, 12.1292554], [-1.3214815, 12.1291401], [-1.3219589, 12.1291191], [-1.3221815, 12.129106], [-1.3224873, 12.1288568], [-1.3229674, 12.1284084], [-1.3234368, 12.1279941], [-1.3239437, 12.1276112], [-1.3245901, 12.1273831], [-1.3247779, 12.1273333], [-1.3249174, 12.1272493], [-1.3250515, 12.1271104], [-1.3254297, 12.1266751], [-1.3256228, 12.1264469], [-1.3258266, 12.1263997], [-1.3260412, 12.1262869], [-1.3261163, 12.1262948], [-1.3262719, 12.1263525], [-1.3265482, 12.1265702], [-1.3266528, 12.1267091], [-1.326685, 12.1269766], [-1.3265455, 12.1274749]]]}}, {"type": "Feature", "properties": {"source_id": 10, "name": "water", "osm_id": 648254222, "superficie_km2": 0.571}, "geometry": {"type": "Polygon", "coordinates": [[[-1.338146, 12.3003467], [-1.3386261, 12.3002969], [-1.3389426, 12.300255], [-1.3392618, 12.3000952], [-1.3396481, 12.2999143], [-1.3396481, 12.2998305], [-1.3396105, 12.2997623], [-1.3393664, 12.2998226], [-1.3391975, 12.2998226], [-1.3391331, 12.299668], [-1.3392484, 12.2996077], [-1.3393369, 12.2995553], [-1.3394174, 12.2994662], [-1.3395381, 12.2993509], [-1.3395408, 12.2992539], [-1.3394764, 12.2992172], [-1.3392484, 12.2992723], [-1.3389185, 12.2993745], [-1.3387173, 12.2993745], [-1.3386101, 12.2992959], [-1.3385886, 12.2992041], [-1.3383713, 12.2991412], [-1.3382936, 12.2990679], [-1.3381675, 12.2989159], [-1.3380173, 12.2988923], [-1.3378188, 12.2989001], [-1.337395, 12.2991098], [-1.337167, 12.2991989], [-1.3369283, 12.2992068], [-1.3368237, 12.2992749], [-1.3367835, 12.2994347], [-1.3366064, 12.2996916], [-1.3363892, 12.3001187], [-1.3361451, 12.3003729], [-1.3359842, 12.3004149], [-1.3355389, 12.3003467], [-1.3354316, 12.3002524], [-1.3353914, 12.3000165], [-1.3351795, 12.2998803], [-1.334981, 12.2998541], [-1.3349566, 12.2998271], [-1.3349032, 12.2997682], [-1.3348764, 12.2997387], [-1.3348147, 12.2993719], [-1.3345787, 12.2991596], [-1.3345385, 12.2989657], [-1.3344821, 12.2986852], [-1.3342997, 12.2983917], [-1.3340798, 12.2980956], [-1.3339055, 12.297899], [-1.3338062, 12.2978414], [-1.3336989, 12.297789], [-1.3335595, 12.2976946], [-1.3334683, 12.2975741], [-1.3334012, 12.2973802], [-1.3333932, 12.2971522], [-1.3333261, 12.2969923], [-1.3332161, 12.2968691], [-1.3331598, 12.2968586], [-1.3331303, 12.2969294], [-1.3331759, 12.2971836], [-1.3332054, 12.2974719], [-1.3332939, 12.2977706], [-1.3332805, 12.2979672], [-1.3332456, 12.2982188], [-1.3331893, 12.2985332], [-1.3331383, 12.2986355], [-1.333015, 12.2986721], [-1.3329238, 12.2986486], [-1.3325778, 12.2985044], [-1.332441, 12.2985044], [-1.3322881, 12.2985568], [-1.3322076, 12.2986486], [-1.3321593, 12.2987874], [-1.3322157, 12.2991045], [-1.3322666, 12.2993325], [-1.3322747, 12.2998331], [-1.3322505, 12.3000401], [-1.3320816, 12.3003389], [-1.3319635, 12.3004699], [-1.331867, 12.3004961], [-1.3317382, 12.3004385], [-1.331639, 12.3003808], [-1.3314995, 12.3004227], [-1.3312367, 12.3005564], [-1.331124, 12.3006769], [-1.3310435, 12.3009102], [-1.3309416, 12.3011486], [-1.3308102, 12.3012692], [-1.3307083, 12.3012954], [-1.3304374, 12.3013321], [-1.330373, 12.3014212], [-1.3303033, 12.3016073], [-1.3302201, 12.3017671], [-1.3301343, 12.302058], [-1.3300619, 12.3021602], [-1.329917, 12.3022441], [-1.3297775, 12.3023096], [-1.3296971, 12.3023803], [-1.3295013, 12.3026188], [-1.3293403, 12.3026712], [-1.3287208, 12.3027708], [-1.328584, 12.3028652], [-1.3284981, 12.3030198], [-1.3284767, 12.3032189], [-1.3285062, 12.3033945], [-1.3285169, 12.3034993], [-1.3284445, 12.3035386], [-1.3283211, 12.3035308], [-1.3279, 12.3033631], [-1.3274735, 12.3031508], [-1.3273394, 12.3030381], [-1.3272026, 12.302949], [-1.3271409, 12.3029621], [-1.3271141, 12.3030329], [-1.3271007, 12.3031534], [-1.3270712, 12.3032504], [-1.3270149, 12.3033028], [-1.3268486, 12.3033054], [-1.3266313, 12.3033002], [-1.326575, 12.3033736], [-1.3265455, 12.303481], [-1.326457, 12.3035937], [-1.3264328, 12.3037037], [-1.3284515, 12.3069649], [-1.329622, 12.3088558], [-1.3297078, 12.3088637], [-1.3297829, 12.3088899], [-1.3298285, 12.3089868], [-1.3298607, 12.3091179], [-1.3299117, 12.3092358], [-1.329968, 12.3093196], [-1.3300484, 12.3093432], [-1.3301343, 12.309317], [-1.3301852, 12.3092646], [-1.3301906, 12.3091939], [-1.3301665, 12.3091152], [-1.3298875, 12.3087484], [-1.3298446, 12.3086619], [-1.3298634, 12.308544], [-1.329968, 12.3083369], [-1.3301504, 12.3081299], [-1.3304722, 12.3078338], [-1.3306519, 12.3076661], [-1.3307565, 12.307501], [-1.3308156, 12.3073595], [-1.3307941, 12.3072442], [-1.330668, 12.3071865], [-1.3305098, 12.3071603], [-1.3304427, 12.3070817], [-1.3305286, 12.3068118], [-1.3307056, 12.3064606], [-1.3308048, 12.3061802], [-1.3309282, 12.3060072], [-1.3311616, 12.3057531], [-1.3315371, 12.3053626], [-1.3317651, 12.3052053], [-1.3319877, 12.3050324], [-1.3321701, 12.3048018], [-1.3322532, 12.3045738], [-1.3323042, 12.3044323], [-1.3323873, 12.3043615], [-1.3326019, 12.3041545], [-1.3327441, 12.3040654], [-1.3328353, 12.3040418], [-1.3331732, 12.3040025], [-1.3332322, 12.3039527], [-1.3333476, 12.3037535], [-1.3334093, 12.3036566], [-1.3334978, 12.3035098], [-1.3336909, 12.3033316], [-1.3337955, 12.3032949], [-1.3338599, 12.3033133], [-1.3339779, 12.3033971], [-1.3342354, 12.3034993], [-1.3344419, 12.3035491], [-1.3346123, 12.303568], [-1.3346779, 12.3035753], [-1.3348389, 12.3036225], [-1.3349703, 12.3036461], [-1.3350427, 12.3036225], [-1.3351017, 12.3035544], [-1.3351285, 12.3034548], [-1.3350964, 12.3033631], [-1.335003, 12.3032968], [-1.3349006, 12.3032242], [-1.334855, 12.303101], [-1.334855, 12.3028652], [-1.3348952, 12.3027551], [-1.3349944, 12.3026896], [-1.3350856, 12.3026922], [-1.3352653, 12.302797], [-1.3354236, 12.3028783], [-1.3355818, 12.3029097], [-1.3356972, 12.3028887], [-1.3359654, 12.3028232], [-1.3360807, 12.3027184], [-1.3361558, 12.3026005], [-1.3361853, 12.302459], [-1.3361773, 12.3023489], [-1.3361317, 12.3022808], [-1.3359064, 12.3021917], [-1.335834, 12.3020973], [-1.3358822, 12.3020003], [-1.3359788, 12.3019584], [-1.3361263, 12.3019558], [-1.3362899, 12.3019348], [-1.3365018, 12.3018615], [-1.3367382, 12.3017394], [-1.3369283, 12.3016413], [-1.3372529, 12.3014238], [-1.3374326, 12.3013033], [-1.3375345, 12.3012063], [-1.3376338, 12.301116], [-1.3377142, 12.3005498], [-1.3378188, 12.3004594], [-1.3379717, 12.3003808], [-1.338146, 12.3003467]]]}}, {"type": "Feature", "properties": {"source_id": 11, "name": "water", "osm_id": 1033521607, "superficie_km2": 0.012}, "geometry": {"type": "Polygon", "coordinates": [[[-1.3365206, 12.2149997], [-1.3368988, 12.2149656], [-1.3371831, 12.2149525], [-1.3371912, 12.2148844], [-1.3371456, 12.2147952], [-1.3371751, 12.2146799], [-1.3370705, 12.2145829], [-1.3370597, 12.2142998], [-1.3368934, 12.2142028], [-1.3365743, 12.2141451], [-1.3363543, 12.2142054], [-1.3363007, 12.2142605], [-1.3362524, 12.2146458], [-1.3362202, 12.2147874], [-1.3361076, 12.214908], [-1.3358903, 12.214908], [-1.3358179, 12.2150548], [-1.3354585, 12.2151308], [-1.3353539, 12.2152278], [-1.3353485, 12.2153248], [-1.3355416, 12.2154165], [-1.3359305, 12.2153353], [-1.3360593, 12.2153615], [-1.3361344, 12.2153353], [-1.3361049, 12.215157], [-1.3363114, 12.2151046], [-1.3365206, 12.2149997]]]}}, {"type": "Feature", "properties": {"source_id": 12, "name": "water", "osm_id": 1196888326, "superficie_km2": 0.886}, "geometry": {"type": "Polygon", "coordinates": [[[-1.3405365, 12.1800586], [-1.3406807, 12.179804], [-1.341024, 12.1796152], [-1.3413298, 12.1792062], [-1.3411903, 12.1789073], [-1.3408953, 12.1785874], [-1.3406754, 12.1779162], [-1.3407987, 12.1777746], [-1.3412976, 12.1775072], [-1.3414049, 12.1773027], [-1.3416731, 12.1767679], [-1.3419628, 12.1764585], [-1.3420326, 12.1762802], [-1.3420433, 12.176018], [-1.3419199, 12.1757191], [-1.3417, 12.1754045], [-1.3417321, 12.1752524], [-1.3419038, 12.1752262], [-1.3421559, 12.175158], [-1.3424885, 12.1749011], [-1.3426763, 12.1744606], [-1.3425475, 12.1743348], [-1.3416946, 12.1739677], [-1.34148, 12.1737265], [-1.341421, 12.1734328], [-1.3414049, 12.1731444], [-1.3415229, 12.1729609], [-1.3419253, 12.1728193], [-1.3421881, 12.1728036], [-1.3424671, 12.1728455], [-1.3427621, 12.1730553], [-1.3429767, 12.1732126], [-1.3432342, 12.1733175], [-1.3434863, 12.173265], [-1.3438457, 12.1731549], [-1.3441354, 12.1730238], [-1.3443285, 12.1727354], [-1.3443017, 12.1724627], [-1.3441891, 12.172038], [-1.3443446, 12.1719436], [-1.344586, 12.1720222], [-1.3448167, 12.1723002], [-1.3452888, 12.1725047], [-1.345616, 12.1724784], [-1.3457662, 12.1723631], [-1.3457984, 12.1720275], [-1.345852, 12.1715241], [-1.3458306, 12.1712094], [-1.345557, 12.1710049], [-1.345337, 12.1706536], [-1.3453639, 12.1701292], [-1.3452941, 12.1698618], [-1.3452083, 12.1697307], [-1.3429767, 12.1685193], [-1.3418703, 12.1677105], [-1.3418389, 12.1676297], [-1.3418824, 12.1675807], [-1.343143, 12.1678743], [-1.3445216, 12.1682414], [-1.3451064, 12.1681208], [-1.3454336, 12.167911], [-1.3461149, 12.1671035], [-1.3468123, 12.1665214], [-1.3471288, 12.1661386], [-1.3472897, 12.1658712], [-1.3473541, 12.1656614], [-1.347338, 12.165546], [-1.3474198, 12.1652393], [-1.3478637, 12.1651003], [-1.3485329, 12.1651016], [-1.3489245, 12.1652406], [-1.3490224, 12.1655513], [-1.3487434, 12.1657873], [-1.3488078, 12.1660967], [-1.3490921, 12.1661019], [-1.3490868, 12.1663536], [-1.3489848, 12.1668308], [-1.3489205, 12.1670143], [-1.3486254, 12.1668256], [-1.3484645, 12.167051], [-1.3486147, 12.1671245], [-1.3485557, 12.1673342], [-1.3485557, 12.167523], [-1.3496018, 12.1673657], [-1.349591, 12.1675335], [-1.3492396, 12.1677695], [-1.349135, 12.1681103], [-1.349076, 12.1684459], [-1.3492423, 12.1687239], [-1.3491592, 12.1687921], [-1.3487703, 12.1687881], [-1.3480461, 12.1687239], [-1.34781, 12.1688864], [-1.3476867, 12.1691801], [-1.3474882, 12.1695996], [-1.3479173, 12.1700401], [-1.3478315, 12.1708476], [-1.3475847, 12.1710784], [-1.3479388, 12.1716866], [-1.3484752, 12.1715188], [-1.3485718, 12.1718807], [-1.3487381, 12.1719331], [-1.349178, 12.1719593], [-1.3492692, 12.1721009], [-1.349532, 12.1721428], [-1.3496661, 12.172211], [-1.3496876, 12.1723159], [-1.3496567, 12.1726934], [-1.3491847, 12.1730277], [-1.349178, 12.1736832], [-1.3492611, 12.1739087], [-1.3494945, 12.1740516], [-1.3495696, 12.1741617], [-1.3499826, 12.1742351], [-1.3501757, 12.17434], [-1.3504815, 12.1744291], [-1.3506103, 12.1745393], [-1.3506532, 12.174728], [-1.3506532, 12.1750951], [-1.3505834, 12.1752577], [-1.3502562, 12.1754726], [-1.3500707, 12.1755809], [-1.3483277, 12.1757375], [-1.3481882, 12.1757794], [-1.348089, 12.1758397], [-1.3470081, 12.1767102], [-1.3469785, 12.1768019], [-1.3468015, 12.1793792], [-1.3467801, 12.1794474], [-1.3461578, 12.1801474], [-1.3460237, 12.1801684], [-1.3437143, 12.1804397], [-1.3435413, 12.1804882], [-1.342679, 12.1805918], [-1.3425194, 12.1805839], [-1.3414371, 12.180719], [-1.3413486, 12.1807006], [-1.3405365, 12.1800586]]]}}, {"type": "Feature", "properties": {"source_id": 13, "name": "water", "osm_id": 29969656, "superficie_km2": 1.848}, "geometry": {"type": "Polygon", "coordinates": [[[-1.3927075, 12.1989571], [-1.3927531, 12.1990252], [-1.392847, 12.1990934], [-1.3928939, 12.1991786], [-1.3928953, 12.1992481], [-1.3928671, 12.1993267], [-1.3928135, 12.1994054], [-1.3925935, 12.1995456], [-1.3925104, 12.1996177], [-1.3923709, 12.1997737], [-1.3921832, 12.1999284], [-1.392037, 12.2000516], [-1.3919511, 12.2000988], [-1.391876, 12.2001106], [-1.3917808, 12.2001211], [-1.3916668, 12.2001342], [-1.3915958, 12.2001643], [-1.3915233, 12.2002377], [-1.3914938, 12.200302], [-1.3914643, 12.2003426], [-1.3914227, 12.2003806], [-1.3913235, 12.2003806], [-1.3911331, 12.2003662], [-1.3909239, 12.2003531], [-1.390712, 12.2003413], [-1.3905551, 12.2003374], [-1.3904357, 12.2003216], [-1.3903794, 12.2003006], [-1.3902211, 12.2002535], [-1.3900226, 12.2002141], [-1.3897249, 12.2002115], [-1.3893253, 12.2002063], [-1.3892394, 12.2002036], [-1.3891965, 12.2002036], [-1.3891697, 12.2002351], [-1.3891241, 12.2003138], [-1.3890839, 12.200319], [-1.3890088, 12.200319], [-1.3888773, 12.2003609], [-1.3888344, 12.2003505], [-1.3887057, 12.2002508], [-1.3884214, 12.2000962], [-1.3883087, 12.200049], [-1.3881505, 12.2000201], [-1.3878983, 12.200007], [-1.3877562, 12.1999782], [-1.3874987, 12.1999861], [-1.3871741, 12.2000752], [-1.3869864, 12.2002141], [-1.386804, 12.2003242], [-1.3863561, 12.2004684], [-1.3858733, 12.2006493], [-1.3857445, 12.2007149], [-1.3855192, 12.2008066], [-1.3854602, 12.2008905], [-1.3853529, 12.2009692], [-1.3852081, 12.2010164], [-1.3848272, 12.2011369], [-1.3846287, 12.201213], [-1.3845482, 12.2012628], [-1.3845187, 12.2013205], [-1.3845187, 12.201407], [-1.3845, 12.2014594], [-1.3844115, 12.2014699], [-1.3842934, 12.2014699], [-1.3842022, 12.2014647], [-1.384111, 12.2014568], [-1.384044, 12.2014148], [-1.3839984, 12.2013677], [-1.3839528, 12.2013703], [-1.3837704, 12.2014279], [-1.3835102, 12.2014935], [-1.3833439, 12.2015617], [-1.3832313, 12.2016141], [-1.383065, 12.2017373], [-1.382947, 12.2018212], [-1.3827807, 12.2019497], [-1.3826573, 12.2020755], [-1.3825768, 12.2021332], [-1.3824266, 12.2022302], [-1.3822174, 12.2023665], [-1.3820323, 12.2024766], [-1.3818231, 12.2025657], [-1.3816327, 12.2026365], [-1.3813752, 12.2027283], [-1.3811713, 12.2027833], [-1.3809729, 12.2027991], [-1.380887, 12.2027781], [-1.3808093, 12.202744], [-1.3806617, 12.2027912], [-1.3805679, 12.2028462], [-1.3805142, 12.202938], [-1.3804445, 12.2030219], [-1.3803023, 12.2031635], [-1.3803238, 12.2034676], [-1.3798249, 12.203735], [-1.3793904, 12.2039027], [-1.3790309, 12.204102], [-1.3787413, 12.2041544], [-1.3783604, 12.2041387], [-1.3780224, 12.2041492], [-1.3778669, 12.2042331], [-1.3772821, 12.2045372], [-1.3769656, 12.2046263], [-1.3766545, 12.2046997], [-1.3764346, 12.2047207], [-1.3761181, 12.2046945], [-1.3758391, 12.2045844], [-1.3755333, 12.2044113], [-1.3752759, 12.2042173], [-1.3751364, 12.203929], [-1.3749701, 12.203714], [-1.3747716, 12.2035515], [-1.3743371, 12.2033942], [-1.3738704, 12.2032788], [-1.3736719, 12.2032841], [-1.3734841, 12.2033627], [-1.3729477, 12.2037009], [-1.3726473, 12.2039368], [-1.3723952, 12.2041806], [-1.3722771, 12.2043484], [-1.3722637, 12.2044402], [-1.3723227, 12.2045922], [-1.3723817, 12.2047102], [-1.3723817, 12.204857], [-1.3723335, 12.2050195], [-1.3722825, 12.205148], [-1.3720223, 12.2053132], [-1.3719955, 12.2053866], [-1.372076, 12.2054967], [-1.3722423, 12.2055491], [-1.372312, 12.205612], [-1.3723281, 12.2057641], [-1.3722932, 12.2059004], [-1.3721376, 12.2060839], [-1.3720264, 12.2061075], [-1.3719284, 12.206125], [-1.3718748, 12.206042], [-1.3718104, 12.2059109], [-1.37173, 12.2057746], [-1.3715181, 12.2054233], [-1.371451, 12.2053682], [-1.3713464, 12.2053446], [-1.371097, 12.2053787], [-1.3708663, 12.2054154], [-1.3707241, 12.2054206], [-1.3704023, 12.2053289], [-1.3700482, 12.205224], [-1.3699114, 12.2050458], [-1.3697988, 12.2049855], [-1.3696244, 12.2049828], [-1.3692167, 12.2051323], [-1.3687983, 12.2053735], [-1.3687688, 12.2053944], [-1.3687179, 12.2054416], [-1.3687165, 12.2055465], [-1.368797, 12.2056894], [-1.3688278, 12.2058034], [-1.3687782, 12.2059305], [-1.3686951, 12.2059856], [-1.3686146, 12.2060039], [-1.3684993, 12.2060013], [-1.3683665, 12.205941], [-1.3682954, 12.2059332], [-1.3682216, 12.2059358], [-1.3681653, 12.2059161], [-1.3681063, 12.205827], [-1.36805, 12.2057483], [-1.3679682, 12.2057444], [-1.367877, 12.2057693], [-1.3677697, 12.2058401], [-1.3677013, 12.2059201], [-1.3676517, 12.2059489], [-1.3675994, 12.2059292], [-1.3675511, 12.2058886], [-1.3673432, 12.2058296], [-1.3672775, 12.2058689], [-1.3672118, 12.2058571], [-1.3670897, 12.2058467], [-1.3669476, 12.2058519], [-1.3668175, 12.2058401], [-1.3666955, 12.2058349], [-1.3665533, 12.2058689], [-1.36645, 12.2058139], [-1.3663763, 12.205768], [-1.3662985, 12.2056684], [-1.3662314, 12.2055989], [-1.366041, 12.2053276], [-1.3660289, 12.2052633], [-1.3660303, 12.2052122], [-1.3660075, 12.2051506], [-1.3659485, 12.205127], [-1.3658318, 12.2051244], [-1.3657205, 12.205165], [-1.3656333, 12.2051742], [-1.3656883, 12.2050077], [-1.3659538, 12.2048649], [-1.3659538, 12.2047482], [-1.3659176, 12.2046499], [-1.3658632, 12.2044574], [-1.365711, 12.2042028], [-1.3655287, 12.2039447], [-1.3654187, 12.203769], [-1.3653034, 12.2037634], [-1.3650942, 12.2036275], [-1.3648275, 12.2036234], [-1.3642922, 12.2037507], [-1.3637895, 12.2038137], [-1.3634983, 12.203811], [-1.3631287, 12.2037755], [-1.3627005, 12.2037188], [-1.3624978, 12.2037219], [-1.362302, 12.2037586], [-1.3618916, 12.2040338], [-1.361441, 12.2042069], [-1.3611567, 12.2044113], [-1.3607919, 12.2047731], [-1.3607061, 12.2049409], [-1.3605398, 12.2050615], [-1.3604647, 12.2051611], [-1.3603091, 12.2051611], [-1.3601965, 12.2052188], [-1.3599765, 12.2051873], [-1.3596895, 12.2050694], [-1.3594991, 12.2050641], [-1.359188, 12.2050772], [-1.358842, 12.2051244], [-1.3586542, 12.2051454], [-1.3585362, 12.2051192], [-1.3581929, 12.2050431], [-1.3579059, 12.2049802], [-1.3577074, 12.2050431], [-1.3574633, 12.2050379], [-1.3573319, 12.2050641], [-1.3571844, 12.2051034], [-1.3569, 12.205169], [-1.3568088, 12.2051795], [-1.356664, 12.2051978], [-1.3565996, 12.205224], [-1.3565138, 12.2052004], [-1.3564682, 12.205148], [-1.3564253, 12.2051087], [-1.3562563, 12.2051349], [-1.35598, 12.2050615], [-1.3558728, 12.2050615], [-1.3557735, 12.2050274], [-1.355736, 12.2049855], [-1.3553658, 12.2049907], [-1.3552237, 12.2050615], [-1.3550466, 12.2051821], [-1.3549045, 12.2052974], [-1.3548374, 12.2053997], [-1.354773, 12.2054469], [-1.3547006, 12.205439], [-1.3545585, 12.2053866], [-1.3544887, 12.2053341], [-1.3544217, 12.2052791], [-1.3540703, 12.205148], [-1.3539416, 12.2051113], [-1.3538665, 12.2051428], [-1.3538772, 12.205224], [-1.3538665, 12.2053394], [-1.3538396, 12.2053761], [-1.3537806, 12.2053394], [-1.3537189, 12.2053341], [-1.3536599, 12.2053761], [-1.3536304, 12.2054154], [-1.3535231, 12.2054206], [-1.3534507, 12.2053551], [-1.3533515, 12.2052843], [-1.3531449, 12.2052843], [-1.3530216, 12.2052555], [-1.3528633, 12.2051926], [-1.3527238, 12.2051061], [-1.352689, 12.2051978], [-1.3527373, 12.2052555], [-1.3526809, 12.2053053], [-1.3525039, 12.2053184], [-1.3521835, 12.2053121], [-1.3520144, 12.2052646], [-1.3519876, 12.2052345], [-1.3519809, 12.2052122], [-1.3518669, 12.2046708], [-1.3518656, 12.2046197], [-1.3518884, 12.2044428], [-1.3518778, 12.2044014], [-1.3518642, 12.2043484], [-1.3517945, 12.2043576], [-1.3516087, 12.2029983], [-1.3517717, 12.2028646], [-1.3518939, 12.2027507], [-1.3519864, 12.2027767], [-1.3521029, 12.2028069], [-1.3523698, 12.2029773], [-1.3524382, 12.203094], [-1.3527225, 12.2030599], [-1.35281, 12.2030737], [-1.3528043, 12.2027335], [-1.3530189, 12.202761], [-1.3532321, 12.2027623], [-1.3534427, 12.202723], [-1.3536344, 12.2027191], [-1.3539697, 12.2027728], [-1.3541226, 12.2028082], [-1.3543291, 12.2028934], [-1.354423, 12.2029393], [-1.354529, 12.2028672], [-1.3545638, 12.2028685], [-1.3546202, 12.2029026], [-1.3547476, 12.2027755], [-1.3549809, 12.2028344], [-1.3551445, 12.2028947], [-1.3551284, 12.2029721], [-1.3551861, 12.2030219], [-1.3553014, 12.2030022], [-1.3554195, 12.203018], [-1.3554503, 12.2030638], [-1.3555469, 12.2031123], [-1.3556206, 12.203153], [-1.3558634, 12.2030638], [-1.3558956, 12.2029878], [-1.3559398, 12.2029695], [-1.356031, 12.2029813], [-1.3560927, 12.2029799], [-1.3561812, 12.2029131], [-1.3562536, 12.2029065], [-1.3563462, 12.2029301], [-1.3563985, 12.2029826], [-1.3564307, 12.2030245], [-1.3564146, 12.2030717], [-1.3564682, 12.2031097], [-1.3565835, 12.2030979], [-1.3566546, 12.2030232], [-1.3566559, 12.2029158], [-1.3568652, 12.2029354], [-1.3570181, 12.2029721], [-1.3572541, 12.2028803], [-1.3573855, 12.2027571], [-1.3575894, 12.2027361], [-1.3577959, 12.2027492], [-1.3579112, 12.2028567], [-1.3580509, 12.2028343], [-1.3581017, 12.2027886], [-1.3582519, 12.2027558], [-1.3584021, 12.2027715], [-1.358504, 12.2027034], [-1.3586743, 12.2027073], [-1.3588111, 12.2027506], [-1.3589224, 12.202761], [-1.3589962, 12.2027296], [-1.3589814, 12.2026418], [-1.3590391, 12.2025185], [-1.3590606, 12.2024687], [-1.3591638, 12.2024281], [-1.359259, 12.2024543], [-1.3593167, 12.2024333], [-1.3593972, 12.202335], [-1.3595474, 12.2022826], [-1.359774, 12.2021554], [-1.3599081, 12.2021096], [-1.3600342, 12.2021109], [-1.3601214, 12.2021266], [-1.3601965, 12.2021069], [-1.3602273, 12.2020716], [-1.3602246, 12.2019903], [-1.3602515, 12.2019628], [-1.3603118, 12.2019719], [-1.3603199, 12.202048], [-1.360285, 12.2021568], [-1.3603064, 12.2021987], [-1.3603507, 12.2022236], [-1.3603976, 12.2022079], [-1.3604392, 12.2020899], [-1.3604768, 12.2020021], [-1.3605197, 12.201985], [-1.3606109, 12.2020519], [-1.3606766, 12.2020494], [-1.3606873, 12.2019497], [-1.3607839, 12.2018972], [-1.3607624, 12.2017924], [-1.3606873, 12.2017321], [-1.3606337, 12.2016613], [-1.3606498, 12.2015485], [-1.3608027, 12.2014699], [-1.3610441, 12.201365], [-1.3611621, 12.20131], [-1.3611782, 12.2012077], [-1.3613069, 12.2011553], [-1.3615027, 12.2012838], [-1.3616636, 12.2011684], [-1.3617146, 12.2010635], [-1.3616636, 12.200901], [-1.3615724, 12.2007804], [-1.3616422, 12.2007568], [-1.3617763, 12.2007961], [-1.3619024, 12.2009692], [-1.3620606, 12.2009744], [-1.3621303, 12.2008879], [-1.3622028, 12.2007961], [-1.3623798, 12.2006493], [-1.362412, 12.2004868], [-1.3624683, 12.2004684], [-1.3626775, 12.2005314], [-1.3627729, 12.2006754], [-1.3629431, 12.2006913], [-1.3631388, 12.2005904], [-1.3633856, 12.2007018], [-1.36356, 12.2005418], [-1.3639891, 12.2005314], [-1.3645095, 12.2003216], [-1.364767, 12.2003583], [-1.3649981, 12.2003097], [-1.3652766, 12.2004003], [-1.3654161, 12.2003269], [-1.3657877, 12.2003842], [-1.3658881, 12.2003374], [-1.3661027, 12.2002063], [-1.3663226, 12.2002325], [-1.3665909, 12.2002954], [-1.3671219, 12.2002377], [-1.367358, 12.2003059], [-1.3676584, 12.2004789], [-1.367873, 12.2004212], [-1.3680607, 12.2002954], [-1.3681144, 12.2001067], [-1.368227, 12.2000018], [-1.3684791, 12.1999127], [-1.3686669, 12.1997344], [-1.3687527, 12.1995404], [-1.3688654, 12.1995718], [-1.3689786, 12.1995635], [-1.3689834, 12.1993936], [-1.3690639, 12.1993464], [-1.3692945, 12.1992939], [-1.3694608, 12.1991209], [-1.3697183, 12.1990842], [-1.3701314, 12.1990842], [-1.3703513, 12.1990003], [-1.3704747, 12.1989269], [-1.3705874, 12.1987434], [-1.3705927, 12.198628], [-1.3710433, 12.1983292], [-1.3713384, 12.1982505], [-1.3716817, 12.1981981], [-1.3719821, 12.1982348], [-1.3722718, 12.1983292], [-1.37254, 12.1983711], [-1.3728619, 12.1982453], [-1.3731623, 12.1980827], [-1.3733822, 12.1979307], [-1.3736612, 12.1978416], [-1.3738489, 12.1978416], [-1.3741708, 12.1978783], [-1.3744658, 12.1979359], [-1.3753295, 12.1979779], [-1.3758874, 12.1979464], [-1.3765526, 12.1977996], [-1.3767994, 12.1978153], [-1.3772124, 12.1979569], [-1.3776684, 12.198109], [-1.3783014, 12.1983082], [-1.3786125, 12.1983659], [-1.3788647, 12.1983606], [-1.3790739, 12.198303], [-1.379149, 12.1982453], [-1.379385, 12.1980408], [-1.3795191, 12.198067], [-1.3796479, 12.198088], [-1.3799483, 12.1979464], [-1.3800395, 12.1978048], [-1.3802218, 12.1977419], [-1.3805652, 12.1977052], [-1.3807422, 12.1976947], [-1.3810104, 12.1977472], [-1.3812196, 12.1979254], [-1.3813752, 12.1979517], [-1.3815898, 12.1978678], [-1.3818687, 12.1979726], [-1.3821101, 12.1981561], [-1.3824427, 12.1984131], [-1.3826573, 12.1985599], [-1.3828772, 12.1987172], [-1.3829094, 12.198885], [-1.3829416, 12.1990947], [-1.3830382, 12.1991262], [-1.3834298, 12.199058], [-1.3837248, 12.1990108], [-1.3839394, 12.1990423], [-1.384036, 12.1991314], [-1.3841432, 12.1993778], [-1.38428, 12.1997396], [-1.3844302, 12.1997658], [-1.3845375, 12.199758], [-1.3846663, 12.1997396], [-1.3849023, 12.1996767], [-1.3853234, 12.199564], [-1.3858598, 12.1994381], [-1.3859886, 12.1993647], [-1.386179, 12.19921], [-1.3863802, 12.1990423], [-1.3866109, 12.1989059], [-1.3869703, 12.1988273], [-1.3871259, 12.1987827], [-1.3873082, 12.1986595], [-1.3874772, 12.1983842], [-1.3876462, 12.1982899], [-1.3876723, 12.1982779], [-1.3880539, 12.1981037], [-1.3883758, 12.1979464], [-1.3888264, 12.1978206], [-1.389159, 12.197721], [-1.3893682, 12.197721], [-1.3895398, 12.1978416], [-1.3894916, 12.1982663], [-1.3892984, 12.1984865], [-1.3891885, 12.1986805], [-1.3892314, 12.1988037], [-1.3895398, 12.1991733], [-1.3896149, 12.1992546], [-1.3897839, 12.1993005], [-1.3899462, 12.1992874], [-1.3901715, 12.1992441], [-1.3903445, 12.199176], [-1.3904545, 12.1990881], [-1.3905832, 12.1990108], [-1.3907066, 12.1989557], [-1.3908863, 12.1988994], [-1.39107, 12.1988732], [-1.3912565, 12.1988941], [-1.3915059, 12.1989072], [-1.3917352, 12.1988614], [-1.3921362, 12.1987853], [-1.3923857, 12.1987853], [-1.392509, 12.1988404], [-1.3927075, 12.1989571]]]}}, {"type": "Feature", "properties": {"source_id": 14, "name": "water", "osm_id": 27812436, "superficie_km2": 0.6}, "geometry": {"type": "Polygon", "coordinates": [[[-1.3551821, 12.2253557], [-1.3552505, 12.2253963], [-1.3553108, 12.2254186], [-1.3553739, 12.2254003], [-1.3554972, 12.225357], [-1.3555589, 12.2253465], [-1.3556018, 12.2253557], [-1.355626, 12.2253518], [-1.3556528, 12.2253203], [-1.3557051, 12.2253098], [-1.3557132, 12.2253256], [-1.355685, 12.2253557], [-1.3556327, 12.2254134], [-1.3555965, 12.2254435], [-1.3555187, 12.2254474], [-1.3554114, 12.2254789], [-1.3553497, 12.225513], [-1.3553309, 12.2255654], [-1.3553645, 12.2256152], [-1.3554168, 12.2256165], [-1.3554476, 12.2255851], [-1.3554946, 12.2255628], [-1.3555495, 12.2255523], [-1.3556273, 12.2255523], [-1.3557145, 12.2255589], [-1.3557856, 12.2255379], [-1.3558513, 12.2255287], [-1.3558808, 12.2255523], [-1.3558795, 12.2255903], [-1.3558473, 12.2255995], [-1.3557641, 12.2256165], [-1.3556662, 12.2256441], [-1.3556246, 12.2256808], [-1.355634, 12.2257174], [-1.3556997, 12.2257057], [-1.3557588, 12.2257122], [-1.3557708, 12.2257292], [-1.3557467, 12.2257633], [-1.3556904, 12.2258118], [-1.355681, 12.2258564], [-1.3556944, 12.2258878], [-1.3557279, 12.2259481], [-1.3557547, 12.2260045], [-1.3557547, 12.2260543], [-1.3557386, 12.226112], [-1.3557252, 12.2262326], [-1.3557225, 12.2262863], [-1.3556944, 12.2263125], [-1.3556528, 12.2263191], [-1.355634, 12.226281], [-1.3556206, 12.2262208], [-1.355567, 12.2262247], [-1.3555402, 12.2262509], [-1.3555335, 12.2263177], [-1.3555335, 12.2263715], [-1.3555965, 12.2264318], [-1.3556421, 12.2264986], [-1.3556783, 12.2265576], [-1.3556837, 12.2266218], [-1.3556595, 12.2266716], [-1.3556166, 12.2266782], [-1.3555536, 12.2266729], [-1.3555039, 12.2266782], [-1.3554771, 12.2267267], [-1.3554074, 12.226783], [-1.3553658, 12.2267922], [-1.3550976, 12.2267817], [-1.3549957, 12.2267857], [-1.3549045, 12.2268355], [-1.3548803, 12.2270294], [-1.3549152, 12.2271055], [-1.3550788, 12.2272523], [-1.3551378, 12.227365], [-1.3552156, 12.2274987], [-1.3552961, 12.2276822], [-1.3553068, 12.2277792], [-1.355288, 12.2280046], [-1.3553283, 12.2281881], [-1.355339, 12.2283165], [-1.3553417, 12.2284188], [-1.3552934, 12.2285158], [-1.3551512, 12.2287307], [-1.3550359, 12.2288723], [-1.3549876, 12.2289326], [-1.3549018, 12.2289797], [-1.3547596, 12.2289955], [-1.3546711, 12.2289745], [-1.3545746, 12.2288985], [-1.3544807, 12.2289194], [-1.3544136, 12.2290348], [-1.3544183, 12.2290633], [-1.3544324, 12.2291501], [-1.3544592, 12.2292917], [-1.3544351, 12.2294306], [-1.354478, 12.2294961], [-1.3545504, 12.2295355], [-1.3547623, 12.2295564], [-1.3548347, 12.2295512], [-1.3548401, 12.2294594], [-1.3548642, 12.2293205], [-1.3549233, 12.2292183], [-1.3549876, 12.229213], [-1.35506, 12.2292733], [-1.3551137, 12.2293729], [-1.3551056, 12.2294306], [-1.3550225, 12.2294699], [-1.3549823, 12.2295145], [-1.3549206, 12.2296377], [-1.354942, 12.2298081], [-1.3550279, 12.2298789], [-1.3552183, 12.2299313], [-1.3553685, 12.2299968], [-1.3553712, 12.2300597], [-1.3553283, 12.2301122], [-1.3552746, 12.2301724], [-1.3552585, 12.2302432], [-1.3551673, 12.230293], [-1.3549393, 12.2303376], [-1.3548777, 12.2303717], [-1.3548374, 12.2306653], [-1.3549313, 12.2307413], [-1.3551244, 12.2309405], [-1.3551727, 12.2310296], [-1.3551888, 12.2311319], [-1.3551754, 12.2312839], [-1.355111, 12.231415], [-1.3550547, 12.2315932], [-1.3550413, 12.2317033], [-1.3550627, 12.2317977], [-1.3551003, 12.2318684], [-1.3551942, 12.2319445], [-1.3553578, 12.2320152], [-1.3554892, 12.232065], [-1.3555911, 12.2321175], [-1.3556421, 12.2322381], [-1.355677, 12.2324687], [-1.3556957, 12.2327099], [-1.3557521, 12.2328226], [-1.3558808, 12.2331083], [-1.3559747, 12.233166], [-1.3561463, 12.233221], [-1.3563609, 12.2333049], [-1.3566104, 12.2334176], [-1.3568169, 12.2334465], [-1.3569644, 12.233491], [-1.3570341, 12.2336483], [-1.3572085, 12.2337007], [-1.3574123, 12.2337899], [-1.3575518, 12.2339078], [-1.3576081, 12.2340205], [-1.3576725, 12.2340651], [-1.3578442, 12.2340834], [-1.3579059, 12.2341464], [-1.3578925, 12.2342669], [-1.357863, 12.2343456], [-1.3577744, 12.2344531], [-1.3576376, 12.2345841], [-1.3575035, 12.2346549], [-1.3574016, 12.2346759], [-1.3572407, 12.234668], [-1.356959, 12.2346156], [-1.3567364, 12.2345369], [-1.3565058, 12.2345081], [-1.3563421, 12.234516], [-1.356149, 12.2346654], [-1.3560578, 12.2347152], [-1.3559988, 12.2347335], [-1.3559076, 12.2347335], [-1.3558111, 12.2347676], [-1.3556018, 12.2348253], [-1.3554677, 12.2348331], [-1.3551888, 12.23482], [-1.3549447, 12.2347912], [-1.3547489, 12.2347807], [-1.3545209, 12.2348017], [-1.3543493, 12.2348515], [-1.3542125, 12.234938], [-1.3541132, 12.2350245], [-1.354014, 12.2351503], [-1.3539577, 12.2352054], [-1.3538048, 12.2352316], [-1.3537216, 12.235284], [-1.3536653, 12.2353653], [-1.3536358, 12.2354413], [-1.35355, 12.2354256], [-1.3535124, 12.2353705], [-1.3535306, 12.2353361], [-1.35355, 12.2352997], [-1.3535795, 12.2352657], [-1.3535875, 12.2351896], [-1.3535956, 12.2350795], [-1.3536036, 12.2350193], [-1.3537109, 12.234959], [-1.3537243, 12.2348751], [-1.3537109, 12.2348095], [-1.3536975, 12.2347283], [-1.353794, 12.2345107], [-1.353794, 12.2343928], [-1.3537216, 12.234246], [-1.3536143, 12.234107], [-1.3536304, 12.2339498], [-1.3536465, 12.2337741], [-1.3537002, 12.2336352], [-1.3537699, 12.2334465], [-1.3537411, 12.2333037], [-1.3537484, 12.2331437], [-1.3537377, 12.2330271], [-1.3536921, 12.2329379], [-1.3537189, 12.2327964], [-1.3536438, 12.2327256], [-1.3535151, 12.2326863], [-1.3532871, 12.232626], [-1.3531342, 12.2325893], [-1.3530242, 12.2325972], [-1.3529438, 12.232647], [-1.3529035, 12.2326653], [-1.3528392, 12.2326208], [-1.3527587, 12.2325867], [-1.3525656, 12.2326601], [-1.352343, 12.2327256], [-1.3521525, 12.2327518], [-1.3520828, 12.2327099], [-1.3520211, 12.2325762], [-1.352005, 12.2324373], [-1.3520238, 12.2322433], [-1.3521016, 12.2321384], [-1.3523188, 12.2320362], [-1.3523, 12.2319392], [-1.3520979, 12.2318763], [-1.3520377, 12.2316359], [-1.351651, 12.2316194], [-1.3512164, 12.2317557], [-1.3509804, 12.2318396], [-1.3506505, 12.2319025], [-1.3505271, 12.2318763], [-1.3504627, 12.231795], [-1.3503635, 12.2318108], [-1.3502696, 12.2318868], [-1.3500845, 12.2320021], [-1.3499343, 12.232128], [-1.3498914, 12.2322538], [-1.3498458, 12.2324373], [-1.3496876, 12.2324845], [-1.3494676, 12.232529], [-1.3491404, 12.2325421], [-1.348958, 12.2324949], [-1.348781, 12.2323219], [-1.3486764, 12.2321882], [-1.348663, 12.2320388], [-1.3486871, 12.2319156], [-1.348789, 12.2317164], [-1.3489312, 12.2314962], [-1.3490734, 12.2313153], [-1.3491404, 12.2311712], [-1.3491136, 12.2310375], [-1.3489822, 12.230833], [-1.3487837, 12.2305394], [-1.3487408, 12.2304031], [-1.3487542, 12.2302878], [-1.3487247, 12.230141], [-1.3486603, 12.2300099], [-1.3485208, 12.2298867], [-1.3484243, 12.2298002], [-1.3482794, 12.2296665], [-1.3480836, 12.2296193], [-1.3478851, 12.229622], [-1.3477081, 12.2295486], [-1.3476464, 12.2294254], [-1.3475767, 12.2292786], [-1.3474506, 12.2292366], [-1.3472039, 12.2292366], [-1.3470724, 12.229213], [-1.3469866, 12.2291396], [-1.3466379, 12.2286023], [-1.3464743, 12.2283899], [-1.346308, 12.2283244], [-1.3462034, 12.2283008], [-1.3460907, 12.2282327], [-1.3459754, 12.2281147], [-1.3460827, 12.2280518], [-1.3551821, 12.2253557]]]}}, {"type": "Feature", "properties": {"source_id": 15, "name": "water", "osm_id": 27812436, "superficie_km2": 0.6}, "geometry": {"type": "Polygon", "coordinates": [[[-1.3551821, 12.2253557], [-1.3552505, 12.2253963], [-1.3553108, 12.2254186], [-1.3553739, 12.2254003], [-1.3554972, 12.225357], [-1.3555589, 12.2253465], [-1.3556018, 12.2253557], [-1.355626, 12.2253518], [-1.3556528, 12.2253203], [-1.3557051, 12.2253098], [-1.3557132, 12.2253256], [-1.355685, 12.2253557], [-1.3556327, 12.2254134], [-1.3555965, 12.2254435], [-1.3555187, 12.2254474], [-1.3554114, 12.2254789], [-1.3553497, 12.225513], [-1.3553309, 12.2255654], [-1.3553645, 12.2256152], [-1.3554168, 12.2256165], [-1.3554476, 12.2255851], [-1.3554946, 12.2255628], [-1.3555495, 12.2255523], [-1.3556273, 12.2255523], [-1.3557145, 12.2255589], [-1.3557856, 12.2255379], [-1.3558513, 12.2255287], [-1.3558808, 12.2255523], [-1.3558795, 12.2255903], [-1.3558473, 12.2255995], [-1.3557641, 12.2256165], [-1.3556662, 12.2256441], [-1.3556246, 12.2256808], [-1.355634, 12.2257174], [-1.3556997, 12.2257057], [-1.3557588, 12.2257122], [-1.3557708, 12.2257292], [-1.3557467, 12.2257633], [-1.3556904, 12.2258118], [-1.355681, 12.2258564], [-1.3556944, 12.2258878], [-1.3557279, 12.2259481], [-1.3557547, 12.2260045], [-1.3557547, 12.2260543], [-1.3557386, 12.226112], [-1.3557252, 12.2262326], [-1.3557225, 12.2262863], [-1.3556944, 12.2263125], [-1.3556528, 12.2263191], [-1.355634, 12.226281], [-1.3556206, 12.2262208], [-1.355567, 12.2262247], [-1.3555402, 12.2262509], [-1.3555335, 12.2263177], [-1.3555335, 12.2263715], [-1.3555965, 12.2264318], [-1.3556421, 12.2264986], [-1.3556783, 12.2265576], [-1.3556837, 12.2266218], [-1.3556595, 12.2266716], [-1.3556166, 12.2266782], [-1.3555536, 12.2266729], [-1.3555039, 12.2266782], [-1.3554771, 12.2267267], [-1.3554074, 12.226783], [-1.3553658, 12.2267922], [-1.3550976, 12.2267817], [-1.3549957, 12.2267857], [-1.3549045, 12.2268355], [-1.3548803, 12.2270294], [-1.3549152, 12.2271055], [-1.3550788, 12.2272523], [-1.3551378, 12.227365], [-1.3552156, 12.2274987], [-1.3552961, 12.2276822], [-1.3553068, 12.2277792], [-1.355288, 12.2280046], [-1.3553283, 12.2281881], [-1.355339, 12.2283165], [-1.3553417, 12.2284188], [-1.3552934, 12.2285158], [-1.3551512, 12.2287307], [-1.3550359, 12.2288723], [-1.3549876, 12.2289326], [-1.3549018, 12.2289797], [-1.3547596, 12.2289955], [-1.3546711, 12.2289745], [-1.3545746, 12.2288985], [-1.3544807, 12.2289194], [-1.3544136, 12.2290348], [-1.3544183, 12.2290633], [-1.3544324, 12.2291501], [-1.3544592, 12.2292917], [-1.3544351, 12.2294306], [-1.354478, 12.2294961], [-1.3545504, 12.2295355], [-1.3547623, 12.2295564], [-1.3548347, 12.2295512], [-1.3548401, 12.2294594], [-1.3548642, 12.2293205], [-1.3549233, 12.2292183], [-1.3549876, 12.229213], [-1.35506, 12.2292733], [-1.3551137, 12.2293729], [-1.3551056, 12.2294306], [-1.3550225, 12.2294699], [-1.3549823, 12.2295145], [-1.3549206, 12.2296377], [-1.354942, 12.2298081], [-1.3550279, 12.2298789], [-1.3552183, 12.2299313], [-1.3553685, 12.2299968], [-1.3553712, 12.2300597], [-1.3553283, 12.2301122], [-1.3552746, 12.2301724], [-1.3552585, 12.2302432], [-1.3551673, 12.230293], [-1.3549393, 12.2303376], [-1.3548777, 12.2303717], [-1.3548374, 12.2306653], [-1.3549313, 12.2307413], [-1.3551244, 12.2309405], [-1.3551727, 12.2310296], [-1.3551888, 12.2311319], [-1.3551754, 12.2312839], [-1.355111, 12.231415], [-1.3550547, 12.2315932], [-1.3550413, 12.2317033], [-1.3550627, 12.2317977], [-1.3551003, 12.2318684], [-1.3551942, 12.2319445], [-1.3553578, 12.2320152], [-1.3554892, 12.232065], [-1.3555911, 12.2321175], [-1.3556421, 12.2322381], [-1.355677, 12.2324687], [-1.3556957, 12.2327099], [-1.3557521, 12.2328226], [-1.3558808, 12.2331083], [-1.3559747, 12.233166], [-1.3561463, 12.233221], [-1.3563609, 12.2333049], [-1.3566104, 12.2334176], [-1.3568169, 12.2334465], [-1.3569644, 12.233491], [-1.3570341, 12.2336483], [-1.3572085, 12.2337007], [-1.3574123, 12.2337899], [-1.3575518, 12.2339078], [-1.3576081, 12.2340205], [-1.3576725, 12.2340651], [-1.3578442, 12.2340834], [-1.3579059, 12.2341464], [-1.3578925, 12.2342669], [-1.357863, 12.2343456], [-1.3577744, 12.2344531], [-1.3576376, 12.2345841], [-1.3575035, 12.2346549], [-1.3574016, 12.2346759], [-1.3572407, 12.234668], [-1.356959, 12.2346156], [-1.3567364, 12.2345369], [-1.3565058, 12.2345081], [-1.3563421, 12.234516], [-1.356149, 12.2346654], [-1.3560578, 12.2347152], [-1.3559988, 12.2347335], [-1.3559076, 12.2347335], [-1.3558111, 12.2347676], [-1.3556018, 12.2348253], [-1.3554677, 12.2348331], [-1.3551888, 12.23482], [-1.3549447, 12.2347912], [-1.3547489, 12.2347807], [-1.3545209, 12.2348017], [-1.3543493, 12.2348515], [-1.3542125, 12.234938], [-1.3541132, 12.2350245], [-1.354014, 12.2351503], [-1.3539577, 12.2352054], [-1.3538048, 12.2352316], [-1.3537216, 12.235284], [-1.3536653, 12.2353653], [-1.3536358, 12.2354413], [-1.35355, 12.2354256], [-1.3535124, 12.2353705], [-1.3535306, 12.2353361], [-1.35355, 12.2352997], [-1.3535795, 12.2352657], [-1.3535875, 12.2351896], [-1.3535956, 12.2350795], [-1.3536036, 12.2350193], [-1.3537109, 12.234959], [-1.3537243, 12.2348751], [-1.3537109, 12.2348095], [-1.3536975, 12.2347283], [-1.353794, 12.2345107], [-1.353794, 12.2343928], [-1.3537216, 12.234246], [-1.3536143, 12.234107], [-1.3536304, 12.2339498], [-1.3536465, 12.2337741], [-1.3537002, 12.2336352], [-1.3537699, 12.2334465], [-1.3537411, 12.2333037], [-1.3537484, 12.2331437], [-1.3537377, 12.2330271], [-1.3536921, 12.2329379], [-1.3537189, 12.2327964], [-1.3536438, 12.2327256], [-1.3535151, 12.2326863], [-1.3532871, 12.232626], [-1.3531342, 12.2325893], [-1.3530242, 12.2325972], [-1.3529438, 12.232647], [-1.3529035, 12.2326653], [-1.3528392, 12.2326208], [-1.3527587, 12.2325867], [-1.3525656, 12.2326601], [-1.352343, 12.2327256], [-1.3521525, 12.2327518], [-1.3520828, 12.2327099], [-1.3520211, 12.2325762], [-1.352005, 12.2324373], [-1.3520238, 12.2322433], [-1.3521016, 12.2321384], [-1.3523188, 12.2320362], [-1.3523, 12.2319392], [-1.3520979, 12.2318763], [-1.3520377, 12.2316359], [-1.351651, 12.2316194], [-1.3512164, 12.2317557], [-1.3509804, 12.2318396], [-1.3506505, 12.2319025], [-1.3505271, 12.2318763], [-1.3504627, 12.231795], [-1.3503635, 12.2318108], [-1.3502696, 12.2318868], [-1.3500845, 12.2320021], [-1.3499343, 12.232128], [-1.3498914, 12.2322538], [-1.3498458, 12.2324373], [-1.3496876, 12.2324845], [-1.3494676, 12.232529], [-1.3491404, 12.2325421], [-1.348958, 12.2324949], [-1.348781, 12.2323219], [-1.3486764, 12.2321882], [-1.348663, 12.2320388], [-1.3486871, 12.2319156], [-1.348789, 12.2317164], [-1.3489312, 12.2314962], [-1.3490734, 12.2313153], [-1.3491404, 12.2311712], [-1.3491136, 12.2310375], [-1.3489822, 12.230833], [-1.3487837, 12.2305394], [-1.3487408, 12.2304031], [-1.3487542, 12.2302878], [-1.3487247, 12.230141], [-1.3486603, 12.2300099], [-1.3485208, 12.2298867], [-1.3484243, 12.2298002], [-1.3482794, 12.2296665], [-1.3480836, 12.2296193], [-1.3478851, 12.229622], [-1.3477081, 12.2295486], [-1.3476464, 12.2294254], [-1.3475767, 12.2292786], [-1.3474506, 12.2292366], [-1.3472039, 12.2292366], [-1.3470724, 12.229213], [-1.3469866, 12.2291396], [-1.3466379, 12.2286023], [-1.3464743, 12.2283899], [-1.346308, 12.2283244], [-1.3462034, 12.2283008], [-1.3460907, 12.2282327], [-1.3459754, 12.2281147], [-1.3460827, 12.2280518], [-1.3551821, 12.2253557]]]}}, {"type": "Feature", "properties": {"source_id": 16, "name": "water", "osm_id": 312740003, "superficie_km2": 0.414}, "geometry": {"type": "Polygon", "coordinates": [[[-1.3685811, 12.11746], [-1.3685436, 12.1175256], [-1.3684041, 12.1176357], [-1.3683585, 12.1176541], [-1.368329, 12.1176384], [-1.3682566, 12.1176017], [-1.3682164, 12.1175571], [-1.3681922, 12.1175099], [-1.36816, 12.1174863], [-1.3681225, 12.1174836], [-1.3680372, 12.1174709], [-1.3679481, 12.1174259], [-1.3678999, 12.1173997], [-1.3678033, 12.117384], [-1.3676906, 12.1173866], [-1.3675807, 12.1173919], [-1.3672669, 12.117363], [-1.3670067, 12.1173683], [-1.3668275, 12.1173949], [-1.366739, 12.1174342], [-1.3666558, 12.1174919], [-1.3665673, 12.1175837], [-1.3664869, 12.1176414], [-1.3664166, 12.1176751], [-1.3663469, 12.1176934], [-1.3662315, 12.1177065], [-1.3660572, 12.1176856], [-1.3659075, 12.1176388], [-1.3657219, 12.1175676], [-1.3656071, 12.1174735], [-1.3654805, 12.1174338], [-1.3653866, 12.1174207], [-1.3653062, 12.1174364], [-1.3652364, 12.1174653], [-1.3649011, 12.1175676], [-1.3648368, 12.1176017], [-1.3648126, 12.1176593], [-1.364818, 12.117759], [-1.3648395, 12.1178403], [-1.3648877, 12.1179583], [-1.3649146, 12.1180239], [-1.3649414, 12.118058], [-1.364987, 12.1180973], [-1.3650111, 12.1181209], [-1.3650304, 12.1181842], [-1.3650245, 12.118231], [-1.3650111, 12.1183359], [-1.3650192, 12.1184041], [-1.3650487, 12.1185274], [-1.3650433, 12.118572], [-1.3650111, 12.1186139], [-1.3649575, 12.1186428], [-1.3649044, 12.1186589], [-1.3648421, 12.1186454], [-1.3647863, 12.1186248], [-1.3647112, 12.1185592], [-1.3646254, 12.1185042], [-1.3645444, 12.1184854], [-1.3644505, 12.1184697], [-1.3643974, 12.1184832], [-1.364303, 12.1185064], [-1.3642628, 12.1185431], [-1.3642172, 12.1185877], [-1.3641582, 12.1186192], [-1.3641072, 12.1186323], [-1.3640402, 12.1186611], [-1.3639978, 12.118714], [-1.363957, 12.1187713], [-1.3639195, 12.1188054], [-1.3638846, 12.118829], [-1.3638282, 12.1188997], [-1.3620547, 12.1156055], [-1.3620687, 12.1155247], [-1.3620902, 12.1154486], [-1.3621336, 12.1153887], [-1.3621975, 12.1153621], [-1.3622726, 12.1153621], [-1.3623289, 12.1153096], [-1.362396, 12.115231], [-1.362573, 12.1151077], [-1.3626406, 12.1150583], [-1.3627312, 12.1150579], [-1.3628015, 12.1150792], [-1.36289, 12.1151396], [-1.362941, 12.1152077], [-1.3629839, 12.1152235], [-1.3630504, 12.1151811], [-1.3631336, 12.115071], [-1.3631738, 12.1150316], [-1.363214, 12.1149005], [-1.3632355, 12.1148009], [-1.3632811, 12.1147327], [-1.3633374, 12.1146933], [-1.363383, 12.1146566], [-1.3634152, 12.1146199], [-1.3634581, 12.1145071], [-1.3634983, 12.114321], [-1.3635547, 12.1140797], [-1.3637746, 12.1137702], [-1.3638798, 12.1135871], [-1.3639039, 12.1135241], [-1.3638819, 12.1134503], [-1.3638824, 12.1133773], [-1.3641394, 12.1129363], [-1.3642869, 12.1126216], [-1.3644162, 12.112226], [-1.3646254, 12.1117749], [-1.3647295, 12.1114965], [-1.3647756, 12.1112714], [-1.3648314, 12.1111425], [-1.3648234, 12.1108829], [-1.3647912, 12.1107596], [-1.3647268, 12.1106652], [-1.3646973, 12.110555], [-1.3647188, 12.110479], [-1.3647649, 12.1104374], [-1.3648212, 12.1104374], [-1.3649205, 12.1104846], [-1.3651318, 12.1106468], [-1.3651967, 12.1107049], [-1.3653845, 12.1107967], [-1.3654998, 12.1108256], [-1.3655663, 12.1108225], [-1.3656066, 12.1107963], [-1.3657514, 12.1104606], [-1.36576, 12.1103588], [-1.3657407, 12.110243], [-1.3656414, 12.1100568], [-1.3653544, 12.1096503], [-1.3653249, 12.1095742], [-1.3653196, 12.1095008], [-1.3654134, 12.1091677], [-1.3654456, 12.1090812], [-1.3654918, 12.1090239], [-1.3655991, 12.1089662], [-1.3656929, 12.1089269], [-1.36576, 12.1089137], [-1.3658619, 12.1089137], [-1.3659799, 12.1089006], [-1.3660658, 12.1088744], [-1.3667385, 12.1085409], [-1.3670474, 12.1083683], [-1.3671601, 12.1082791], [-1.3672669, 12.1081266], [-1.3673312, 12.1079614], [-1.3673339, 12.1078879], [-1.367313, 12.1078411], [-1.367232, 12.1077988], [-1.367181, 12.1077594], [-1.3670952, 12.1076493], [-1.3670469, 12.1075313], [-1.3670474, 12.1074425], [-1.3670657, 12.1074001], [-1.3671279, 12.10739], [-1.3671762, 12.1073953], [-1.3672508, 12.1074211], [-1.3673125, 12.107408], [-1.3673607, 12.1073293], [-1.3673661, 12.1072664], [-1.367358, 12.1072139], [-1.367181, 12.1069412], [-1.3670228, 12.1068048], [-1.3668833, 12.106734], [-1.3668812, 12.1066295], [-1.3669911, 12.1066269], [-1.3671011, 12.1066033], [-1.3671708, 12.1065639], [-1.367254, 12.1065325], [-1.3673688, 12.1065032], [-1.3674417, 12.1064931], [-1.3675565, 12.1064455], [-1.3676719, 12.1063721], [-1.3678033, 12.1062462], [-1.3679594, 12.1060184], [-1.3681632, 12.1057955], [-1.3683564, 12.1055149], [-1.3684202, 12.1053991], [-1.3684926, 12.1053362], [-1.3685495, 12.105313], [-1.3685785, 12.1053309], [-1.3685844, 12.1053785], [-1.368565, 12.1054542], [-1.3685575, 12.1055149], [-1.3685844, 12.1055752], [-1.3686246, 12.1056015], [-1.3686702, 12.1055831], [-1.3687179, 12.1055224], [-1.3687877, 12.1054044], [-1.3688333, 12.1052916], [-1.3688655, 12.1051605], [-1.3689325, 12.1050425], [-1.3689867, 12.1050533], [-1.3689706, 12.1053025], [-1.3688923, 12.1055251], [-1.3686836, 12.1058664], [-1.3686053, 12.106165], [-1.3684497, 12.1065714], [-1.368498, 12.1069648], [-1.3684604, 12.1071143], [-1.3683242, 12.1074189], [-1.3682276, 12.1076235], [-1.3681793, 12.1078411], [-1.3680721, 12.1082161], [-1.3680313, 12.1084465], [-1.3680179, 12.1085357], [-1.3680366, 12.1086458], [-1.3680313, 12.1087376], [-1.3679803, 12.1087901], [-1.3678677, 12.1088766], [-1.3677904, 12.1089557], [-1.3677711, 12.1090209], [-1.3677926, 12.1090995], [-1.3678274, 12.1091494], [-1.3679213, 12.109194], [-1.3680527, 12.1092805], [-1.3678977, 12.1093124], [-1.3678221, 12.109333], [-1.3677711, 12.1093644], [-1.3676397, 12.1096241], [-1.3675592, 12.1097919], [-1.3675302, 12.1099234], [-1.3675276, 12.1100519], [-1.3675544, 12.1101752], [-1.3676155, 12.1102771], [-1.3676858, 12.1103719], [-1.3677153, 12.1104505], [-1.3677073, 12.1105266], [-1.3676751, 12.1106079], [-1.3675458, 12.1107229], [-1.3675029, 12.1107911], [-1.3673661, 12.1110087], [-1.3672486, 12.111253], [-1.3672111, 12.1113553], [-1.3672003, 12.1114287], [-1.3672111, 12.1115258], [-1.3672588, 12.1116434], [-1.3673178, 12.1117745], [-1.3673607, 12.111945], [-1.3673715, 12.1120341], [-1.36735, 12.1126714], [-1.3673559, 12.1128973], [-1.367342, 12.1130989], [-1.3673184, 12.1132933], [-1.3672803, 12.1134582], [-1.3672749, 12.1135893], [-1.3672835, 12.1137418], [-1.3672776, 12.1138909], [-1.3672862, 12.1139699], [-1.3672883, 12.114001], [-1.3672105, 12.1139905], [-1.3671247, 12.1140194], [-1.3670067, 12.1140639], [-1.3668699, 12.1141164], [-1.3668136, 12.1141662], [-1.3667765, 12.1142269], [-1.3667304, 12.1143341], [-1.3666746, 12.1144053], [-1.3665158, 12.1145307], [-1.3664246, 12.114633], [-1.366379, 12.1146907], [-1.3663554, 12.1147462], [-1.3663447, 12.1148301], [-1.3663442, 12.1148979], [-1.366371, 12.1149766], [-1.3664246, 12.1150657], [-1.3665132, 12.1152205], [-1.366548, 12.115286], [-1.3665856, 12.1154171], [-1.3666344, 12.1155539], [-1.3667009, 12.1156741], [-1.3667546, 12.1157266], [-1.366768, 12.1157843], [-1.3668141, 12.115866], [-1.3669101, 12.1159731], [-1.367004, 12.1160544], [-1.3670925, 12.1161331], [-1.3671569, 12.1162144], [-1.3672293, 12.116293], [-1.3673318, 12.1163852], [-1.3675458, 12.116592], [-1.3676397, 12.1166785], [-1.3677041, 12.1167126], [-1.3677845, 12.1167441], [-1.3678521, 12.1168101], [-1.3678918, 12.1168543], [-1.3679481, 12.1168883], [-1.3680071, 12.1168988], [-1.3680855, 12.1169255], [-1.3681493, 12.1169749], [-1.3682142, 12.117012], [-1.3682866, 12.1170435], [-1.3683639, 12.1170562], [-1.3684529, 12.1170986], [-1.3684953, 12.1171243], [-1.36852, 12.1172559], [-1.3685409, 12.1173408], [-1.3685811, 12.11746]]]}}, {"type": "Feature", "properties": {"source_id": 17, "name": "water", "osm_id": 623959602, "superficie_km2": 0.0}, "geometry": {"type": "Polygon", "coordinates": [[[-1.3687547, 12.352523], [-1.3687071, 12.3525132], [-1.3686635, 12.3524706], [-1.3686474, 12.3524379], [-1.3686769, 12.3523769], [-1.3687212, 12.3523311], [-1.3687554, 12.3523082], [-1.3687836, 12.3523016], [-1.3688333, 12.3523713], [-1.3688701, 12.3524228], [-1.3688674, 12.3524536], [-1.3688446, 12.3524844], [-1.3688117, 12.3525034], [-1.3687547, 12.352523]]]}}, {"type": "Feature", "properties": {"source_id": 18, "name": "water", "osm_id": 29969656, "superficie_km2": 1.848}, "geometry": {"type": "Polygon", "coordinates": [[[-1.3927075, 12.1989571], [-1.3927531, 12.1990252], [-1.392847, 12.1990934], [-1.3928939, 12.1991786], [-1.3928953, 12.1992481], [-1.3928671, 12.1993267], [-1.3928135, 12.1994054], [-1.3925935, 12.1995456], [-1.3925104, 12.1996177], [-1.3923709, 12.1997737], [-1.3921832, 12.1999284], [-1.392037, 12.2000516], [-1.3919511, 12.2000988], [-1.391876, 12.2001106], [-1.3917808, 12.2001211], [-1.3916668, 12.2001342], [-1.3915958, 12.2001643], [-1.3915233, 12.2002377], [-1.3914938, 12.200302], [-1.3914643, 12.2003426], [-1.3914227, 12.2003806], [-1.3913235, 12.2003806], [-1.3911331, 12.2003662], [-1.3909239, 12.2003531], [-1.390712, 12.2003413], [-1.3905551, 12.2003374], [-1.3904357, 12.2003216], [-1.3903794, 12.2003006], [-1.3902211, 12.2002535], [-1.3900226, 12.2002141], [-1.3897249, 12.2002115], [-1.3893253, 12.2002063], [-1.3892394, 12.2002036], [-1.3891965, 12.2002036], [-1.3891697, 12.2002351], [-1.3891241, 12.2003138], [-1.3890839, 12.200319], [-1.3890088, 12.200319], [-1.3888773, 12.2003609], [-1.3888344, 12.2003505], [-1.3887057, 12.2002508], [-1.3884214, 12.2000962], [-1.3883087, 12.200049], [-1.3881505, 12.2000201], [-1.3878983, 12.200007], [-1.3877562, 12.1999782], [-1.3874987, 12.1999861], [-1.3871741, 12.2000752], [-1.3869864, 12.2002141], [-1.386804, 12.2003242], [-1.3863561, 12.2004684], [-1.3858733, 12.2006493], [-1.3857445, 12.2007149], [-1.3855192, 12.2008066], [-1.3854602, 12.2008905], [-1.3853529, 12.2009692], [-1.3852081, 12.2010164], [-1.3848272, 12.2011369], [-1.3846287, 12.201213], [-1.3845482, 12.2012628], [-1.3845187, 12.2013205], [-1.3845187, 12.201407], [-1.3845, 12.2014594], [-1.3844115, 12.2014699], [-1.3842934, 12.2014699], [-1.3842022, 12.2014647], [-1.384111, 12.2014568], [-1.384044, 12.2014148], [-1.3839984, 12.2013677], [-1.3839528, 12.2013703], [-1.3837704, 12.2014279], [-1.3835102, 12.2014935], [-1.3833439, 12.2015617], [-1.3832313, 12.2016141], [-1.383065, 12.2017373], [-1.382947, 12.2018212], [-1.3827807, 12.2019497], [-1.3826573, 12.2020755], [-1.3825768, 12.2021332], [-1.3824266, 12.2022302], [-1.3822174, 12.2023665], [-1.3820323, 12.2024766], [-1.3818231, 12.2025657], [-1.3816327, 12.2026365], [-1.3813752, 12.2027283], [-1.3811713, 12.2027833], [-1.3809729, 12.2027991], [-1.380887, 12.2027781], [-1.3808093, 12.202744], [-1.3806617, 12.2027912], [-1.3805679, 12.2028462], [-1.3805142, 12.202938], [-1.3804445, 12.2030219], [-1.3803023, 12.2031635], [-1.3803238, 12.2034676], [-1.3798249, 12.203735], [-1.3793904, 12.2039027], [-1.3790309, 12.204102], [-1.3787413, 12.2041544], [-1.3783604, 12.2041387], [-1.3780224, 12.2041492], [-1.3778669, 12.2042331], [-1.3772821, 12.2045372], [-1.3769656, 12.2046263], [-1.3766545, 12.2046997], [-1.3764346, 12.2047207], [-1.3761181, 12.2046945], [-1.3758391, 12.2045844], [-1.3755333, 12.2044113], [-1.3752759, 12.2042173], [-1.3751364, 12.203929], [-1.3749701, 12.203714], [-1.3747716, 12.2035515], [-1.3743371, 12.2033942], [-1.3738704, 12.2032788], [-1.3736719, 12.2032841], [-1.3734841, 12.2033627], [-1.3729477, 12.2037009], [-1.3726473, 12.2039368], [-1.3723952, 12.2041806], [-1.3722771, 12.2043484], [-1.3722637, 12.2044402], [-1.3723227, 12.2045922], [-1.3723817, 12.2047102], [-1.3723817, 12.204857], [-1.3723335, 12.2050195], [-1.3722825, 12.205148], [-1.3720223, 12.2053132], [-1.3719955, 12.2053866], [-1.372076, 12.2054967], [-1.3722423, 12.2055491], [-1.372312, 12.205612], [-1.3723281, 12.2057641], [-1.3722932, 12.2059004], [-1.3721376, 12.2060839], [-1.3720264, 12.2061075], [-1.3719284, 12.206125], [-1.3718748, 12.206042], [-1.3718104, 12.2059109], [-1.37173, 12.2057746], [-1.3715181, 12.2054233], [-1.371451, 12.2053682], [-1.3713464, 12.2053446], [-1.371097, 12.2053787], [-1.3708663, 12.2054154], [-1.3707241, 12.2054206], [-1.3704023, 12.2053289], [-1.3700482, 12.205224], [-1.3699114, 12.2050458], [-1.3697988, 12.2049855], [-1.3696244, 12.2049828], [-1.3692167, 12.2051323], [-1.3687983, 12.2053735], [-1.3687688, 12.2053944], [-1.3687179, 12.2054416], [-1.3687165, 12.2055465], [-1.368797, 12.2056894], [-1.3688278, 12.2058034], [-1.3687782, 12.2059305], [-1.3686951, 12.2059856], [-1.3686146, 12.2060039], [-1.3684993, 12.2060013], [-1.3683665, 12.205941], [-1.3682954, 12.2059332], [-1.3682216, 12.2059358], [-1.3681653, 12.2059161], [-1.3681063, 12.205827], [-1.36805, 12.2057483], [-1.3679682, 12.2057444], [-1.367877, 12.2057693], [-1.3677697, 12.2058401], [-1.3677013, 12.2059201], [-1.3676517, 12.2059489], [-1.3675994, 12.2059292], [-1.3675511, 12.2058886], [-1.3673432, 12.2058296], [-1.3672775, 12.2058689], [-1.3672118, 12.2058571], [-1.3670897, 12.2058467], [-1.3669476, 12.2058519], [-1.3668175, 12.2058401], [-1.3666955, 12.2058349], [-1.3665533, 12.2058689], [-1.36645, 12.2058139], [-1.3663763, 12.205768], [-1.3662985, 12.2056684], [-1.3662314, 12.2055989], [-1.366041, 12.2053276], [-1.3660289, 12.2052633], [-1.3660303, 12.2052122], [-1.3660075, 12.2051506], [-1.3659485, 12.205127], [-1.3658318, 12.2051244], [-1.3657205, 12.205165], [-1.3656333, 12.2051742], [-1.3656883, 12.2050077], [-1.3659538, 12.2048649], [-1.3659538, 12.2047482], [-1.3659176, 12.2046499], [-1.3658632, 12.2044574], [-1.365711, 12.2042028], [-1.3655287, 12.2039447], [-1.3654187, 12.203769], [-1.3653034, 12.2037634], [-1.3650942, 12.2036275], [-1.3648275, 12.2036234], [-1.3642922, 12.2037507], [-1.3637895, 12.2038137], [-1.3634983, 12.203811], [-1.3631287, 12.2037755], [-1.3627005, 12.2037188], [-1.3624978, 12.2037219], [-1.362302, 12.2037586], [-1.3618916, 12.2040338], [-1.361441, 12.2042069], [-1.3611567, 12.2044113], [-1.3607919, 12.2047731], [-1.3607061, 12.2049409], [-1.3605398, 12.2050615], [-1.3604647, 12.2051611], [-1.3603091, 12.2051611], [-1.3601965, 12.2052188], [-1.3599765, 12.2051873], [-1.3596895, 12.2050694], [-1.3594991, 12.2050641], [-1.359188, 12.2050772], [-1.358842, 12.2051244], [-1.3586542, 12.2051454], [-1.3585362, 12.2051192], [-1.3581929, 12.2050431], [-1.3579059, 12.2049802], [-1.3577074, 12.2050431], [-1.3574633, 12.2050379], [-1.3573319, 12.2050641], [-1.3571844, 12.2051034], [-1.3569, 12.205169], [-1.3568088, 12.2051795], [-1.356664, 12.2051978], [-1.3565996, 12.205224], [-1.3565138, 12.2052004], [-1.3564682, 12.205148], [-1.3564253, 12.2051087], [-1.3562563, 12.2051349], [-1.35598, 12.2050615], [-1.3558728, 12.2050615], [-1.3557735, 12.2050274], [-1.355736, 12.2049855], [-1.3553658, 12.2049907], [-1.3552237, 12.2050615], [-1.3550466, 12.2051821], [-1.3549045, 12.2052974], [-1.3548374, 12.2053997], [-1.354773, 12.2054469], [-1.3547006, 12.205439], [-1.3545585, 12.2053866], [-1.3544887, 12.2053341], [-1.3544217, 12.2052791], [-1.3540703, 12.205148], [-1.3539416, 12.2051113], [-1.3538665, 12.2051428], [-1.3538772, 12.205224], [-1.3538665, 12.2053394], [-1.3538396, 12.2053761], [-1.3537806, 12.2053394], [-1.3537189, 12.2053341], [-1.3536599, 12.2053761], [-1.3536304, 12.2054154], [-1.3535231, 12.2054206], [-1.3534507, 12.2053551], [-1.3533515, 12.2052843], [-1.3531449, 12.2052843], [-1.3530216, 12.2052555], [-1.3528633, 12.2051926], [-1.3527238, 12.2051061], [-1.352689, 12.2051978], [-1.3527373, 12.2052555], [-1.3526809, 12.2053053], [-1.3525039, 12.2053184], [-1.3521835, 12.2053121], [-1.3520144, 12.2052646], [-1.3519876, 12.2052345], [-1.3519809, 12.2052122], [-1.3518669, 12.2046708], [-1.3518656, 12.2046197], [-1.3518884, 12.2044428], [-1.3518778, 12.2044014], [-1.3518642, 12.2043484], [-1.3517945, 12.2043576], [-1.3516087, 12.2029983], [-1.3517717, 12.2028646], [-1.3518939, 12.2027507], [-1.3519864, 12.2027767], [-1.3521029, 12.2028069], [-1.3523698, 12.2029773], [-1.3524382, 12.203094], [-1.3527225, 12.2030599], [-1.35281, 12.2030737], [-1.3528043, 12.2027335], [-1.3530189, 12.202761], [-1.3532321, 12.2027623], [-1.3534427, 12.202723], [-1.3536344, 12.2027191], [-1.3539697, 12.2027728], [-1.3541226, 12.2028082], [-1.3543291, 12.2028934], [-1.354423, 12.2029393], [-1.354529, 12.2028672], [-1.3545638, 12.2028685], [-1.3546202, 12.2029026], [-1.3547476, 12.2027755], [-1.3549809, 12.2028344], [-1.3551445, 12.2028947], [-1.3551284, 12.2029721], [-1.3551861, 12.2030219], [-1.3553014, 12.2030022], [-1.3554195, 12.203018], [-1.3554503, 12.2030638], [-1.3555469, 12.2031123], [-1.3556206, 12.203153], [-1.3558634, 12.2030638], [-1.3558956, 12.2029878], [-1.3559398, 12.2029695], [-1.356031, 12.2029813], [-1.3560927, 12.2029799], [-1.3561812, 12.2029131], [-1.3562536, 12.2029065], [-1.3563462, 12.2029301], [-1.3563985, 12.2029826], [-1.3564307, 12.2030245], [-1.3564146, 12.2030717], [-1.3564682, 12.2031097], [-1.3565835, 12.2030979], [-1.3566546, 12.2030232], [-1.3566559, 12.2029158], [-1.3568652, 12.2029354], [-1.3570181, 12.2029721], [-1.3572541, 12.2028803], [-1.3573855, 12.2027571], [-1.3575894, 12.2027361], [-1.3577959, 12.2027492], [-1.3579112, 12.2028567], [-1.3580509, 12.2028343], [-1.3581017, 12.2027886], [-1.3582519, 12.2027558], [-1.3584021, 12.2027715], [-1.358504, 12.2027034], [-1.3586743, 12.2027073], [-1.3588111, 12.2027506], [-1.3589224, 12.202761], [-1.3589962, 12.2027296], [-1.3589814, 12.2026418], [-1.3590391, 12.2025185], [-1.3590606, 12.2024687], [-1.3591638, 12.2024281], [-1.359259, 12.2024543], [-1.3593167, 12.2024333], [-1.3593972, 12.202335], [-1.3595474, 12.2022826], [-1.359774, 12.2021554], [-1.3599081, 12.2021096], [-1.3600342, 12.2021109], [-1.3601214, 12.2021266], [-1.3601965, 12.2021069], [-1.3602273, 12.2020716], [-1.3602246, 12.2019903], [-1.3602515, 12.2019628], [-1.3603118, 12.2019719], [-1.3603199, 12.202048], [-1.360285, 12.2021568], [-1.3603064, 12.2021987], [-1.3603507, 12.2022236], [-1.3603976, 12.2022079], [-1.3604392, 12.2020899], [-1.3604768, 12.2020021], [-1.3605197, 12.201985], [-1.3606109, 12.2020519], [-1.3606766, 12.2020494], [-1.3606873, 12.2019497], [-1.3607839, 12.2018972], [-1.3607624, 12.2017924], [-1.3606873, 12.2017321], [-1.3606337, 12.2016613], [-1.3606498, 12.2015485], [-1.3608027, 12.2014699], [-1.3610441, 12.201365], [-1.3611621, 12.20131], [-1.3611782, 12.2012077], [-1.3613069, 12.2011553], [-1.3615027, 12.2012838], [-1.3616636, 12.2011684], [-1.3617146, 12.2010635], [-1.3616636, 12.200901], [-1.3615724, 12.2007804], [-1.3616422, 12.2007568], [-1.3617763, 12.2007961], [-1.3619024, 12.2009692], [-1.3620606, 12.2009744], [-1.3621303, 12.2008879], [-1.3622028, 12.2007961], [-1.3623798, 12.2006493], [-1.362412, 12.2004868], [-1.3624683, 12.2004684], [-1.3626775, 12.2005314], [-1.3627729, 12.2006754], [-1.3629431, 12.2006913], [-1.3631388, 12.2005904], [-1.3633856, 12.2007018], [-1.36356, 12.2005418], [-1.3639891, 12.2005314], [-1.3645095, 12.2003216], [-1.364767, 12.2003583], [-1.3649981, 12.2003097], [-1.3652766, 12.2004003], [-1.3654161, 12.2003269], [-1.3657877, 12.2003842], [-1.3658881, 12.2003374], [-1.3661027, 12.2002063], [-1.3663226, 12.2002325], [-1.3665909, 12.2002954], [-1.3671219, 12.2002377], [-1.367358, 12.2003059], [-1.3676584, 12.2004789], [-1.367873, 12.2004212], [-1.3680607, 12.2002954], [-1.3681144, 12.2001067], [-1.368227, 12.2000018], [-1.3684791, 12.1999127], [-1.3686669, 12.1997344], [-1.3687527, 12.1995404], [-1.3688654, 12.1995718], [-1.3689786, 12.1995635], [-1.3689834, 12.1993936], [-1.3690639, 12.1993464], [-1.3692945, 12.1992939], [-1.3694608, 12.1991209], [-1.3697183, 12.1990842], [-1.3701314, 12.1990842], [-1.3703513, 12.1990003], [-1.3704747, 12.1989269], [-1.3705874, 12.1987434], [-1.3705927, 12.198628], [-1.3710433, 12.1983292], [-1.3713384, 12.1982505], [-1.3716817, 12.1981981], [-1.3719821, 12.1982348], [-1.3722718, 12.1983292], [-1.37254, 12.1983711], [-1.3728619, 12.1982453], [-1.3731623, 12.1980827], [-1.3733822, 12.1979307], [-1.3736612, 12.1978416], [-1.3738489, 12.1978416], [-1.3741708, 12.1978783], [-1.3744658, 12.1979359], [-1.3753295, 12.1979779], [-1.3758874, 12.1979464], [-1.3765526, 12.1977996], [-1.3767994, 12.1978153], [-1.3772124, 12.1979569], [-1.3776684, 12.198109], [-1.3783014, 12.1983082], [-1.3786125, 12.1983659], [-1.3788647, 12.1983606], [-1.3790739, 12.198303], [-1.379149, 12.1982453], [-1.379385, 12.1980408], [-1.3795191, 12.198067], [-1.3796479, 12.198088], [-1.3799483, 12.1979464], [-1.3800395, 12.1978048], [-1.3802218, 12.1977419], [-1.3805652, 12.1977052], [-1.3807422, 12.1976947], [-1.3810104, 12.1977472], [-1.3812196, 12.1979254], [-1.3813752, 12.1979517], [-1.3815898, 12.1978678], [-1.3818687, 12.1979726], [-1.3821101, 12.1981561], [-1.3824427, 12.1984131], [-1.3826573, 12.1985599], [-1.3828772, 12.1987172], [-1.3829094, 12.198885], [-1.3829416, 12.1990947], [-1.3830382, 12.1991262], [-1.3834298, 12.199058], [-1.3837248, 12.1990108], [-1.3839394, 12.1990423], [-1.384036, 12.1991314], [-1.3841432, 12.1993778], [-1.38428, 12.1997396], [-1.3844302, 12.1997658], [-1.3845375, 12.199758], [-1.3846663, 12.1997396], [-1.3849023, 12.1996767], [-1.3853234, 12.199564], [-1.3858598, 12.1994381], [-1.3859886, 12.1993647], [-1.386179, 12.19921], [-1.3863802, 12.1990423], [-1.3866109, 12.1989059], [-1.3869703, 12.1988273], [-1.3871259, 12.1987827], [-1.3873082, 12.1986595], [-1.3874772, 12.1983842], [-1.3876462, 12.1982899], [-1.3876723, 12.1982779], [-1.3880539, 12.1981037], [-1.3883758, 12.1979464], [-1.3888264, 12.1978206], [-1.389159, 12.197721], [-1.3893682, 12.197721], [-1.3895398, 12.1978416], [-1.3894916, 12.1982663], [-1.3892984, 12.1984865], [-1.3891885, 12.1986805], [-1.3892314, 12.1988037], [-1.3895398, 12.1991733], [-1.3896149, 12.1992546], [-1.3897839, 12.1993005], [-1.3899462, 12.1992874], [-1.3901715, 12.1992441], [-1.3903445, 12.199176], [-1.3904545, 12.1990881], [-1.3905832, 12.1990108], [-1.3907066, 12.1989557], [-1.3908863, 12.1988994], [-1.39107, 12.1988732], [-1.3912565, 12.1988941], [-1.3915059, 12.1989072], [-1.3917352, 12.1988614], [-1.3921362, 12.1987853], [-1.3923857, 12.1987853], [-1.392509, 12.1988404], [-1.3927075, 12.1989571]]]}}, {"type": "Feature", "properties": {"source_id": 19, "name": "water", "osm_id": 29969656, "superficie_km2": 1.848}, "geometry": {"type": "Polygon", "coordinates": [[[-1.3927075, 12.1989571], [-1.3927531, 12.1990252], [-1.392847, 12.1990934], [-1.3928939, 12.1991786], [-1.3928953, 12.1992481], [-1.3928671, 12.1993267], [-1.3928135, 12.1994054], [-1.3925935, 12.1995456], [-1.3925104, 12.1996177], [-1.3923709, 12.1997737], [-1.3921832, 12.1999284], [-1.392037, 12.2000516], [-1.3919511, 12.2000988], [-1.391876, 12.2001106], [-1.3917808, 12.2001211], [-1.3916668, 12.2001342], [-1.3915958, 12.2001643], [-1.3915233, 12.2002377], [-1.3914938, 12.200302], [-1.3914643, 12.2003426], [-1.3914227, 12.2003806], [-1.3913235, 12.2003806], [-1.3911331, 12.2003662], [-1.3909239, 12.2003531], [-1.390712, 12.2003413], [-1.3905551, 12.2003374], [-1.3904357, 12.2003216], [-1.3903794, 12.2003006], [-1.3902211, 12.2002535], [-1.3900226, 12.2002141], [-1.3897249, 12.2002115], [-1.3893253, 12.2002063], [-1.3892394, 12.2002036], [-1.3891965, 12.2002036], [-1.3891697, 12.2002351], [-1.3891241, 12.2003138], [-1.3890839, 12.200319], [-1.3890088, 12.200319], [-1.3888773, 12.2003609], [-1.3888344, 12.2003505], [-1.3887057, 12.2002508], [-1.3884214, 12.2000962], [-1.3883087, 12.200049], [-1.3881505, 12.2000201], [-1.3878983, 12.200007], [-1.3877562, 12.1999782], [-1.3874987, 12.1999861], [-1.3871741, 12.2000752], [-1.3869864, 12.2002141], [-1.386804, 12.2003242], [-1.3863561, 12.2004684], [-1.3858733, 12.2006493], [-1.3857445, 12.2007149], [-1.3855192, 12.2008066], [-1.3854602, 12.2008905], [-1.3853529, 12.2009692], [-1.3852081, 12.2010164], [-1.3848272, 12.2011369], [-1.3846287, 12.201213], [-1.3845482, 12.2012628], [-1.3845187, 12.2013205], [-1.3845187, 12.201407], [-1.3845, 12.2014594], [-1.3844115, 12.2014699], [-1.3842934, 12.2014699], [-1.3842022, 12.2014647], [-1.384111, 12.2014568], [-1.384044, 12.2014148], [-1.3839984, 12.2013677], [-1.3839528, 12.2013703], [-1.3837704, 12.2014279], [-1.3835102, 12.2014935], [-1.3833439, 12.2015617], [-1.3832313, 12.2016141], [-1.383065, 12.2017373], [-1.382947, 12.2018212], [-1.3827807, 12.2019497], [-1.3826573, 12.2020755], [-1.3825768, 12.2021332], [-1.3824266, 12.2022302], [-1.3822174, 12.2023665], [-1.3820323, 12.2024766], [-1.3818231, 12.2025657], [-1.3816327, 12.2026365], [-1.3813752, 12.2027283], [-1.3811713, 12.2027833], [-1.3809729, 12.2027991], [-1.380887, 12.2027781], [-1.3808093, 12.202744], [-1.3806617, 12.2027912], [-1.3805679, 12.2028462], [-1.3805142, 12.202938], [-1.3804445, 12.2030219], [-1.3803023, 12.2031635], [-1.3803238, 12.2034676], [-1.3798249, 12.203735], [-1.3793904, 12.2039027], [-1.3790309, 12.204102], [-1.3787413, 12.2041544], [-1.3783604, 12.2041387], [-1.3780224, 12.2041492], [-1.3778669, 12.2042331], [-1.3772821, 12.2045372], [-1.3769656, 12.2046263], [-1.3766545, 12.2046997], [-1.3764346, 12.2047207], [-1.3761181, 12.2046945], [-1.3758391, 12.2045844], [-1.3755333, 12.2044113], [-1.3752759, 12.2042173], [-1.3751364, 12.203929], [-1.3749701, 12.203714], [-1.3747716, 12.2035515], [-1.3743371, 12.2033942], [-1.3738704, 12.2032788], [-1.3736719, 12.2032841], [-1.3734841, 12.2033627], [-1.3729477, 12.2037009], [-1.3726473, 12.2039368], [-1.3723952, 12.2041806], [-1.3722771, 12.2043484], [-1.3722637, 12.2044402], [-1.3723227, 12.2045922], [-1.3723817, 12.2047102], [-1.3723817, 12.204857], [-1.3723335, 12.2050195], [-1.3722825, 12.205148], [-1.3720223, 12.2053132], [-1.3719955, 12.2053866], [-1.372076, 12.2054967], [-1.3722423, 12.2055491], [-1.372312, 12.205612], [-1.3723281, 12.2057641], [-1.3722932, 12.2059004], [-1.3721376, 12.2060839], [-1.3720264, 12.2061075], [-1.3719284, 12.206125], [-1.3718748, 12.206042], [-1.3718104, 12.2059109], [-1.37173, 12.2057746], [-1.3715181, 12.2054233], [-1.371451, 12.2053682], [-1.3713464, 12.2053446], [-1.371097, 12.2053787], [-1.3708663, 12.2054154], [-1.3707241, 12.2054206], [-1.3704023, 12.2053289], [-1.3700482, 12.205224], [-1.3699114, 12.2050458], [-1.3697988, 12.2049855], [-1.3696244, 12.2049828], [-1.3692167, 12.2051323], [-1.3687983, 12.2053735], [-1.3687688, 12.2053944], [-1.3687179, 12.2054416], [-1.3687165, 12.2055465], [-1.368797, 12.2056894], [-1.3688278, 12.2058034], [-1.3687782, 12.2059305], [-1.3686951, 12.2059856], [-1.3686146, 12.2060039], [-1.3684993, 12.2060013], [-1.3683665, 12.205941], [-1.3682954, 12.2059332], [-1.3682216, 12.2059358], [-1.3681653, 12.2059161], [-1.3681063, 12.205827], [-1.36805, 12.2057483], [-1.3679682, 12.2057444], [-1.367877, 12.2057693], [-1.3677697, 12.2058401], [-1.3677013, 12.2059201], [-1.3676517, 12.2059489], [-1.3675994, 12.2059292], [-1.3675511, 12.2058886], [-1.3673432, 12.2058296], [-1.3672775, 12.2058689], [-1.3672118, 12.2058571], [-1.3670897, 12.2058467], [-1.3669476, 12.2058519], [-1.3668175, 12.2058401], [-1.3666955, 12.2058349], [-1.3665533, 12.2058689], [-1.36645, 12.2058139], [-1.3663763, 12.205768], [-1.3662985, 12.2056684], [-1.3662314, 12.2055989], [-1.366041, 12.2053276], [-1.3660289, 12.2052633], [-1.3660303, 12.2052122], [-1.3660075, 12.2051506], [-1.3659485, 12.205127], [-1.3658318, 12.2051244], [-1.3657205, 12.205165], [-1.3656333, 12.2051742], [-1.3656883, 12.2050077], [-1.3659538, 12.2048649], [-1.3659538, 12.2047482], [-1.3659176, 12.2046499], [-1.3658632, 12.2044574], [-1.365711, 12.2042028], [-1.3655287, 12.2039447], [-1.3654187, 12.203769], [-1.3653034, 12.2037634], [-1.3650942, 12.2036275], [-1.3648275, 12.2036234], [-1.3642922, 12.2037507], [-1.3637895, 12.2038137], [-1.3634983, 12.203811], [-1.3631287, 12.2037755], [-1.3627005, 12.2037188], [-1.3624978, 12.2037219], [-1.362302, 12.2037586], [-1.3618916, 12.2040338], [-1.361441, 12.2042069], [-1.3611567, 12.2044113], [-1.3607919, 12.2047731], [-1.3607061, 12.2049409], [-1.3605398, 12.2050615], [-1.3604647, 12.2051611], [-1.3603091, 12.2051611], [-1.3601965, 12.2052188], [-1.3599765, 12.2051873], [-1.3596895, 12.2050694], [-1.3594991, 12.2050641], [-1.359188, 12.2050772], [-1.358842, 12.2051244], [-1.3586542, 12.2051454], [-1.3585362, 12.2051192], [-1.3581929, 12.2050431], [-1.3579059, 12.2049802], [-1.3577074, 12.2050431], [-1.3574633, 12.2050379], [-1.3573319, 12.2050641], [-1.3571844, 12.2051034], [-1.3569, 12.205169], [-1.3568088, 12.2051795], [-1.356664, 12.2051978], [-1.3565996, 12.205224], [-1.3565138, 12.2052004], [-1.3564682, 12.205148], [-1.3564253, 12.2051087], [-1.3562563, 12.2051349], [-1.35598, 12.2050615], [-1.3558728, 12.2050615], [-1.3557735, 12.2050274], [-1.355736, 12.2049855], [-1.3553658, 12.2049907], [-1.3552237, 12.2050615], [-1.3550466, 12.2051821], [-1.3549045, 12.2052974], [-1.3548374, 12.2053997], [-1.354773, 12.2054469], [-1.3547006, 12.205439], [-1.3545585, 12.2053866], [-1.3544887, 12.2053341], [-1.3544217, 12.2052791], [-1.3540703, 12.205148], [-1.3539416, 12.2051113], [-1.3538665, 12.2051428], [-1.3538772, 12.205224], [-1.3538665, 12.2053394], [-1.3538396, 12.2053761], [-1.3537806, 12.2053394], [-1.3537189, 12.2053341], [-1.3536599, 12.2053761], [-1.3536304, 12.2054154], [-1.3535231, 12.2054206], [-1.3534507, 12.2053551], [-1.3533515, 12.2052843], [-1.3531449, 12.2052843], [-1.3530216, 12.2052555], [-1.3528633, 12.2051926], [-1.3527238, 12.2051061], [-1.352689, 12.2051978], [-1.3527373, 12.2052555], [-1.3526809, 12.2053053], [-1.3525039, 12.2053184], [-1.3521835, 12.2053121], [-1.3520144, 12.2052646], [-1.3519876, 12.2052345], [-1.3519809, 12.2052122], [-1.3518669, 12.2046708], [-1.3518656, 12.2046197], [-1.3518884, 12.2044428], [-1.3518778, 12.2044014], [-1.3518642, 12.2043484], [-1.3517945, 12.2043576], [-1.3516087, 12.2029983], [-1.3517717, 12.2028646], [-1.3518939, 12.2027507], [-1.3519864, 12.2027767], [-1.3521029, 12.2028069], [-1.3523698, 12.2029773], [-1.3524382, 12.203094], [-1.3527225, 12.2030599], [-1.35281, 12.2030737], [-1.3528043, 12.2027335], [-1.3530189, 12.202761], [-1.3532321, 12.2027623], [-1.3534427, 12.202723], [-1.3536344, 12.2027191], [-1.3539697, 12.2027728], [-1.3541226, 12.2028082], [-1.3543291, 12.2028934], [-1.354423, 12.2029393], [-1.354529, 12.2028672], [-1.3545638, 12.2028685], [-1.3546202, 12.2029026], [-1.3547476, 12.2027755], [-1.3549809, 12.2028344], [-1.3551445, 12.2028947], [-1.3551284, 12.2029721], [-1.3551861, 12.2030219], [-1.3553014, 12.2030022], [-1.3554195, 12.203018], [-1.3554503, 12.2030638], [-1.3555469, 12.2031123], [-1.3556206, 12.203153], [-1.3558634, 12.2030638], [-1.3558956, 12.2029878], [-1.3559398, 12.2029695], [-1.356031, 12.2029813], [-1.3560927, 12.2029799], [-1.3561812, 12.2029131], [-1.3562536, 12.2029065], [-1.3563462, 12.2029301], [-1.3563985, 12.2029826], [-1.3564307, 12.2030245], [-1.3564146, 12.2030717], [-1.3564682, 12.2031097], [-1.3565835, 12.2030979], [-1.3566546, 12.2030232], [-1.3566559, 12.2029158], [-1.3568652, 12.2029354], [-1.3570181, 12.2029721], [-1.3572541, 12.2028803], [-1.3573855, 12.2027571], [-1.3575894, 12.2027361], [-1.3577959, 12.2027492], [-1.3579112, 12.2028567], [-1.3580509, 12.2028343], [-1.3581017, 12.2027886], [-1.3582519, 12.2027558], [-1.3584021, 12.2027715], [-1.358504, 12.2027034], [-1.3586743, 12.2027073], [-1.3588111, 12.2027506], [-1.3589224, 12.202761], [-1.3589962, 12.2027296], [-1.3589814, 12.2026418], [-1.3590391, 12.2025185], [-1.3590606, 12.2024687], [-1.3591638, 12.2024281], [-1.359259, 12.2024543], [-1.3593167, 12.2024333], [-1.3593972, 12.202335], [-1.3595474, 12.2022826], [-1.359774, 12.2021554], [-1.3599081, 12.2021096], [-1.3600342, 12.2021109], [-1.3601214, 12.2021266], [-1.3601965, 12.2021069], [-1.3602273, 12.2020716], [-1.3602246, 12.2019903], [-1.3602515, 12.2019628], [-1.3603118, 12.2019719], [-1.3603199, 12.202048], [-1.360285, 12.2021568], [-1.3603064, 12.2021987], [-1.3603507, 12.2022236], [-1.3603976, 12.2022079], [-1.3604392, 12.2020899], [-1.3604768, 12.2020021], [-1.3605197, 12.201985], [-1.3606109, 12.2020519], [-1.3606766, 12.2020494], [-1.3606873, 12.2019497], [-1.3607839, 12.2018972], [-1.3607624, 12.2017924], [-1.3606873, 12.2017321], [-1.3606337, 12.2016613], [-1.3606498, 12.2015485], [-1.3608027, 12.2014699], [-1.3610441, 12.201365], [-1.3611621, 12.20131], [-1.3611782, 12.2012077], [-1.3613069, 12.2011553], [-1.3615027, 12.2012838], [-1.3616636, 12.2011684], [-1.3617146, 12.2010635], [-1.3616636, 12.200901], [-1.3615724, 12.2007804], [-1.3616422, 12.2007568], [-1.3617763, 12.2007961], [-1.3619024, 12.2009692], [-1.3620606, 12.2009744], [-1.3621303, 12.2008879], [-1.3622028, 12.2007961], [-1.3623798, 12.2006493], [-1.362412, 12.2004868], [-1.3624683, 12.2004684], [-1.3626775, 12.2005314], [-1.3627729, 12.2006754], [-1.3629431, 12.2006913], [-1.3631388, 12.2005904], [-1.3633856, 12.2007018], [-1.36356, 12.2005418], [-1.3639891, 12.2005314], [-1.3645095, 12.2003216], [-1.364767, 12.2003583], [-1.3649981, 12.2003097], [-1.3652766, 12.2004003], [-1.3654161, 12.2003269], [-1.3657877, 12.2003842], [-1.3658881, 12.2003374], [-1.3661027, 12.2002063], [-1.3663226, 12.2002325], [-1.3665909, 12.2002954], [-1.3671219, 12.2002377], [-1.367358, 12.2003059], [-1.3676584, 12.2004789], [-1.367873, 12.2004212], [-1.3680607, 12.2002954], [-1.3681144, 12.2001067], [-1.368227, 12.2000018], [-1.3684791, 12.1999127], [-1.3686669, 12.1997344], [-1.3687527, 12.1995404], [-1.3688654, 12.1995718], [-1.3689786, 12.1995635], [-1.3689834, 12.1993936], [-1.3690639, 12.1993464], [-1.3692945, 12.1992939], [-1.3694608, 12.1991209], [-1.3697183, 12.1990842], [-1.3701314, 12.1990842], [-1.3703513, 12.1990003], [-1.3704747, 12.1989269], [-1.3705874, 12.1987434], [-1.3705927, 12.198628], [-1.3710433, 12.1983292], [-1.3713384, 12.1982505], [-1.3716817, 12.1981981], [-1.3719821, 12.1982348], [-1.3722718, 12.1983292], [-1.37254, 12.1983711], [-1.3728619, 12.1982453], [-1.3731623, 12.1980827], [-1.3733822, 12.1979307], [-1.3736612, 12.1978416], [-1.3738489, 12.1978416], [-1.3741708, 12.1978783], [-1.3744658, 12.1979359], [-1.3753295, 12.1979779], [-1.3758874, 12.1979464], [-1.3765526, 12.1977996], [-1.3767994, 12.1978153], [-1.3772124, 12.1979569], [-1.3776684, 12.198109], [-1.3783014, 12.1983082], [-1.3786125, 12.1983659], [-1.3788647, 12.1983606], [-1.3790739, 12.198303], [-1.379149, 12.1982453], [-1.379385, 12.1980408], [-1.3795191, 12.198067], [-1.3796479, 12.198088], [-1.3799483, 12.1979464], [-1.3800395, 12.1978048], [-1.3802218, 12.1977419], [-1.3805652, 12.1977052], [-1.3807422, 12.1976947], [-1.3810104, 12.1977472], [-1.3812196, 12.1979254], [-1.3813752, 12.1979517], [-1.3815898, 12.1978678], [-1.3818687, 12.1979726], [-1.3821101, 12.1981561], [-1.3824427, 12.1984131], [-1.3826573, 12.1985599], [-1.3828772, 12.1987172], [-1.3829094, 12.198885], [-1.3829416, 12.1990947], [-1.3830382, 12.1991262], [-1.3834298, 12.199058], [-1.3837248, 12.1990108], [-1.3839394, 12.1990423], [-1.384036, 12.1991314], [-1.3841432, 12.1993778], [-1.38428, 12.1997396], [-1.3844302, 12.1997658], [-1.3845375, 12.199758], [-1.3846663, 12.1997396], [-1.3849023, 12.1996767], [-1.3853234, 12.199564], [-1.3858598, 12.1994381], [-1.3859886, 12.1993647], [-1.386179, 12.19921], [-1.3863802, 12.1990423], [-1.3866109, 12.1989059], [-1.3869703, 12.1988273], [-1.3871259, 12.1987827], [-1.3873082, 12.1986595], [-1.3874772, 12.1983842], [-1.3876462, 12.1982899], [-1.3876723, 12.1982779], [-1.3880539, 12.1981037], [-1.3883758, 12.1979464], [-1.3888264, 12.1978206], [-1.389159, 12.197721], [-1.3893682, 12.197721], [-1.3895398, 12.1978416], [-1.3894916, 12.1982663], [-1.3892984, 12.1984865], [-1.3891885, 12.1986805], [-1.3892314, 12.1988037], [-1.3895398, 12.1991733], [-1.3896149, 12.1992546], [-1.3897839, 12.1993005], [-1.3899462, 12.1992874], [-1.3901715, 12.1992441], [-1.3903445, 12.199176], [-1.3904545, 12.1990881], [-1.3905832, 12.1990108], [-1.3907066, 12.1989557], [-1.3908863, 12.1988994], [-1.39107, 12.1988732], [-1.3912565, 12.1988941], [-1.3915059, 12.1989072], [-1.3917352, 12.1988614], [-1.3921362, 12.1987853], [-1.3923857, 12.1987853], [-1.392509, 12.1988404], [-1.3927075, 12.1989571]]]}}, {"type": "Feature", "properties": {"source_id": 20, "name": "water", "osm_id": 1380607913, "superficie_km2": 0.325}, "geometry": {"type": "Polygon", "coordinates": [[[-1.3858974, 12.5637463], [-1.385597, 12.5637947], [-1.3854951, 12.5637855], [-1.3854562, 12.5637607], [-1.3853838, 12.5636245], [-1.3850981, 12.5633313], [-1.3850901, 12.5631716], [-1.3851303, 12.5631193], [-1.3852188, 12.5631036], [-1.3851973, 12.5630538], [-1.3850471, 12.5628548], [-1.3850257, 12.5626611], [-1.384854, 12.5623758], [-1.3843927, 12.5620485], [-1.3839582, 12.5616846], [-1.382829, 12.5611296], [-1.3823998, 12.5609411], [-1.3819492, 12.560873], [-1.3808012, 12.5610353], [-1.3802755, 12.560983], [-1.3790202, 12.560606], [-1.3782156, 12.5601609], [-1.3777596, 12.5599122], [-1.3776952, 12.5597787], [-1.3778991, 12.5596975], [-1.3782665, 12.5596661], [-1.3787654, 12.559708], [-1.3800126, 12.5594776], [-1.3802862, 12.5593807], [-1.3805062, 12.5592315], [-1.3807261, 12.5589645], [-1.3807851, 12.5588388], [-1.3808817, 12.5584356], [-1.3812169, 12.558022], [-1.3815522, 12.5578518], [-1.3818473, 12.5578466], [-1.382255, 12.5579304], [-1.3827592, 12.5581215], [-1.3830945, 12.5581607], [-1.3842505, 12.558056], [-1.3846368, 12.5579932], [-1.3847575, 12.558077], [-1.384854, 12.5582], [-1.384854, 12.5583676], [-1.3846931, 12.5590875], [-1.3847038, 12.559297], [-1.3847923, 12.5593938], [-1.3848808, 12.5594279], [-1.3856748, 12.5593336], [-1.3858706, 12.5592813], [-1.386061, 12.5591661], [-1.3863346, 12.5590797], [-1.3868442, 12.5590535], [-1.3870293, 12.5590797], [-1.3872546, 12.5592891], [-1.3872117, 12.5594253], [-1.3872546, 12.5596059], [-1.3874906, 12.5597918], [-1.3878903, 12.5600693], [-1.3879949, 12.5602473], [-1.3881773, 12.5606034], [-1.3879332, 12.5610406], [-1.3878367, 12.5613091], [-1.3858974, 12.5637463]]]}}, {"type": "Feature", "properties": {"source_id": 21, "name": "water", "osm_id": 27812435, "superficie_km2": 0.224}, "geometry": {"type": "Polygon", "coordinates": [[[-1.3979043, 12.2352873], [-1.3969284, 12.2360401], [-1.3957304, 12.2369642], [-1.3956808, 12.237035], [-1.3955788, 12.2375454], [-1.3956445, 12.2376563], [-1.3957921, 12.2377218], [-1.3958243, 12.2377637], [-1.395717, 12.2380835], [-1.3957492, 12.2381228], [-1.395894, 12.2381831], [-1.3958618, 12.2382644], [-1.3958752, 12.238364], [-1.3957062, 12.2384086], [-1.3956928, 12.2384741], [-1.3956901, 12.2385501], [-1.3957465, 12.2385999], [-1.3959959, 12.2387336], [-1.3961113, 12.2388411], [-1.3961783, 12.2390036], [-1.39624, 12.2390114], [-1.3963473, 12.2391975], [-1.3966128, 12.2392395], [-1.3967335, 12.2392657], [-1.396763, 12.2393286], [-1.3967872, 12.2394282], [-1.3966772, 12.2394597], [-1.3965672, 12.2395121], [-1.3965431, 12.2395986], [-1.3965726, 12.2397166], [-1.396637, 12.2397716], [-1.3967013, 12.2397742], [-1.3967389, 12.2397139], [-1.3968113, 12.2396458], [-1.3968623, 12.2395829], [-1.3969588, 12.2394885], [-1.3970688, 12.2394413], [-1.3972753, 12.2394649], [-1.3974041, 12.23952], [-1.3974926, 12.2396117], [-1.3975167, 12.2396799], [-1.3974953, 12.2397873], [-1.3974309, 12.2399813], [-1.3974229, 12.2400783], [-1.3974014, 12.2401962], [-1.3974014, 12.2402775], [-1.3979834, 12.2404295], [-1.3984582, 12.2403221], [-1.3993004, 12.2400259], [-1.3995472, 12.2399708], [-1.3996437, 12.2399996], [-1.3997403, 12.2400835], [-1.3998449, 12.2401884], [-1.4000702, 12.2402932], [-1.4002767, 12.2403692], [-1.4004323, 12.2403981], [-1.4007595, 12.24044], [-1.4010385, 12.2404426], [-1.4013174, 12.2404741], [-1.4016071, 12.2404898], [-1.4018405, 12.2404898], [-1.4019907, 12.2404898], [-1.4020765, 12.2404662], [-1.4021085, 12.2404447], [-1.4021543, 12.2404138], [-1.4021757, 12.2403404], [-1.4021891, 12.2402434], [-1.4021784, 12.2401648], [-1.4020953, 12.2400521], [-1.4019236, 12.239963], [-1.4016634, 12.2398791], [-1.4017425, 12.2396353], [-1.4016084, 12.2394951], [-1.4016205, 12.2394177], [-1.4014354, 12.2394177], [-1.4011645, 12.239284], [-1.4011324, 12.2393457], [-1.4010868, 12.2393837], [-1.4009982, 12.2392474], [-1.4008909, 12.2391006], [-1.4008909, 12.2390455], [-1.4008561, 12.2389485], [-1.400899, 12.238786], [-1.4009446, 12.2386838], [-1.4009821, 12.2385658], [-1.4009553, 12.238461], [-1.4008346, 12.2383614], [-1.400663, 12.2383168], [-1.4002043, 12.2382827], [-1.4000595, 12.2382067], [-1.4000112, 12.2381359], [-1.399987, 12.2380416], [-1.3999093, 12.2379525], [-1.3996464, 12.2378345], [-1.3995284, 12.2377663], [-1.3995445, 12.2376772], [-1.3995713, 12.2375986], [-1.3995042, 12.2374466], [-1.3994989, 12.2373967], [-1.3995418, 12.2373705], [-1.3995954, 12.2373496], [-1.3996062, 12.2372762], [-1.3995713, 12.2372316], [-1.3995445, 12.2372002], [-1.3994882, 12.2372133], [-1.3993594, 12.2369223], [-1.399287, 12.2369354], [-1.3992333, 12.2368437], [-1.3992065, 12.2367991], [-1.3990912, 12.2367362], [-1.3990617, 12.2367047], [-1.3990107, 12.2367414], [-1.3988873, 12.2366654], [-1.3988927, 12.2366182], [-1.3990107, 12.2365868], [-1.3990241, 12.2365291], [-1.3992092, 12.2364269], [-1.3992816, 12.2363692], [-1.3992307, 12.2363168], [-1.3991287, 12.2360992], [-1.3990697, 12.2360468], [-1.3990349, 12.2358083], [-1.3989732, 12.2357401], [-1.3987559, 12.2352001], [-1.3986647, 12.2349983], [-1.398595, 12.2350009], [-1.3984045, 12.2351477], [-1.3982919, 12.2352866], [-1.3982463, 12.2354046], [-1.3981417, 12.2354229], [-1.3980827, 12.2353836], [-1.3980183, 12.2353102], [-1.3979861, 12.2352604], [-1.3979043, 12.2352873]]]}}, {"type": "Feature", "properties": {"source_id": 22, "name": "water", "osm_id": 1074228088, "superficie_km2": 0.066}, "geometry": {"type": "Polygon", "coordinates": [[[-1.3958378, 12.4855845], [-1.3955809, 12.4854295], [-1.3953754, 12.485393], [-1.3951559, 12.4853793], [-1.3949662, 12.4853665], [-1.394944, 12.4854729], [-1.3949091, 12.4856408], [-1.3948527, 12.4859114], [-1.3949645, 12.4861317], [-1.3951559, 12.4862684], [-1.3954175, 12.4863824], [-1.3956556, 12.4864873], [-1.3959171, 12.4866697], [-1.3960386, 12.4867973], [-1.3962627, 12.4869797], [-1.3965149, 12.4871758], [-1.3967764, 12.4875725], [-1.397178, 12.4881105], [-1.3974489, 12.4882701], [-1.3975843, 12.4884753], [-1.3976497, 12.4886622], [-1.3977338, 12.4887853], [-1.3979467, 12.4890937], [-1.3979548, 12.4892327], [-1.3979467, 12.4893438], [-1.3978044, 12.4894232], [-1.3976702, 12.4895264], [-1.3975076, 12.489705], [-1.3974588, 12.4898995], [-1.3974751, 12.4900464], [-1.3976458, 12.4903282], [-1.3980036, 12.490614], [-1.398337, 12.4907569], [-1.3985931, 12.4908124], [-1.3986988, 12.4909434], [-1.3988248, 12.4910546], [-1.3988939, 12.4910704], [-1.3991501, 12.4909871], [-1.3992679, 12.4908442], [-1.3992029, 12.4905743], [-1.3987964, 12.490348], [-1.3986053, 12.4902329], [-1.398585, 12.4900345], [-1.3986622, 12.4898598], [-1.3987191, 12.4896336], [-1.3987476, 12.4894232], [-1.3988655, 12.4892684], [-1.3989224, 12.4891453], [-1.3988858, 12.4888794], [-1.3988126, 12.4887643], [-1.3987272, 12.4887365], [-1.3986134, 12.4887008], [-1.3984264, 12.4887762], [-1.3980564, 12.4887722], [-1.3979182, 12.4886214], [-1.3978084, 12.4882324], [-1.3978084, 12.4879982], [-1.3978084, 12.4875656], [-1.3977556, 12.4869503], [-1.3977068, 12.4869067], [-1.397654, 12.4868789], [-1.3975035, 12.486867], [-1.3972881, 12.4869106], [-1.3970482, 12.4869305], [-1.396788, 12.4868313], [-1.3964546, 12.4866169], [-1.396353, 12.4863946], [-1.3964628, 12.4862795], [-1.3965969, 12.4862716], [-1.3967189, 12.4861724], [-1.3966904, 12.4860771], [-1.3966498, 12.4859461], [-1.3965603, 12.4858588], [-1.3963855, 12.4857953], [-1.3962229, 12.4857794], [-1.396044, 12.4857437], [-1.395979, 12.4856921], [-1.3958378, 12.4855845]]]}}, {"type": "Feature", "properties": {"source_id": 23, "name": "water", "osm_id": 623176473, "superficie_km2": 0.0}, "geometry": {"type": "Polygon", "coordinates": [[[-1.4066711, 12.3391765], [-1.4068508, 12.3391699], [-1.4068763, 12.3391568], [-1.4068763, 12.3391083], [-1.4068723, 12.3390756], [-1.4068361, 12.3390638], [-1.4066912, 12.3390664], [-1.4066617, 12.3391018], [-1.406659, 12.339162], [-1.4066711, 12.3391765]]]}}, {"type": "Feature", "properties": {"source_id": 24, "name": "reservoir", "osm_id": 312738904, "superficie_km2": 0.969}, "geometry": {"type": "Polygon", "coordinates": [[[-1.4242428, 12.1954638], [-1.4237648, 12.1952106], [-1.423281, 12.1948577], [-1.4229896, 12.1948095], [-1.4217022, 12.1937188], [-1.4214769, 12.1934319], [-1.420911, 12.1930989], [-1.4199856, 12.1925693], [-1.4194867, 12.192336], [-1.4191701, 12.1922192], [-1.4191513, 12.1922113], [-1.4189261, 12.1921944], [-1.4187035, 12.1921499], [-1.4185452, 12.1922049], [-1.4183924, 12.1922049], [-1.4181644, 12.1921577], [-1.4180008, 12.1921315], [-1.417923, 12.1921053], [-1.4178532, 12.1919978], [-1.417754, 12.1919375], [-1.4173758, 12.1919323], [-1.4169842, 12.1918195], [-1.4166757, 12.1917776], [-1.4165229, 12.191775], [-1.4164102, 12.1917514], [-1.4162412, 12.1916046], [-1.4159301, 12.1914866], [-1.4155385, 12.1913529], [-1.4153588, 12.1912559], [-1.4150423, 12.1911615], [-1.414876, 12.1910147], [-1.4147499, 12.1909386], [-1.4145595, 12.1909544], [-1.4142644, 12.1909806], [-1.4139587, 12.1909885], [-1.4137602, 12.1910409], [-1.4134517, 12.1911746], [-1.4132908, 12.1912742], [-1.413146, 12.1913948], [-1.4130092, 12.19156], [-1.4128241, 12.1917278], [-1.4125747, 12.1919795], [-1.4123815, 12.1921027], [-1.4121562, 12.1921813], [-1.4118639, 12.1922783], [-1.4116439, 12.1923124], [-1.4115447, 12.1922783], [-1.4114991, 12.1922128], [-1.4114508, 12.1920896], [-1.4113864, 12.1920083], [-1.4112711, 12.1919506], [-1.4111236, 12.1919218], [-1.4109868, 12.1919297], [-1.4109224, 12.1920267], [-1.4108044, 12.1920188], [-1.4105737, 12.1919506], [-1.4104477, 12.191948], [-1.4102894, 12.19199], [-1.4101741, 12.1920162], [-1.4100829, 12.1920502], [-1.4099702, 12.1921997], [-1.4099729, 12.1923229], [-1.4098683, 12.1924173], [-1.4097074, 12.1925222], [-1.409525, 12.1925877], [-1.4094552, 12.1926008], [-1.4093721, 12.192572], [-1.4092916, 12.1925274], [-1.4092219, 12.1925064], [-1.4091682, 12.1925064], [-1.4090395, 12.1925641], [-1.4089456, 12.1926192], [-1.4087471, 12.1927057], [-1.408554, 12.1927502], [-1.4084521, 12.1927765], [-1.4084065, 12.1928394], [-1.4083126, 12.1928931], [-1.4082992, 12.1929731], [-1.4083046, 12.1931278], [-1.4082268, 12.1932248], [-1.4080739, 12.1933008], [-1.4078057, 12.1933742], [-1.4075804, 12.1933926], [-1.4074275, 12.1934083], [-1.4072614, 12.1935013], [-1.4072089, 12.1935721], [-1.4071338, 12.1936888], [-1.4071324, 12.1938042], [-1.4071566, 12.1938592], [-1.4071204, 12.1939287], [-1.4070493, 12.1939497], [-1.4069273, 12.1939588], [-1.4068414, 12.1939025], [-1.4067663, 12.1938081], [-1.4066993, 12.1938094], [-1.4066671, 12.1938763], [-1.4065947, 12.1939169], [-1.4065424, 12.1939602], [-1.4064592, 12.1939588], [-1.4064069, 12.1939313], [-1.4063667, 12.1939117], [-1.4062554, 12.1939562], [-1.4061669, 12.1941148], [-1.406132, 12.1942263], [-1.4061145, 12.1942564], [-1.406077, 12.1942328], [-1.4060703, 12.1941764], [-1.4060099, 12.1941673], [-1.4059804, 12.1942197], [-1.4059187, 12.1942485], [-1.4057766, 12.1943442], [-1.4057337, 12.1943731], [-1.4056599, 12.1943573], [-1.405625, 12.1942761], [-1.4055875, 12.194204], [-1.4055124, 12.1941135], [-1.4054386, 12.1941109], [-1.4054011, 12.1941476], [-1.4053971, 12.1942512], [-1.4053877, 12.1943259], [-1.4053394, 12.1943469], [-1.4052925, 12.1943691], [-1.4052589, 12.1944386], [-1.4052026, 12.1944609], [-1.4051229, 12.1944147], [-1.4050205, 12.1942294], [-1.4038065, 12.1920332], [-1.4028947, 12.1904533], [-1.4028342, 12.1899436], [-1.402875, 12.1899758], [-1.4045817, 12.1900237], [-1.4060837, 12.1898298], [-1.4065424, 12.1897143], [-1.4069581, 12.1897261], [-1.4070681, 12.1898808], [-1.4074999, 12.190084], [-1.4078354, 12.1901483], [-1.4081275, 12.1899555], [-1.4086771, 12.1895041], [-1.4090985, 12.1892634], [-1.409565, 12.1892396], [-1.4102331, 12.18946], [-1.4105549, 12.1893813], [-1.4108728, 12.1890897], [-1.411019, 12.1888019], [-1.4115715, 12.1887941], [-1.4122072, 12.1884401], [-1.4130745, 12.1881939], [-1.4134222, 12.1881911], [-1.4139265, 12.1879708], [-1.414538, 12.1875749], [-1.4158604, 12.1874124], [-1.4163807, 12.1871397], [-1.4170244, 12.1864843], [-1.4171585, 12.1864083], [-1.4172363, 12.1865341], [-1.4172551, 12.1872131], [-1.4172819, 12.1880297], [-1.4176306, 12.1885345], [-1.4185426, 12.1889304], [-1.4193431, 12.1893403], [-1.4202994, 12.189848], [-1.421316, 12.1903237], [-1.4224586, 12.1908679], [-1.4230809, 12.1916229], [-1.4235905, 12.1922454], [-1.4241537, 12.1926061], [-1.4250711, 12.1926585], [-1.4259005, 12.1928051], [-1.4268413, 12.1927738], [-1.4287109, 12.1925653], [-1.4301136, 12.1926911], [-1.4302424, 12.1927745], [-1.4302766, 12.1930635], [-1.4303282, 12.1931854], [-1.4301082, 12.1932667], [-1.4299929, 12.193426], [-1.4298112, 12.1934443], [-1.4297542, 12.193462], [-1.4296643, 12.1936069], [-1.4296094, 12.1936196], [-1.4294431, 12.1936259], [-1.4292674, 12.1934371], [-1.4290112, 12.193466], [-1.4284185, 12.1934633], [-1.4282817, 12.1934869], [-1.4281932, 12.1936626], [-1.4281341, 12.1937622], [-1.4279142, 12.193833], [-1.427587, 12.193909], [-1.4273268, 12.194006], [-1.4271283, 12.1941371], [-1.4269808, 12.1941922], [-1.4265543, 12.194124], [-1.4262244, 12.1941529], [-1.4260393, 12.1941922], [-1.4259696, 12.1942603], [-1.425916, 12.1943836], [-1.4259428, 12.1945304], [-1.4260232, 12.1946326], [-1.4260232, 12.1947322], [-1.4259428, 12.1949053], [-1.4258623, 12.195018], [-1.4255458, 12.1950023], [-1.4252105, 12.1950128], [-1.4249879, 12.1950468], [-1.4249209, 12.1951517], [-1.4249691, 12.1953824], [-1.4250255, 12.1956105], [-1.4249933, 12.195794], [-1.4249101, 12.1958753], [-1.4247707, 12.1958674], [-1.424658, 12.1957967], [-1.4245507, 12.1955686], [-1.4242428, 12.1954638]]]}}, {"type": "Feature", "properties": {"source_id": 25, "name": "water", "osm_id": 997979946, "superficie_km2": 0.001}, "geometry": {"type": "Polygon", "coordinates": [[[-1.4011763, 12.5285591], [-1.4011966, 12.5285369], [-1.4011661, 12.528304], [-1.4011484, 12.5282842], [-1.4008616, 12.5283288], [-1.4008464, 12.5283486], [-1.4008769, 12.5285765], [-1.4009022, 12.5285963], [-1.4011763, 12.5285591]]]}}, {"type": "Feature", "properties": {"source_id": 26, "name": "water", "osm_id": 623176479, "superficie_km2": 0.001}, "geometry": {"type": "Polygon", "coordinates": [[[-1.4029267, 12.3446684], [-1.4029697, 12.34473], [-1.4033385, 12.3444916], [-1.4040828, 12.3455999], [-1.4041257, 12.3455711], [-1.4033693, 12.3444313], [-1.4030072, 12.3446711], [-1.4029817, 12.3446331], [-1.4029267, 12.3446684]]]}}, {"type": "Feature", "properties": {"source_id": 27, "name": "reservoir", "osm_id": 312738904, "superficie_km2": 0.969}, "geometry": {"type": "Polygon", "coordinates": [[[-1.4242428, 12.1954638], [-1.4237648, 12.1952106], [-1.423281, 12.1948577], [-1.4229896, 12.1948095], [-1.4217022, 12.1937188], [-1.4214769, 12.1934319], [-1.420911, 12.1930989], [-1.4199856, 12.1925693], [-1.4194867, 12.192336], [-1.4191701, 12.1922192], [-1.4191513, 12.1922113], [-1.4189261, 12.1921944], [-1.4187035, 12.1921499], [-1.4185452, 12.1922049], [-1.4183924, 12.1922049], [-1.4181644, 12.1921577], [-1.4180008, 12.1921315], [-1.417923, 12.1921053], [-1.4178532, 12.1919978], [-1.417754, 12.1919375], [-1.4173758, 12.1919323], [-1.4169842, 12.1918195], [-1.4166757, 12.1917776], [-1.4165229, 12.191775], [-1.4164102, 12.1917514], [-1.4162412, 12.1916046], [-1.4159301, 12.1914866], [-1.4155385, 12.1913529], [-1.4153588, 12.1912559], [-1.4150423, 12.1911615], [-1.414876, 12.1910147], [-1.4147499, 12.1909386], [-1.4145595, 12.1909544], [-1.4142644, 12.1909806], [-1.4139587, 12.1909885], [-1.4137602, 12.1910409], [-1.4134517, 12.1911746], [-1.4132908, 12.1912742], [-1.413146, 12.1913948], [-1.4130092, 12.19156], [-1.4128241, 12.1917278], [-1.4125747, 12.1919795], [-1.4123815, 12.1921027], [-1.4121562, 12.1921813], [-1.4118639, 12.1922783], [-1.4116439, 12.1923124], [-1.4115447, 12.1922783], [-1.4114991, 12.1922128], [-1.4114508, 12.1920896], [-1.4113864, 12.1920083], [-1.4112711, 12.1919506], [-1.4111236, 12.1919218], [-1.4109868, 12.1919297], [-1.4109224, 12.1920267], [-1.4108044, 12.1920188], [-1.4105737, 12.1919506], [-1.4104477, 12.191948], [-1.4102894, 12.19199], [-1.4101741, 12.1920162], [-1.4100829, 12.1920502], [-1.4099702, 12.1921997], [-1.4099729, 12.1923229], [-1.4098683, 12.1924173], [-1.4097074, 12.1925222], [-1.409525, 12.1925877], [-1.4094552, 12.1926008], [-1.4093721, 12.192572], [-1.4092916, 12.1925274], [-1.4092219, 12.1925064], [-1.4091682, 12.1925064], [-1.4090395, 12.1925641], [-1.4089456, 12.1926192], [-1.4087471, 12.1927057], [-1.408554, 12.1927502], [-1.4084521, 12.1927765], [-1.4084065, 12.1928394], [-1.4083126, 12.1928931], [-1.4082992, 12.1929731], [-1.4083046, 12.1931278], [-1.4082268, 12.1932248], [-1.4080739, 12.1933008], [-1.4078057, 12.1933742], [-1.4075804, 12.1933926], [-1.4074275, 12.1934083], [-1.4072614, 12.1935013], [-1.4072089, 12.1935721], [-1.4071338, 12.1936888], [-1.4071324, 12.1938042], [-1.4071566, 12.1938592], [-1.4071204, 12.1939287], [-1.4070493, 12.1939497], [-1.4069273, 12.1939588], [-1.4068414, 12.1939025], [-1.4067663, 12.1938081], [-1.4066993, 12.1938094], [-1.4066671, 12.1938763], [-1.4065947, 12.1939169], [-1.4065424, 12.1939602], [-1.4064592, 12.1939588], [-1.4064069, 12.1939313], [-1.4063667, 12.1939117], [-1.4062554, 12.1939562], [-1.4061669, 12.1941148], [-1.406132, 12.1942263], [-1.4061145, 12.1942564], [-1.406077, 12.1942328], [-1.4060703, 12.1941764], [-1.4060099, 12.1941673], [-1.4059804, 12.1942197], [-1.4059187, 12.1942485], [-1.4057766, 12.1943442], [-1.4057337, 12.1943731], [-1.4056599, 12.1943573], [-1.405625, 12.1942761], [-1.4055875, 12.194204], [-1.4055124, 12.1941135], [-1.4054386, 12.1941109], [-1.4054011, 12.1941476], [-1.4053971, 12.1942512], [-1.4053877, 12.1943259], [-1.4053394, 12.1943469], [-1.4052925, 12.1943691], [-1.4052589, 12.1944386], [-1.4052026, 12.1944609], [-1.4051229, 12.1944147], [-1.4050205, 12.1942294], [-1.4038065, 12.1920332], [-1.4028947, 12.1904533], [-1.4028342, 12.1899436], [-1.402875, 12.1899758], [-1.4045817, 12.1900237], [-1.4060837, 12.1898298], [-1.4065424, 12.1897143], [-1.4069581, 12.1897261], [-1.4070681, 12.1898808], [-1.4074999, 12.190084], [-1.4078354, 12.1901483], [-1.4081275, 12.1899555], [-1.4086771, 12.1895041], [-1.4090985, 12.1892634], [-1.409565, 12.1892396], [-1.4102331, 12.18946], [-1.4105549, 12.1893813], [-1.4108728, 12.1890897], [-1.411019, 12.1888019], [-1.4115715, 12.1887941], [-1.4122072, 12.1884401], [-1.4130745, 12.1881939], [-1.4134222, 12.1881911], [-1.4139265, 12.1879708], [-1.414538, 12.1875749], [-1.4158604, 12.1874124], [-1.4163807, 12.1871397], [-1.4170244, 12.1864843], [-1.4171585, 12.1864083], [-1.4172363, 12.1865341], [-1.4172551, 12.1872131], [-1.4172819, 12.1880297], [-1.4176306, 12.1885345], [-1.4185426, 12.1889304], [-1.4193431, 12.1893403], [-1.4202994, 12.189848], [-1.421316, 12.1903237], [-1.4224586, 12.1908679], [-1.4230809, 12.1916229], [-1.4235905, 12.1922454], [-1.4241537, 12.1926061], [-1.4250711, 12.1926585], [-1.4259005, 12.1928051], [-1.4268413, 12.1927738], [-1.4287109, 12.1925653], [-1.4301136, 12.1926911], [-1.4302424, 12.1927745], [-1.4302766, 12.1930635], [-1.4303282, 12.1931854], [-1.4301082, 12.1932667], [-1.4299929, 12.193426], [-1.4298112, 12.1934443], [-1.4297542, 12.193462], [-1.4296643, 12.1936069], [-1.4296094, 12.1936196], [-1.4294431, 12.1936259], [-1.4292674, 12.1934371], [-1.4290112, 12.193466], [-1.4284185, 12.1934633], [-1.4282817, 12.1934869], [-1.4281932, 12.1936626], [-1.4281341, 12.1937622], [-1.4279142, 12.193833], [-1.427587, 12.193909], [-1.4273268, 12.194006], [-1.4271283, 12.1941371], [-1.4269808, 12.1941922], [-1.4265543, 12.194124], [-1.4262244, 12.1941529], [-1.4260393, 12.1941922], [-1.4259696, 12.1942603], [-1.425916, 12.1943836], [-1.4259428, 12.1945304], [-1.4260232, 12.1946326], [-1.4260232, 12.1947322], [-1.4259428, 12.1949053], [-1.4258623, 12.195018], [-1.4255458, 12.1950023], [-1.4252105, 12.1950128], [-1.4249879, 12.1950468], [-1.4249209, 12.1951517], [-1.4249691, 12.1953824], [-1.4250255, 12.1956105], [-1.4249933, 12.195794], [-1.4249101, 12.1958753], [-1.4247707, 12.1958674], [-1.424658, 12.1957967], [-1.4245507, 12.1955686], [-1.4242428, 12.1954638]]]}}, {"type": "Feature", "properties": {"source_id": 28, "name": "water", "osm_id": 623176473, "superficie_km2": 0.0}, "geometry": {"type": "Polygon", "coordinates": [[[-1.4066711, 12.3391765], [-1.4068508, 12.3391699], [-1.4068763, 12.3391568], [-1.4068763, 12.3391083], [-1.4068723, 12.3390756], [-1.4068361, 12.3390638], [-1.4066912, 12.3390664], [-1.4066617, 12.3391018], [-1.406659, 12.339162], [-1.4066711, 12.3391765]]]}}, {"type": "Feature", "properties": {"source_id": 29, "name": "water", "osm_id": 643054076, "superficie_km2": 0.003}, "geometry": {"type": "Polygon", "coordinates": [[[-1.423514, 12.3291021], [-1.423557, 12.32907], [-1.4235717, 12.3290405], [-1.423567, 12.3290051], [-1.4235476, 12.3289763], [-1.4234845, 12.3289337], [-1.4234778, 12.3290254], [-1.423453, 12.3290588], [-1.4233886, 12.3291086], [-1.4233739, 12.3291381], [-1.4233799, 12.3291708], [-1.4234249, 12.3292501], [-1.4234202, 12.3292842], [-1.4233679, 12.3294486], [-1.4233042, 12.3296111], [-1.4232592, 12.3297395], [-1.4232579, 12.3297781], [-1.4232606, 12.3298312], [-1.4232874, 12.3298639], [-1.4232887, 12.329896], [-1.4232478, 12.3299288], [-1.4232083, 12.3299327], [-1.4231533, 12.3299176], [-1.4231191, 12.3298954], [-1.4230735, 12.3298495], [-1.42304, 12.329784], [-1.4230279, 12.3297473], [-1.4230359, 12.3296943], [-1.4230339, 12.3296536], [-1.4230192, 12.3296294], [-1.4229877, 12.329615], [-1.4229615, 12.3296025], [-1.422919, 12.3295965], [-1.4228886, 12.3295922], [-1.4228193, 12.3296235], [-1.4227865, 12.3296425], [-1.4227691, 12.3296753], [-1.4227422, 12.3296871], [-1.4227241, 12.3297408], [-1.4227127, 12.3298312], [-1.4227255, 12.3299412], [-1.4227476, 12.3299602], [-1.42282, 12.3300166], [-1.4228522, 12.3301037], [-1.4228938, 12.3301921], [-1.4229367, 12.3302472], [-1.4229696, 12.3302596], [-1.4230111, 12.330276], [-1.4230319, 12.3303015], [-1.4230346, 12.3303461], [-1.4230185, 12.3303919], [-1.4229166, 12.3304908], [-1.4228448, 12.330593], [-1.422704, 12.330747], [-1.4226007, 12.3308557], [-1.4225753, 12.3308695], [-1.4225793, 12.3309081], [-1.422553, 12.3309493], [-1.4225903, 12.3310397], [-1.4226249, 12.3310477], [-1.4226591, 12.3310693], [-1.4226919, 12.3310346], [-1.4226644, 12.3309815], [-1.4226618, 12.3309435], [-1.4226893, 12.3308944], [-1.4227959, 12.3307503], [-1.4228911, 12.3306415], [-1.4229763, 12.3305334], [-1.4230252, 12.3304902], [-1.4231023, 12.3304286], [-1.4231265, 12.3303959], [-1.4231318, 12.3303559], [-1.4231312, 12.3303179], [-1.4231177, 12.3302773], [-1.4230936, 12.3302458], [-1.4230387, 12.330216], [-1.4229682, 12.3301777], [-1.4229286, 12.3301351], [-1.4228703, 12.3300126], [-1.4228468, 12.3299753], [-1.4228187, 12.3299524], [-1.4227731, 12.3299091], [-1.422767, 12.329879], [-1.4227677, 12.3297886], [-1.4227838, 12.3297355], [-1.4228207, 12.3296897], [-1.4228569, 12.3296628], [-1.4228944, 12.3296523], [-1.4229461, 12.3296615], [-1.4229789, 12.3296792], [-1.4229964, 12.3297028], [-1.4229903, 12.3297296], [-1.4229742, 12.329784], [-1.422985, 12.3298168], [-1.4230775, 12.3299229], [-1.4231419, 12.3299818], [-1.4231902, 12.3299943], [-1.4233102, 12.329972], [-1.4233437, 12.3299537], [-1.4233598, 12.3299334], [-1.4233652, 12.3299052], [-1.4233645, 12.3298705], [-1.4233509, 12.3298206], [-1.423327, 12.3297329], [-1.4233236, 12.3296864], [-1.4233464, 12.3296425], [-1.4233585, 12.3295803], [-1.4233974, 12.329503], [-1.4234443, 12.3293955], [-1.4234872, 12.3293366], [-1.4235033, 12.3292927], [-1.4235254, 12.3292409], [-1.4235275, 12.3292088], [-1.4235167, 12.3291885], [-1.4234953, 12.3291807], [-1.4234604, 12.3291839], [-1.423443, 12.3291584], [-1.4234456, 12.3291322], [-1.4234798, 12.3291171], [-1.423514, 12.3291021]]]}}, {"type": "Feature", "properties": {"source_id": 30, "name": "water", "osm_id": 29969944, "superficie_km2": 1.007}, "geometry": {"type": "Polygon", "coordinates": [[[-1.4174858, 12.144378], [-1.4175206, 12.1436464], [-1.4176226, 12.1429856], [-1.4180088, 12.1427129], [-1.4180517, 12.1425451], [-1.4180008, 12.1421465], [-1.418041, 12.1420338], [-1.4181992, 12.1419813], [-1.4185479, 12.1414097], [-1.4189395, 12.1404526], [-1.4189744, 12.1402375], [-1.4189208, 12.1402034], [-1.4186874, 12.1401064], [-1.4185345, 12.1399124], [-1.4184701, 12.1396921], [-1.4183092, 12.1389736], [-1.4182824, 12.1385121], [-1.4183173, 12.1381214], [-1.4183199, 12.1378749], [-1.4182502, 12.1374396], [-1.4182636, 12.137298], [-1.418328, 12.137201], [-1.418564, 12.1371957], [-1.4187008, 12.1373321], [-1.4190388, 12.138048], [-1.419248, 12.1384334], [-1.4194894, 12.1385882], [-1.4199346, 12.1387691], [-1.4200687, 12.1388792], [-1.4202887, 12.1395322], [-1.4205194, 12.1401877], [-1.420581, 12.1404814], [-1.4207232, 12.140602], [-1.4208788, 12.1406073], [-1.4211309, 12.1403844], [-1.4214662, 12.14029], [-1.4217398, 12.1402769], [-1.4219624, 12.1403031], [-1.4223808, 12.1403346], [-1.4225256, 12.1402244], [-1.4225847, 12.1399937], [-1.4225712, 12.1397655], [-1.422523, 12.1395505], [-1.4225686, 12.1392909], [-1.4227322, 12.1389894], [-1.4229655, 12.1386511], [-1.4232633, 12.138402], [-1.4234349, 12.1383495], [-1.4238775, 12.1384466], [-1.4240974, 12.1384151], [-1.4244032, 12.1382289], [-1.4244917, 12.1380821], [-1.4244998, 12.1378906], [-1.4246151, 12.1374999], [-1.4248377, 12.13718], [-1.4249262, 12.1368548], [-1.4248484, 12.1365612], [-1.425063, 12.136257], [-1.4252776, 12.1358951], [-1.4254439, 12.1355647], [-1.4258677, 12.1354388], [-1.4266938, 12.1353811], [-1.4273536, 12.1354651], [-1.4282173, 12.1355699], [-1.4288718, 12.1354755], [-1.4292365, 12.1355752], [-1.4295745, 12.1358059], [-1.4297515, 12.1361836], [-1.4297783, 12.13643], [-1.4295745, 12.1371957], [-1.429258, 12.1374894], [-1.4288718, 12.1377779], [-1.4284426, 12.1382814], [-1.4279974, 12.1387271], [-1.4274234, 12.1390156], [-1.4270693, 12.1393512], [-1.4270049, 12.1396135], [-1.4270908, 12.1401117], [-1.427359, 12.1404159], [-1.4279866, 12.1406728], [-1.4284802, 12.1409141], [-1.4286357, 12.1411658], [-1.4286625, 12.1413966], [-1.4285445, 12.1415644], [-1.4280081, 12.1418214], [-1.4267743, 12.1421518], [-1.4256477, 12.142435], [-1.4253366, 12.1426238], [-1.4249557, 12.1430433], [-1.4240867, 12.1437618], [-1.4235395, 12.1439453], [-1.4226383, 12.1448683], [-1.4220053, 12.1452512], [-1.4216379, 12.1452998], [-1.4213929, 12.1455063], [-1.4207339, 12.1459854], [-1.4206159, 12.1462581], [-1.4200741, 12.1466514], [-1.4196664, 12.1473751], [-1.419366, 12.1476059], [-1.4195099, 12.1479921], [-1.4193875, 12.1485708], [-1.419484, 12.1492945], [-1.4191613, 12.1497016], [-1.4190012, 12.1499501], [-1.418678, 12.1501808], [-1.4170989, 12.1496713], [-1.417062, 12.1497036], [-1.4164585, 12.1495069], [-1.4164558, 12.1494637], [-1.4145739, 12.1488564], [-1.4145836, 12.1485708], [-1.4147607, 12.1482667], [-1.4154232, 12.147695], [-1.4156672, 12.1471601], [-1.4159676, 12.1465675], [-1.4163539, 12.1463472], [-1.4163914, 12.1462004], [-1.4160669, 12.145731], [-1.4162949, 12.145301], [-1.4165864, 12.1451706], [-1.4165765, 12.1448316], [-1.4166462, 12.1446717], [-1.416783, 12.1445878], [-1.4172202, 12.1445956], [-1.4174858, 12.144378]]]}}, {"type": "Feature", "properties": {"source_id": 31, "name": "river", "osm_id": 1074205665, "superficie_km2": 0.757}, "geometry": {"type": "Polygon", "coordinates": [[[-1.4262751, 12.5533043], [-1.4258555, 12.5527377], [-1.4256603, 12.5521543], [-1.4258054, 12.5503736], [-1.425862, 12.549199], [-1.4259399, 12.5485012], [-1.4258054, 12.5479346], [-1.4257063, 12.5465942], [-1.4258054, 12.5457513], [-1.4257912, 12.5451847], [-1.425501, 12.5446665], [-1.4252533, 12.5443901], [-1.4247082, 12.5440792], [-1.4234554, 12.5436508], [-1.422613, 12.5433675], [-1.4223865, 12.5429806], [-1.4223441, 12.5423035], [-1.4226201, 12.541426], [-1.423474, 12.5398834], [-1.4239675, 12.5388675], [-1.4241821, 12.5378621], [-1.4242035, 12.537129], [-1.4240855, 12.5363959], [-1.4237115, 12.5351704], [-1.4235237, 12.5356888], [-1.4234967, 12.5358697], [-1.4235235, 12.5360268], [-1.4235557, 12.5362049], [-1.4235184, 12.536291], [-1.4234486, 12.5363643], [-1.4232448, 12.5365371], [-1.4230946, 12.5367361], [-1.4229766, 12.5369665], [-1.4229495, 12.5371632], [-1.4230139, 12.537336], [-1.4231641, 12.5376816], [-1.4232233, 12.5378724], [-1.4232499, 12.5380743], [-1.4232392, 12.5382366], [-1.423207, 12.5383675], [-1.4230892, 12.5385479], [-1.4229712, 12.5386736], [-1.422821, 12.5388307], [-1.4227459, 12.5389512], [-1.4226333, 12.5391711], [-1.4224509, 12.5394957], [-1.4222041, 12.5399094], [-1.4220322, 12.5402946], [-1.4217642, 12.5407839], [-1.4215011, 12.5412057], [-1.4213241, 12.5415408], [-1.4212331, 12.5417422], [-1.4210883, 12.5418102], [-1.4209542, 12.5418155], [-1.4208845, 12.5417474], [-1.4207825, 12.5416322], [-1.4206538, 12.5415956], [-1.420584, 12.5415327], [-1.4205355, 12.5414152], [-1.4205733, 12.5412918], [-1.4208576, 12.5409724], [-1.420981, 12.5408206], [-1.4210293, 12.5406635], [-1.4211527, 12.5403336], [-1.4211688, 12.5401712], [-1.4212385, 12.5400194], [-1.4214048, 12.5398256], [-1.4215335, 12.5396162], [-1.4216087, 12.5394329], [-1.4216945, 12.5392025], [-1.4217213, 12.5389512], [-1.4217106, 12.5387365], [-1.4216945, 12.5385165], [-1.4216945, 12.5383699], [-1.4217267, 12.5382338], [-1.4217857, 12.5380767], [-1.421834, 12.537951], [-1.4218608, 12.5378463], [-1.4218983, 12.5377625], [-1.4219466, 12.5375949], [-1.4220056, 12.5372388], [-1.4220324, 12.5367361], [-1.4220968, 12.5365267], [-1.4221612, 12.5362544], [-1.4221826, 12.5361182], [-1.4221826, 12.5359297], [-1.4221826, 12.535626], [-1.4221236, 12.535228], [-1.42207, 12.5349033], [-1.4214551, 12.5359491], [-1.4214037, 12.536193], [-1.4214691, 12.5364506], [-1.4212778, 12.5374328], [-1.4211822, 12.5380581], [-1.4210938, 12.5387353], [-1.4207965, 12.5395851], [-1.4206053, 12.5401172], [-1.4202125, 12.5406596], [-1.4197347, 12.5411985], [-1.4194622, 12.5416891], [-1.4193595, 12.5421382], [-1.4189194, 12.5432138], [-1.4186633, 12.5438606], [-1.4186226, 12.5442773], [-1.4187364, 12.544694], [-1.4189031, 12.5451782], [-1.4192853, 12.5457893], [-1.4197487, 12.546452], [-1.4198246, 12.5469824], [-1.4200087, 12.547618], [-1.4202918, 12.547929], [-1.4208227, 12.5481777], [-1.4212686, 12.5483297], [-1.4219269, 12.5488824], [-1.4219906, 12.5492832], [-1.4222171, 12.5501399], [-1.4223091, 12.5507272], [-1.4222667, 12.5512454], [-1.4223162, 12.5515978], [-1.4224321, 12.5526709], [-1.4227508, 12.5527349], [-1.4262751, 12.5533043]]]}}, {"type": "Feature", "properties": {"source_id": 32, "name": "basin", "osm_id": 1010193847, "superficie_km2": 0.0}, "geometry": {"type": "Polygon", "coordinates": [[[-1.4231942, 12.4934825], [-1.4231994, 12.4933979], [-1.4232551, 12.4934012], [-1.4232498, 12.4934857], [-1.4231942, 12.4934825]]]}}, {"type": "Feature", "properties": {"source_id": 33, "name": "water", "osm_id": 27775420, "superficie_km2": 0.501}, "geometry": {"type": "Polygon", "coordinates": [[[-1.4468593, 12.3385801], [-1.4473057, 12.3382028], [-1.4475739, 12.3380141], [-1.4479333, 12.337794], [-1.4485931, 12.3376211], [-1.4490866, 12.3380718], [-1.4496747, 12.3382228], [-1.4503593, 12.3382218], [-1.4506128, 12.3385343], [-1.450755, 12.3388238], [-1.4506638, 12.339036], [-1.4505136, 12.3395863], [-1.4507013, 12.340016], [-1.4506102, 12.3403828], [-1.4507497, 12.3407654], [-1.4509749, 12.3408545], [-1.4513136, 12.3407994], [-1.4515449, 12.340996], [-1.4514711, 12.3412213], [-1.4511305, 12.3413471], [-1.451168, 12.3415567], [-1.451962, 12.341106], [-1.452198, 12.3410955], [-1.4528907, 12.340862], [-1.4535726, 12.3407228], [-1.4540138, 12.340916], [-1.4539307, 12.3412291], [-1.4538931, 12.3418344], [-1.4539217, 12.3420182], [-1.4539342, 12.3420987], [-1.4539458, 12.342173], [-1.4540863, 12.3430764], [-1.4544618, 12.3434957], [-1.4543974, 12.3437262], [-1.453861, 12.3439464], [-1.4532387, 12.3435637], [-1.4529061, 12.343459], [-1.4527183, 12.3439882], [-1.4519834, 12.3444494], [-1.4517099, 12.3445123], [-1.4514256, 12.3446747], [-1.4510554, 12.3454346], [-1.450814, 12.3462207], [-1.4507536, 12.34671], [-1.4507791, 12.3472308], [-1.4506692, 12.3477063], [-1.4502775, 12.3482068], [-1.4500933, 12.3488147], [-1.4498929, 12.3488986], [-1.4496317, 12.3488148], [-1.44971, 12.3485529], [-1.4496093, 12.348092], [-1.4500621, 12.3476523], [-1.450072, 12.3473231], [-1.4498558, 12.3469163], [-1.4494769, 12.346522], [-1.4487728, 12.3461002], [-1.4487272, 12.3457805], [-1.4490759, 12.3451988], [-1.4488613, 12.3443839], [-1.4487219, 12.3441926], [-1.4484141, 12.3441393], [-1.4480742, 12.3443113], [-1.4479521, 12.3446344], [-1.4477295, 12.3447985], [-1.4475417, 12.3448123], [-1.4473915, 12.3447035], [-1.4473593, 12.3445804], [-1.4475564, 12.344418], [-1.4474746, 12.3443656], [-1.4472574, 12.3444599], [-1.4468175, 12.3443708], [-1.4465654, 12.3444808], [-1.4464099, 12.344418], [-1.4462757, 12.3442398], [-1.4463294, 12.3439359], [-1.4466565, 12.3430764], [-1.4469194, 12.3423532], [-1.4468593, 12.3385801]]]}}, {"type": "Feature", "properties": {"source_id": 34, "name": "reservoir", "osm_id": 182687878, "superficie_km2": 0.906}, "geometry": {"type": "Polygon", "coordinates": [[[-1.4780171, 12.4832267], [-1.4779884, 12.4834442], [-1.4777429, 12.483618], [-1.4771882, 12.4833969], [-1.4764595, 12.4834887], [-1.476021, 12.4836258], [-1.4756808, 12.4840123], [-1.4751989, 12.4845545], [-1.4747255, 12.4848478], [-1.4745846, 12.4851883], [-1.4743901, 12.4855087], [-1.4738967, 12.4858142], [-1.4735699, 12.4862409], [-1.4731336, 12.4865972], [-1.4729684, 12.4867203], [-1.4726065, 12.48699], [-1.4721391, 12.4871821], [-1.4721001, 12.4871981], [-1.4720593, 12.4875858], [-1.4718314, 12.4878201], [-1.4715006, 12.4879863], [-1.4711675, 12.4883282], [-1.4708456, 12.4886817], [-1.4705104, 12.4891937], [-1.4699069, 12.4896022], [-1.4693723, 12.490076], [-1.4690574, 12.4904639], [-1.4685886, 12.4908405], [-1.4684121, 12.491337], [-1.4683519, 12.4918012], [-1.4683397, 12.4918948], [-1.4682779, 12.4922091], [-1.4682491, 12.4922159], [-1.4679212, 12.4922928], [-1.4675565, 12.4920126], [-1.4672273, 12.491798], [-1.4671133, 12.491325], [-1.466774, 12.4910595], [-1.4664058, 12.4910594], [-1.4660599, 12.491161], [-1.4653002, 12.4913842], [-1.4652739, 12.4913919], [-1.4649192, 12.4914469], [-1.4646677, 12.4914859], [-1.4643883, 12.4915292], [-1.4641761, 12.4915996], [-1.4638629, 12.4917035], [-1.4635404, 12.4918104], [-1.4634092, 12.491854], [-1.4631077, 12.4919502], [-1.4627656, 12.4920593], [-1.4626408, 12.4920991], [-1.4624616, 12.4924068], [-1.4623243, 12.4926268], [-1.4621366, 12.4928334], [-1.4619662, 12.4927748], [-1.4619461, 12.4926425], [-1.4618294, 12.4926085], [-1.4617275, 12.4926478], [-1.4616577, 12.492746], [-1.4614029, 12.4927496], [-1.4612822, 12.492691], [-1.4610801, 12.4926938], [-1.4610019, 12.4926949], [-1.4607892, 12.4925848], [-1.4603837, 12.4925718], [-1.4600819, 12.4926884], [-1.459841, 12.4929829], [-1.4598072, 12.4930068], [-1.4591406, 12.4934764], [-1.4590377, 12.4934896], [-1.4588473, 12.4935712], [-1.4585853, 12.4936835], [-1.458453, 12.4938797], [-1.4584941, 12.4942831], [-1.4587052, 12.4945161], [-1.4587293, 12.4946601], [-1.4586958, 12.4946805], [-1.4584879, 12.4948068], [-1.4580822, 12.4947996], [-1.45804, 12.4947989], [-1.457543, 12.4945612], [-1.4575197, 12.4945501], [-1.4571897, 12.4943511], [-1.4568168, 12.4943039], [-1.4566184, 12.4941861], [-1.4564891, 12.4938939], [-1.4562987, 12.493687], [-1.4556617, 12.493436], [-1.4550965, 12.4910139], [-1.4554731, 12.4905488], [-1.4558164, 12.4905069], [-1.4562885, 12.4905488], [-1.456532, 12.4902617], [-1.4571683, 12.4900041], [-1.4574472, 12.4898784], [-1.4579836, 12.4896479], [-1.4580126, 12.4889629], [-1.4583699, 12.4883281], [-1.4585415, 12.4880138], [-1.4590136, 12.4880348], [-1.4592496, 12.4889985], [-1.4594932, 12.4891724], [-1.4599148, 12.4891242], [-1.4603869, 12.489208], [-1.4608804, 12.4889147], [-1.4613525, 12.4886842], [-1.4620821, 12.488768], [-1.4623256, 12.4880201], [-1.4625112, 12.4874063], [-1.4629479, 12.4870983], [-1.4630477, 12.4865264], [-1.4634554, 12.4861493], [-1.4639135, 12.4862393], [-1.4639703, 12.4869035], [-1.4637987, 12.4875529], [-1.4641205, 12.4874901], [-1.4644209, 12.4874901], [-1.4647428, 12.4877624], [-1.4646999, 12.4881605], [-1.464922, 12.488481], [-1.4653865, 12.4885166], [-1.4659949, 12.4881458], [-1.466438, 12.4880348], [-1.467189, 12.4878881], [-1.4676042, 12.487664], [-1.4681546, 12.4876158], [-1.4685837, 12.4876158], [-1.4691416, 12.4872387], [-1.4695783, 12.486805], [-1.4699141, 12.4865683], [-1.4709945, 12.4858203], [-1.4716951, 12.4848922], [-1.4723603, 12.4838238], [-1.4733044, 12.4838447], [-1.4739482, 12.4839285], [-1.4743344, 12.4834048], [-1.4747206, 12.4829648], [-1.4758579, 12.482462], [-1.4765901, 12.4824568], [-1.4770255, 12.4826297], [-1.4774425, 12.4827877], [-1.4775431, 12.4829702], [-1.4777845, 12.4830016], [-1.4780171, 12.4832267]]]}}, {"type": "Feature", "properties": {"source_id": 35, "name": "basin", "osm_id": 1009556173, "superficie_km2": 0.0}, "geometry": {"type": "Polygon", "coordinates": [[[-1.4362009, 12.5151415], [-1.4363055, 12.5150694], [-1.4361982, 12.5149313], [-1.4361057, 12.5150086], [-1.4362009, 12.5151415]]]}}, {"type": "Feature", "properties": {"source_id": 36, "name": null, "osm_id": null}, "geometry": null}, {"type": "Feature", "properties": {"source_id": 37, "name": "pond", "osm_id": 1081735920, "superficie_km2": 0.024}, "geometry": {"type": "Polygon", "coordinates": [[[-1.4835945, 12.570369], [-1.4837811, 12.570319], [-1.4840052, 12.5703266], [-1.4846676, 12.5704439], [-1.4853238, 12.5706785], [-1.4857891, 12.5709491], [-1.4859818, 12.5713442], [-1.4860113, 12.5716453], [-1.4859309, 12.5719019], [-1.4857619, 12.5722081], [-1.4855715, 12.5723155], [-1.4853488, 12.5722762], [-1.4851691, 12.5720615], [-1.4851718, 12.5718312], [-1.4851504, 12.5716348], [-1.4849867, 12.5713704], [-1.4847507, 12.5712421], [-1.4845281, 12.5710275], [-1.4842196, 12.5707212], [-1.4840292, 12.5707029], [-1.4838173, 12.57075], [-1.4836805, 12.5706505], [-1.4835947, 12.5705615], [-1.4834971, 12.5704893], [-1.4835945, 12.570369]]]}}, {"type": "Feature", "properties": {"source_id": 38, "name": null, "osm_id": null}, "geometry": null}, {"type": "Feature", "properties": {"source_id": 39, "name": "pond", "osm_id": 1081735920, "superficie_km2": 0.024}, "geometry": {"type": "Polygon", "coordinates": [[[-1.4835945, 12.570369], [-1.4837811, 12.570319], [-1.4840052, 12.5703266], [-1.4846676, 12.5704439], [-1.4853238, 12.5706785], [-1.4857891, 12.5709491], [-1.4859818, 12.5713442], [-1.4860113, 12.5716453], [-1.4859309, 12.5719019], [-1.4857619, 12.5722081], [-1.4855715, 12.5723155], [-1.4853488, 12.5722762], [-1.4851691, 12.5720615], [-1.4851718, 12.5718312], [-1.4851504, 12.5716348], [-1.4849867, 12.5713704], [-1.4847507, 12.5712421], [-1.4845281, 12.5710275], [-1.4842196, 12.5707212], [-1.4840292, 12.5707029], [-1.4838173, 12.57075], [-1.4836805, 12.5706505], [-1.4835947, 12.5705615], [-1.4834971, 12.5704893], [-1.4835945, 12.570369]]]}}, {"type": "Feature", "properties": {"source_id": 40, "name": "Barrage Ouaga 3", "osm_id": 27556538, "superficie_km2": 0.837}, "geometry": {"type": "Polygon", "coordinates": [[[-1.501535, 12.390544], [-1.5015033, 12.3904707], [-1.5014936, 12.390383], [-1.5023995, 12.3863668], [-1.502448, 12.3863196], [-1.5025153, 12.3862738], [-1.5026342, 12.3862525], [-1.5042539, 12.3863992], [-1.5046614, 12.3864205], [-1.5055411, 12.3863034], [-1.5059067, 12.3862371], [-1.5085117, 12.3855643], [-1.508825, 12.3855038], [-1.5091141, 12.3854857], [-1.5099375, 12.3855232], [-1.5102554, 12.3856188], [-1.51098, 12.3858581], [-1.5137524, 12.3871826], [-1.5161124, 12.3873561], [-1.5162352, 12.3875336], [-1.5163371, 12.3883427], [-1.5163775, 12.3883689], [-1.5164818, 12.3892504], [-1.5164503, 12.3893206], [-1.5165021, 12.3896779], [-1.5163678, 12.3900312], [-1.5162497, 12.3901046], [-1.5108564, 12.3912903], [-1.510778, 12.3911734], [-1.5102019, 12.3913007], [-1.5101772, 12.3914039], [-1.5080669, 12.391898], [-1.5076592, 12.3919504], [-1.5074306, 12.3919593], [-1.501646, 12.3906308], [-1.5015898, 12.3905964], [-1.501535, 12.390544]]]}}, {"type": "Feature", "properties": {"source_id": 41, "name": "water", "osm_id": 306412209, "superficie_km2": 0.649}, "geometry": {"type": "Polygon", "coordinates": [[[-1.5250665, 12.5171197], [-1.5244925, 12.5172271], [-1.5241706, 12.5172925], [-1.5240794, 12.5171642], [-1.5232077, 12.5179707], [-1.5224701, 12.5184132], [-1.5220584, 12.5186361], [-1.5218559, 12.5187458], [-1.5217204, 12.5187811], [-1.5215501, 12.5187811], [-1.5214871, 12.518751], [-1.5213959, 12.5186305], [-1.5212967, 12.5186031], [-1.5210257, 12.5186908], [-1.5208286, 12.5186305], [-1.5207656, 12.5185703], [-1.5206864, 12.5185887], [-1.5206882, 12.5186738], [-1.5203673, 12.5187182], [-1.5202749, 12.5188397], [-1.5201356, 12.519023], [-1.5199106, 12.5194186], [-1.5198793, 12.5196732], [-1.5197614, 12.5198656], [-1.519531, 12.5201152], [-1.5191921, 12.5202443], [-1.5185972, 12.5204928], [-1.5183048, 12.5205608], [-1.5180974, 12.5206091], [-1.5175881, 12.5208781], [-1.5170468, 12.5211388], [-1.5167856, 12.5211106], [-1.516706, 12.5211926], [-1.516636, 12.5212647], [-1.5162818, 12.5215619], [-1.5158525, 12.5217927], [-1.5154608, 12.521787], [-1.5149333, 12.5217337], [-1.5143036, 12.5217805], [-1.5135725, 12.5218359], [-1.5131881, 12.5218987], [-1.5127069, 12.5219023], [-1.5123453, 12.521831], [-1.5120748, 12.521878], [-1.5114798, 12.5220489], [-1.5111978, 12.5220065], [-1.5111226, 12.5218654], [-1.5108671, 12.5217133], [-1.5103696, 12.5216115], [-1.5100141, 12.5215958], [-1.5096324, 12.5215696], [-1.5092975, 12.5214759], [-1.5088458, 12.5214244], [-1.5084042, 12.5216101], [-1.5079569, 12.5217911], [-1.5079473, 12.5219848], [-1.5077713, 12.5222253], [-1.5074156, 12.5221868], [-1.5071976, 12.5221026], [-1.5070675, 12.5221497], [-1.5069991, 12.5222374], [-1.5069468, 12.5221903], [-1.5068731, 12.5222283], [-1.506853, 12.5223697], [-1.5067899, 12.5224286], [-1.5066397, 12.522405], [-1.5065546, 12.5224235], [-1.5065874, 12.5228056], [-1.5065821, 12.5231735], [-1.5066142, 12.5238661], [-1.5066531, 12.5240808], [-1.506676, 12.5245229], [-1.506865, 12.5246346], [-1.5072486, 12.5247341], [-1.5076906, 12.5247214], [-1.5084182, 12.5244722], [-1.5091798, 12.5243596], [-1.5096143, 12.5244539], [-1.5100063, 12.5242831], [-1.5105986, 12.5241515], [-1.5113661, 12.5242987], [-1.5120147, 12.5242261], [-1.5124733, 12.5241743], [-1.513281, 12.5243607], [-1.5140992, 12.5241077], [-1.5147964, 12.5242488], [-1.515082, 12.5242261], [-1.5155617, 12.524023], [-1.5159397, 12.5240974], [-1.5160857, 12.5242569], [-1.5166264, 12.5243337], [-1.5172042, 12.5243315], [-1.5172627, 12.5242638], [-1.5176783, 12.5243405], [-1.5178406, 12.524433], [-1.5179157, 12.5245377], [-1.5181196, 12.5246634], [-1.5186185, 12.5245534], [-1.5188009, 12.524611], [-1.518935, 12.5244644], [-1.5186346, 12.5239302], [-1.5187955, 12.5234327], [-1.5189189, 12.5234013], [-1.5189457, 12.5231447], [-1.5191544, 12.5226421], [-1.5194034, 12.5221477], [-1.5196242, 12.5220405], [-1.5198528, 12.5218355], [-1.520283, 12.5216691], [-1.5206215, 12.5214447], [-1.5211064, 12.5210055], [-1.5215512, 12.5208122], [-1.5219525, 12.5206834], [-1.522226, 12.5204373], [-1.5227142, 12.520199], [-1.5230548, 12.5199502], [-1.5235403, 12.5197565], [-1.524286, 12.5195156], [-1.524691, 12.5194056], [-1.52486, 12.5193375], [-1.5250799, 12.5191621], [-1.5252435, 12.5191307], [-1.5252891, 12.5190993], [-1.5253307, 12.519022], [-1.5253843, 12.5189945], [-1.5254286, 12.5189945], [-1.5255359, 12.519039], [-1.5255708, 12.5191097], [-1.5255708, 12.5192485], [-1.525619, 12.5193925], [-1.5257746, 12.5195758], [-1.5258846, 12.5196046], [-1.5259221, 12.5195627], [-1.5259972, 12.519458], [-1.5261394, 12.5194266], [-1.5263808, 12.5194973], [-1.5269923, 12.5193559], [-1.5271184, 12.519369], [-1.5274403, 12.5194789], [-1.5277353, 12.5195418], [-1.5281323, 12.5194894], [-1.5281752, 12.5194789], [-1.5282717, 12.5193899], [-1.5285131, 12.5193454], [-1.5286365, 12.5193951], [-1.5288538, 12.5193532], [-1.5291354, 12.5193192], [-1.5294251, 12.5193506], [-1.5296799, 12.5194187], [-1.529755, 12.5194108], [-1.5298368, 12.5193951], [-1.52992, 12.5193519], [-1.530042, 12.5193755], [-1.5301707, 12.5194554], [-1.5302499, 12.5195771], [-1.5303263, 12.5196295], [-1.5303893, 12.5196072], [-1.5304028, 12.5195601], [-1.53038, 12.519513], [-1.5303853, 12.5194658], [-1.5302981, 12.5193689], [-1.5302646, 12.5193388], [-1.5302684, 12.5193093], [-1.5302821, 12.5192042], [-1.5302874, 12.5191634], [-1.5303934, 12.5191137], [-1.5304725, 12.5190547], [-1.5305717, 12.5189369], [-1.5305248, 12.5188688], [-1.5301909, 12.5187497], [-1.5300044, 12.5187183], [-1.5298153, 12.5187536], [-1.529586, 12.5188322], [-1.5294559, 12.518823], [-1.5293567, 12.5187981], [-1.5291703, 12.5187471], [-1.528949, 12.5186764], [-1.5288685, 12.5187065], [-1.528839, 12.5187562], [-1.5287733, 12.5187301], [-1.5286821, 12.5186332], [-1.5284488, 12.5185612], [-1.52821, 12.5185206], [-1.5280089, 12.5184289], [-1.5276682, 12.5183609], [-1.5272874, 12.5182614], [-1.527054, 12.5181435], [-1.5267536, 12.5178476], [-1.5265095, 12.517667], [-1.5262842, 12.5174104], [-1.5261287, 12.5172114], [-1.5258309, 12.5170097], [-1.5255949, 12.5169128], [-1.5254796, 12.5169207], [-1.5252087, 12.5169835], [-1.5250665, 12.5171197]]]}}, {"type": "Feature", "properties": {"source_id": 42, "name": "Barrage Ouaga 3", "osm_id": 27556538, "superficie_km2": 0.837}, "geometry": {"type": "Polygon", "coordinates": [[[-1.501535, 12.390544], [-1.5015033, 12.3904707], [-1.5014936, 12.390383], [-1.5023995, 12.3863668], [-1.502448, 12.3863196], [-1.5025153, 12.3862738], [-1.5026342, 12.3862525], [-1.5042539, 12.3863992], [-1.5046614, 12.3864205], [-1.5055411, 12.3863034], [-1.5059067, 12.3862371], [-1.5085117, 12.3855643], [-1.508825, 12.3855038], [-1.5091141, 12.3854857], [-1.5099375, 12.3855232], [-1.5102554, 12.3856188], [-1.51098, 12.3858581], [-1.5137524, 12.3871826], [-1.5161124, 12.3873561], [-1.5162352, 12.3875336], [-1.5163371, 12.3883427], [-1.5163775, 12.3883689], [-1.5164818, 12.3892504], [-1.5164503, 12.3893206], [-1.5165021, 12.3896779], [-1.5163678, 12.3900312], [-1.5162497, 12.3901046], [-1.5108564, 12.3912903], [-1.510778, 12.3911734], [-1.5102019, 12.3913007], [-1.5101772, 12.3914039], [-1.5080669, 12.391898], [-1.5076592, 12.3919504], [-1.5074306, 12.3919593], [-1.501646, 12.3906308], [-1.5015898, 12.3905964], [-1.501535, 12.390544]]]}}, {"type": "Feature", "properties": {"source_id": 43, "name": "Barrage Ouaga 3", "osm_id": 27556538, "superficie_km2": 0.837}, "geometry": {"type": "Polygon", "coordinates": [[[-1.501535, 12.390544], [-1.5015033, 12.3904707], [-1.5014936, 12.390383], [-1.5023995, 12.3863668], [-1.502448, 12.3863196], [-1.5025153, 12.3862738], [-1.5026342, 12.3862525], [-1.5042539, 12.3863992], [-1.5046614, 12.3864205], [-1.5055411, 12.3863034], [-1.5059067, 12.3862371], [-1.5085117, 12.3855643], [-1.508825, 12.3855038], [-1.5091141, 12.3854857], [-1.5099375, 12.3855232], [-1.5102554, 12.3856188], [-1.51098, 12.3858581], [-1.5137524, 12.3871826], [-1.5161124, 12.3873561], [-1.5162352, 12.3875336], [-1.5163371, 12.3883427], [-1.5163775, 12.3883689], [-1.5164818, 12.3892504], [-1.5164503, 12.3893206], [-1.5165021, 12.3896779], [-1.5163678, 12.3900312], [-1.5162497, 12.3901046], [-1.5108564, 12.3912903], [-1.510778, 12.3911734], [-1.5102019, 12.3913007], [-1.5101772, 12.3914039], [-1.5080669, 12.391898], [-1.5076592, 12.3919504], [-1.5074306, 12.3919593], [-1.501646, 12.3906308], [-1.5015898, 12.3905964], [-1.501535, 12.390544]]]}}, {"type": "Feature", "properties": {"source_id": 44, "name": "water", "osm_id": 708004198, "superficie_km2": 0.626}, "geometry": {"type": "Polygon", "coordinates": [[[-1.5287707, 12.1210148], [-1.5288444, 12.1211379], [-1.5289704, 12.1212034], [-1.5290067, 12.1213595], [-1.5292561, 12.1218027], [-1.5297926, 12.122453], [-1.5298408, 12.1226261], [-1.5299642, 12.1235072], [-1.530093, 12.124016], [-1.5300769, 12.1241314], [-1.5299106, 12.1243621], [-1.5298247, 12.1244985], [-1.5298516, 12.1246663], [-1.5295351, 12.1252485], [-1.529401, 12.1255789], [-1.529358, 12.1257362], [-1.5292883, 12.1263184], [-1.5291327, 12.1265125], [-1.529122, 12.1266226], [-1.5291488, 12.1267904], [-1.5288806, 12.1270107], [-1.528827, 12.1273254], [-1.5287423, 12.1274156], [-1.5285909, 12.1280544], [-1.5286419, 12.1280334], [-1.5287116, 12.12812], [-1.528827, 12.1281462], [-1.5288967, 12.1280806], [-1.5289798, 12.1280623], [-1.5290469, 12.1281121], [-1.5291166, 12.1280701], [-1.529122, 12.1279993], [-1.5290925, 12.1278918], [-1.5290871, 12.1278053], [-1.5291595, 12.1276951], [-1.5292668, 12.1276768], [-1.5293258, 12.1277555], [-1.5292963, 12.1278813], [-1.5292642, 12.1280361], [-1.5291864, 12.1281042], [-1.5292695, 12.1282773], [-1.5292856, 12.1285684], [-1.529232, 12.1286523], [-1.5292481, 12.1287913], [-1.5293071, 12.1290666], [-1.5293714, 12.1291138], [-1.5294036, 12.1294914], [-1.5293205, 12.129557], [-1.5291917, 12.1295675], [-1.5291595, 12.1295019], [-1.52913, 12.1293734], [-1.5290684, 12.1291663], [-1.5290576, 12.1290876], [-1.529063, 12.1289985], [-1.5289852, 12.1288201], [-1.5289155, 12.128668], [-1.5288565, 12.1286208], [-1.5287545, 12.1286444], [-1.528784, 12.1287336], [-1.5288055, 12.1288962], [-1.5288109, 12.1290378], [-1.5289128, 12.1291532], [-1.5289691, 12.1293472], [-1.529012, 12.1294547], [-1.5289664, 12.129536], [-1.5289235, 12.1295596], [-1.5288618, 12.1295177], [-1.5288202, 12.1295231], [-1.5288513, 12.1297222], [-1.5289477, 12.1296855], [-1.5290308, 12.1296593], [-1.5291166, 12.1297327], [-1.5292454, 12.1298376], [-1.5293688, 12.1299425], [-1.5295082, 12.129974], [-1.5296933, 12.1299792], [-1.5298569, 12.130008], [-1.5299508, 12.1300762], [-1.53005, 12.1301549], [-1.5301305, 12.130286], [-1.5301976, 12.1305115], [-1.5302324, 12.1306453], [-1.5302753, 12.1307108], [-1.5303344, 12.1307108], [-1.5304068, 12.130661], [-1.5304953, 12.1306715], [-1.530557, 12.1307344], [-1.5305999, 12.1308524], [-1.5306562, 12.1309993], [-1.5307179, 12.1311409], [-1.5307742, 12.1311828], [-1.5308949, 12.1312536], [-1.5309137, 12.1313166], [-1.5309459, 12.13139], [-1.530962, 12.1314136], [-1.5310478, 12.131411], [-1.5311068, 12.1314057], [-1.5312114, 12.1315919], [-1.5312973, 12.1317519], [-1.5312919, 12.1318987], [-1.5313053, 12.1319433], [-1.5314019, 12.131959], [-1.5314318, 12.1320287], [-1.5314367, 12.1320403], [-1.5314662, 12.1320875], [-1.5313938, 12.1321452], [-1.5313402, 12.1322842], [-1.5309352, 12.132591], [-1.5309104, 12.1327105], [-1.5296236, 12.1335796], [-1.5252623, 12.1340294], [-1.5252274, 12.1340648], [-1.5250598, 12.1341015], [-1.5244965, 12.1341631], [-1.5244308, 12.1340988], [-1.5244067, 12.133994], [-1.5243557, 12.1338995], [-1.5243477, 12.1338209], [-1.524412, 12.1337475], [-1.5244576, 12.1336032], [-1.524455, 12.1334669], [-1.5243611, 12.1332781], [-1.5243503, 12.133147], [-1.5243611, 12.1329949], [-1.5244362, 12.1326277], [-1.5245059, 12.1325674], [-1.5245944, 12.1323865], [-1.5246776, 12.1321741], [-1.5246937, 12.1319118], [-1.524691, 12.1317545], [-1.5247017, 12.1316339], [-1.5248922, 12.1315683], [-1.5250772, 12.131508], [-1.5250263, 12.1311225], [-1.5249431, 12.131015], [-1.5249485, 12.1309127], [-1.525037, 12.1308629], [-1.5250745, 12.1307764], [-1.5251523, 12.1303726], [-1.5251577, 12.1301156], [-1.5252516, 12.1300461], [-1.5255171, 12.1300107], [-1.525662, 12.1296907], [-1.5256673, 12.1292292], [-1.5257049, 12.1287834], [-1.5256244, 12.1280334], [-1.5256244, 12.1274355], [-1.5255922, 12.1269373], [-1.5255617, 12.1267917], [-1.5255493, 12.1267327], [-1.5256459, 12.1266226], [-1.5257961, 12.1262869], [-1.5259141, 12.125967], [-1.526531, 12.1254425], [-1.5264344, 12.1249233], [-1.526413, 12.1247817], [-1.5264559, 12.1244565], [-1.5266705, 12.1243884], [-1.526987, 12.124273], [-1.5270996, 12.1241261], [-1.5273142, 12.1237957], [-1.5275019, 12.1231978], [-1.5275717, 12.1227205], [-1.5274161, 12.1222275], [-1.5270835, 12.121766], [-1.526928, 12.1215614], [-1.5269172, 12.1213044], [-1.5270513, 12.1210317], [-1.5271318, 12.1209425], [-1.5271989, 12.1208402], [-1.5272069, 12.1207458], [-1.5271935, 12.120675], [-1.5271211, 12.1204626], [-1.5270942, 12.1203315], [-1.5270862, 12.1202528], [-1.527164, 12.1200037], [-1.5272203, 12.1198778], [-1.5272498, 12.1198411], [-1.5273276, 12.1198018], [-1.5273933, 12.1197664], [-1.5274134, 12.1197349], [-1.5274282, 12.1196418], [-1.5274429, 12.1194582], [-1.5274456, 12.1193769], [-1.5274282, 12.1193533], [-1.5273289, 12.1193166], [-1.52729, 12.1192812], [-1.5272766, 12.1192261], [-1.5272914, 12.1191566], [-1.5273343, 12.1190452], [-1.5274054, 12.118918], [-1.5274483, 12.118838], [-1.5274631, 12.1187869], [-1.5274604, 12.1187541], [-1.5274161, 12.1186781], [-1.5274389, 12.1186335], [-1.5274912, 12.1185627], [-1.5275462, 12.1185168], [-1.52762, 12.1184866], [-1.5276723, 12.1184656], [-1.5277031, 12.1184761], [-1.5277004, 12.1185194], [-1.5277031, 12.1185718], [-1.52775, 12.1186374], [-1.5277715, 12.1186676], [-1.5277728, 12.1187672], [-1.5277621, 12.1188498], [-1.5277272, 12.1189075], [-1.5276012, 12.1190255], [-1.5275221, 12.1191016], [-1.5275154, 12.1191462], [-1.5275596, 12.1191698], [-1.5275985, 12.1192379], [-1.5276723, 12.1193612], [-1.5276763, 12.119453], [-1.5276817, 12.1195146], [-1.5277554, 12.1196169], [-1.5278104, 12.1196339], [-1.5279472, 12.1196484], [-1.527966, 12.1196877], [-1.5280049, 12.1197742], [-1.5280612, 12.1197782], [-1.5281349, 12.1197664], [-1.5281537, 12.1198044], [-1.5281658, 12.1198293], [-1.5282919, 12.1198293], [-1.5283562, 12.1198477], [-1.5284608, 12.1198686], [-1.5285265, 12.1198936], [-1.5285842, 12.1199394], [-1.5286084, 12.1200102], [-1.5286164, 12.1201086], [-1.5286365, 12.1201414], [-1.5286875, 12.1201755], [-1.5287988, 12.1202122], [-1.528831, 12.1201978], [-1.528843, 12.1201663], [-1.528843, 12.1200902], [-1.5290147, 12.120047], [-1.5291743, 12.1200443], [-1.5291917, 12.1200758], [-1.5292011, 12.1201637], [-1.5291998, 12.1202856], [-1.5291797, 12.1204115], [-1.5291502, 12.1204718], [-1.5290965, 12.1205478], [-1.5290335, 12.120595], [-1.5289463, 12.1206265], [-1.52889, 12.1206449], [-1.5288484, 12.1206685], [-1.5288632, 12.1207249], [-1.5288202, 12.1207498], [-1.5288162, 12.1208455], [-1.5287653, 12.1208861], [-1.5287572, 12.1209399], [-1.5287707, 12.1210148]]]}}, {"type": "Feature", "properties": {"source_id": 45, "name": "water", "osm_id": 708004198, "superficie_km2": 0.626}, "geometry": {"type": "Polygon", "coordinates": [[[-1.5287707, 12.1210148], [-1.5288444, 12.1211379], [-1.5289704, 12.1212034], [-1.5290067, 12.1213595], [-1.5292561, 12.1218027], [-1.5297926, 12.122453], [-1.5298408, 12.1226261], [-1.5299642, 12.1235072], [-1.530093, 12.124016], [-1.5300769, 12.1241314], [-1.5299106, 12.1243621], [-1.5298247, 12.1244985], [-1.5298516, 12.1246663], [-1.5295351, 12.1252485], [-1.529401, 12.1255789], [-1.529358, 12.1257362], [-1.5292883, 12.1263184], [-1.5291327, 12.1265125], [-1.529122, 12.1266226], [-1.5291488, 12.1267904], [-1.5288806, 12.1270107], [-1.528827, 12.1273254], [-1.5287423, 12.1274156], [-1.5285909, 12.1280544], [-1.5286419, 12.1280334], [-1.5287116, 12.12812], [-1.528827, 12.1281462], [-1.5288967, 12.1280806], [-1.5289798, 12.1280623], [-1.5290469, 12.1281121], [-1.5291166, 12.1280701], [-1.529122, 12.1279993], [-1.5290925, 12.1278918], [-1.5290871, 12.1278053], [-1.5291595, 12.1276951], [-1.5292668, 12.1276768], [-1.5293258, 12.1277555], [-1.5292963, 12.1278813], [-1.5292642, 12.1280361], [-1.5291864, 12.1281042], [-1.5292695, 12.1282773], [-1.5292856, 12.1285684], [-1.529232, 12.1286523], [-1.5292481, 12.1287913], [-1.5293071, 12.1290666], [-1.5293714, 12.1291138], [-1.5294036, 12.1294914], [-1.5293205, 12.129557], [-1.5291917, 12.1295675], [-1.5291595, 12.1295019], [-1.52913, 12.1293734], [-1.5290684, 12.1291663], [-1.5290576, 12.1290876], [-1.529063, 12.1289985], [-1.5289852, 12.1288201], [-1.5289155, 12.128668], [-1.5288565, 12.1286208], [-1.5287545, 12.1286444], [-1.528784, 12.1287336], [-1.5288055, 12.1288962], [-1.5288109, 12.1290378], [-1.5289128, 12.1291532], [-1.5289691, 12.1293472], [-1.529012, 12.1294547], [-1.5289664, 12.129536], [-1.5289235, 12.1295596], [-1.5288618, 12.1295177], [-1.5288202, 12.1295231], [-1.5288513, 12.1297222], [-1.5289477, 12.1296855], [-1.5290308, 12.1296593], [-1.5291166, 12.1297327], [-1.5292454, 12.1298376], [-1.5293688, 12.1299425], [-1.5295082, 12.129974], [-1.5296933, 12.1299792], [-1.5298569, 12.130008], [-1.5299508, 12.1300762], [-1.53005, 12.1301549], [-1.5301305, 12.130286], [-1.5301976, 12.1305115], [-1.5302324, 12.1306453], [-1.5302753, 12.1307108], [-1.5303344, 12.1307108], [-1.5304068, 12.130661], [-1.5304953, 12.1306715], [-1.530557, 12.1307344], [-1.5305999, 12.1308524], [-1.5306562, 12.1309993], [-1.5307179, 12.1311409], [-1.5307742, 12.1311828], [-1.5308949, 12.1312536], [-1.5309137, 12.1313166], [-1.5309459, 12.13139], [-1.530962, 12.1314136], [-1.5310478, 12.131411], [-1.5311068, 12.1314057], [-1.5312114, 12.1315919], [-1.5312973, 12.1317519], [-1.5312919, 12.1318987], [-1.5313053, 12.1319433], [-1.5314019, 12.131959], [-1.5314318, 12.1320287], [-1.5314367, 12.1320403], [-1.5314662, 12.1320875], [-1.5313938, 12.1321452], [-1.5313402, 12.1322842], [-1.5309352, 12.132591], [-1.5309104, 12.1327105], [-1.5296236, 12.1335796], [-1.5252623, 12.1340294], [-1.5252274, 12.1340648], [-1.5250598, 12.1341015], [-1.5244965, 12.1341631], [-1.5244308, 12.1340988], [-1.5244067, 12.133994], [-1.5243557, 12.1338995], [-1.5243477, 12.1338209], [-1.524412, 12.1337475], [-1.5244576, 12.1336032], [-1.524455, 12.1334669], [-1.5243611, 12.1332781], [-1.5243503, 12.133147], [-1.5243611, 12.1329949], [-1.5244362, 12.1326277], [-1.5245059, 12.1325674], [-1.5245944, 12.1323865], [-1.5246776, 12.1321741], [-1.5246937, 12.1319118], [-1.524691, 12.1317545], [-1.5247017, 12.1316339], [-1.5248922, 12.1315683], [-1.5250772, 12.131508], [-1.5250263, 12.1311225], [-1.5249431, 12.131015], [-1.5249485, 12.1309127], [-1.525037, 12.1308629], [-1.5250745, 12.1307764], [-1.5251523, 12.1303726], [-1.5251577, 12.1301156], [-1.5252516, 12.1300461], [-1.5255171, 12.1300107], [-1.525662, 12.1296907], [-1.5256673, 12.1292292], [-1.5257049, 12.1287834], [-1.5256244, 12.1280334], [-1.5256244, 12.1274355], [-1.5255922, 12.1269373], [-1.5255617, 12.1267917], [-1.5255493, 12.1267327], [-1.5256459, 12.1266226], [-1.5257961, 12.1262869], [-1.5259141, 12.125967], [-1.526531, 12.1254425], [-1.5264344, 12.1249233], [-1.526413, 12.1247817], [-1.5264559, 12.1244565], [-1.5266705, 12.1243884], [-1.526987, 12.124273], [-1.5270996, 12.1241261], [-1.5273142, 12.1237957], [-1.5275019, 12.1231978], [-1.5275717, 12.1227205], [-1.5274161, 12.1222275], [-1.5270835, 12.121766], [-1.526928, 12.1215614], [-1.5269172, 12.1213044], [-1.5270513, 12.1210317], [-1.5271318, 12.1209425], [-1.5271989, 12.1208402], [-1.5272069, 12.1207458], [-1.5271935, 12.120675], [-1.5271211, 12.1204626], [-1.5270942, 12.1203315], [-1.5270862, 12.1202528], [-1.527164, 12.1200037], [-1.5272203, 12.1198778], [-1.5272498, 12.1198411], [-1.5273276, 12.1198018], [-1.5273933, 12.1197664], [-1.5274134, 12.1197349], [-1.5274282, 12.1196418], [-1.5274429, 12.1194582], [-1.5274456, 12.1193769], [-1.5274282, 12.1193533], [-1.5273289, 12.1193166], [-1.52729, 12.1192812], [-1.5272766, 12.1192261], [-1.5272914, 12.1191566], [-1.5273343, 12.1190452], [-1.5274054, 12.118918], [-1.5274483, 12.118838], [-1.5274631, 12.1187869], [-1.5274604, 12.1187541], [-1.5274161, 12.1186781], [-1.5274389, 12.1186335], [-1.5274912, 12.1185627], [-1.5275462, 12.1185168], [-1.52762, 12.1184866], [-1.5276723, 12.1184656], [-1.5277031, 12.1184761], [-1.5277004, 12.1185194], [-1.5277031, 12.1185718], [-1.52775, 12.1186374], [-1.5277715, 12.1186676], [-1.5277728, 12.1187672], [-1.5277621, 12.1188498], [-1.5277272, 12.1189075], [-1.5276012, 12.1190255], [-1.5275221, 12.1191016], [-1.5275154, 12.1191462], [-1.5275596, 12.1191698], [-1.5275985, 12.1192379], [-1.5276723, 12.1193612], [-1.5276763, 12.119453], [-1.5276817, 12.1195146], [-1.5277554, 12.1196169], [-1.5278104, 12.1196339], [-1.5279472, 12.1196484], [-1.527966, 12.1196877], [-1.5280049, 12.1197742], [-1.5280612, 12.1197782], [-1.5281349, 12.1197664], [-1.5281537, 12.1198044], [-1.5281658, 12.1198293], [-1.5282919, 12.1198293], [-1.5283562, 12.1198477], [-1.5284608, 12.1198686], [-1.5285265, 12.1198936], [-1.5285842, 12.1199394], [-1.5286084, 12.1200102], [-1.5286164, 12.1201086], [-1.5286365, 12.1201414], [-1.5286875, 12.1201755], [-1.5287988, 12.1202122], [-1.528831, 12.1201978], [-1.528843, 12.1201663], [-1.528843, 12.1200902], [-1.5290147, 12.120047], [-1.5291743, 12.1200443], [-1.5291917, 12.1200758], [-1.5292011, 12.1201637], [-1.5291998, 12.1202856], [-1.5291797, 12.1204115], [-1.5291502, 12.1204718], [-1.5290965, 12.1205478], [-1.5290335, 12.120595], [-1.5289463, 12.1206265], [-1.52889, 12.1206449], [-1.5288484, 12.1206685], [-1.5288632, 12.1207249], [-1.5288202, 12.1207498], [-1.5288162, 12.1208455], [-1.5287653, 12.1208861], [-1.5287572, 12.1209399], [-1.5287707, 12.1210148]]]}}, {"type": "Feature", "properties": {"source_id": 46, "name": "reservoir", "osm_id": 472300248, "superficie_km2": 0.33}, "geometry": {"type": "Polygon", "coordinates": [[[-1.5471819, 12.2430658], [-1.5470558, 12.2429505], [-1.5468761, 12.2428745], [-1.5466374, 12.2428614], [-1.5464604, 12.2428902], [-1.5462297, 12.242961], [-1.5459749, 12.2429689], [-1.545873, 12.2428483], [-1.5457871, 12.2427041], [-1.5456745, 12.2425232], [-1.5455216, 12.2422769], [-1.5454411, 12.2422611], [-1.5451997, 12.2420934], [-1.5451649, 12.2420042], [-1.5450978, 12.2419361], [-1.5449422, 12.2416347], [-1.5447813, 12.2413568], [-1.5446445, 12.2412677], [-1.5443387, 12.2411655], [-1.5440625, 12.2410999], [-1.5437406, 12.2409741], [-1.5435019, 12.240767], [-1.5433973, 12.24067], [-1.5431854, 12.2405914], [-1.5429038, 12.2404735], [-1.5428367, 12.2404053], [-1.5426436, 12.2403057], [-1.542488, 12.2402271], [-1.5423807, 12.2402218], [-1.5422895, 12.2401327], [-1.5422761, 12.2400698], [-1.5420428, 12.239999], [-1.5419435, 12.239944], [-1.541627, 12.239902], [-1.5414822, 12.2399492], [-1.5413903, 12.2399531], [-1.5411094, 12.2399649], [-1.5410047, 12.2399597], [-1.5409028, 12.2399623], [-1.5407553, 12.239902], [-1.5405783, 12.2398942], [-1.5404536, 12.2398522], [-1.5403731, 12.2398024], [-1.5402859, 12.2397421], [-1.5402537, 12.2397081], [-1.5402055, 12.2397316], [-1.5401961, 12.2397683], [-1.540239, 12.239826], [-1.5402712, 12.2398994], [-1.5402899, 12.2400121], [-1.5403074, 12.2400423], [-1.540353, 12.2400436], [-1.5404415, 12.2400095], [-1.5404898, 12.2399964], [-1.5405018, 12.2400331], [-1.5404898, 12.2400803], [-1.5404455, 12.2401052], [-1.5404106, 12.2400934], [-1.5403449, 12.2401052], [-1.5402926, 12.2401746], [-1.5402189, 12.2401576], [-1.5402712, 12.240096], [-1.540239, 12.2400331], [-1.540188, 12.2399767], [-1.5401974, 12.2399269], [-1.5401679, 12.2398745], [-1.5400928, 12.2398732], [-1.5400459, 12.2398496], [-1.5399426, 12.2397959], [-1.5398916, 12.2397775], [-1.5397964, 12.2396845], [-1.5397562, 12.2396596], [-1.5396771, 12.2396412], [-1.5396462, 12.2395809], [-1.5396113, 12.2394708], [-1.5395631, 12.239463], [-1.5395362, 12.2395049], [-1.5395121, 12.2395023], [-1.5394893, 12.239425], [-1.5394692, 12.239324], [-1.5394705, 12.2391982], [-1.5394343, 12.239189], [-1.5394249, 12.2393162], [-1.5393243, 12.2392847], [-1.5392935, 12.2392559], [-1.5392841, 12.2391641], [-1.5392036, 12.2391746], [-1.5392452, 12.239252], [-1.539209, 12.2392808], [-1.5391165, 12.2392585], [-1.5390038, 12.2392611], [-1.5389837, 12.2392126], [-1.5388, 12.2392402], [-1.5387396, 12.2392428], [-1.5386712, 12.2392048], [-1.5386323, 12.2391156], [-1.5386457, 12.2390331], [-1.538682, 12.2389689], [-1.5387356, 12.2389518], [-1.5388013, 12.2389269], [-1.5388912, 12.2388286], [-1.5388965, 12.2387618], [-1.5389421, 12.2387172], [-1.5390575, 12.2387015], [-1.5391111, 12.2386648], [-1.5391567, 12.2386858], [-1.5391862, 12.2386818], [-1.5392144, 12.238615], [-1.5392171, 12.2385862], [-1.5391527, 12.2385259], [-1.5391272, 12.2385259], [-1.5390414, 12.2385875], [-1.5389596, 12.2384774], [-1.5389086, 12.2384866], [-1.5388751, 12.238463], [-1.5388751, 12.2383765], [-1.5388362, 12.2383607], [-1.5388161, 12.2383411], [-1.5388268, 12.2382991], [-1.5388247, 12.2382376], [-1.5392829, 12.2378568], [-1.5392494, 12.2378096], [-1.5394332, 12.2376681], [-1.5396025, 12.2375377], [-1.539649, 12.2375933], [-1.5407453, 12.2367382], [-1.5408645, 12.2366452], [-1.5411659, 12.2365656], [-1.5414346, 12.2364249], [-1.541625, 12.2362781], [-1.5416921, 12.2362677], [-1.5418342, 12.2363122], [-1.5418879, 12.2362939], [-1.5420703, 12.2360422], [-1.5421427, 12.236037], [-1.5421612, 12.2360708], [-1.5421829, 12.2361104], [-1.5421427, 12.2361811], [-1.542148, 12.2362283], [-1.5420649, 12.2363961], [-1.5419308, 12.2364669], [-1.5419308, 12.2365376], [-1.5420193, 12.2367788], [-1.5420273, 12.2369072], [-1.5419576, 12.2370357], [-1.5419308, 12.2371432], [-1.541845, 12.2372532], [-1.5416706, 12.2373555], [-1.5415714, 12.2374498], [-1.5415928, 12.2374918], [-1.5417457, 12.2374289], [-1.5419952, 12.2373319], [-1.5422178, 12.2374], [-1.5423009, 12.2373869], [-1.5424645, 12.2374158], [-1.5426362, 12.2375023], [-1.5427301, 12.2375599], [-1.542781, 12.237636], [-1.5428937, 12.237691], [-1.5429554, 12.2377644], [-1.5430895, 12.2378011], [-1.5432451, 12.2378902], [-1.5434435, 12.2380239], [-1.5438056, 12.2381209], [-1.5438942, 12.2381497], [-1.5442294, 12.2382755], [-1.5445272, 12.2384276], [-1.5448249, 12.2385534], [-1.5449831, 12.238632], [-1.5451628, 12.2387107], [-1.5454069, 12.2388286], [-1.5456376, 12.2389204], [-1.5459621, 12.2389649], [-1.5461472, 12.2389649], [-1.5463001, 12.2388968], [-1.5464181, 12.2388339], [-1.5464986, 12.2386635], [-1.5465361, 12.2386504], [-1.5467641, 12.2386713], [-1.5469224, 12.2387631], [-1.5469499, 12.2387607], [-1.5471316, 12.2387447], [-1.5471235, 12.2386582], [-1.5471986, 12.2386032], [-1.5472952, 12.2385848], [-1.5473757, 12.2386137], [-1.5473542, 12.2387343], [-1.5474266, 12.2388417], [-1.5476278, 12.2389623], [-1.5477396, 12.2389401], [-1.5477904, 12.23893], [-1.5478788, 12.2389124], [-1.5480757, 12.2388732], [-1.5480937, 12.238867], [-1.5483444, 12.2387815], [-1.5485827, 12.2387002], [-1.5487624, 12.2386451], [-1.548993, 12.2386582], [-1.5490869, 12.238674], [-1.5491325, 12.238708], [-1.5492183, 12.2387133], [-1.5492817, 12.2387099], [-1.5493176, 12.238708], [-1.5494517, 12.2387867], [-1.5495161, 12.2387762], [-1.5496395, 12.238826], [-1.5497011, 12.2389046], [-1.5498218, 12.2388784], [-1.5499499, 12.238793], [-1.5501376, 12.238835], [-1.5501303, 12.2389282], [-1.5500632, 12.2390593], [-1.5498115, 12.2391324], [-1.5497655, 12.2391458], [-1.5495965, 12.2391668], [-1.5494034, 12.2391012], [-1.5491164, 12.2389675], [-1.548934, 12.2389833], [-1.548757, 12.2389571], [-1.5486122, 12.238978], [-1.5485102, 12.2391222], [-1.5483815, 12.2392402], [-1.5481723, 12.2392873], [-1.5480328, 12.2392978], [-1.547786, 12.2393974], [-1.5475902, 12.2394918], [-1.5472898, 12.2394761], [-1.5470968, 12.2394531], [-1.5469493, 12.2394479], [-1.5468465, 12.2394543], [-1.5467714, 12.2395146], [-1.5467661, 12.2395801], [-1.546809, 12.2396011], [-1.5469592, 12.2396981], [-1.5468251, 12.2398187], [-1.5467366, 12.2399681], [-1.5467151, 12.2402171], [-1.5467366, 12.2404058], [-1.5467902, 12.2405919], [-1.5468519, 12.240744], [-1.5469565, 12.2407597], [-1.5470397, 12.2408016], [-1.5471577, 12.2408776], [-1.5472274, 12.2409589], [-1.5472676, 12.2411057], [-1.5472462, 12.2412472], [-1.5471764, 12.2414438], [-1.5471764, 12.2415828], [-1.5472328, 12.2416273], [-1.5473106, 12.2417269], [-1.5473427, 12.241913], [-1.5474232, 12.2421253], [-1.5475788, 12.2421987], [-1.5476163, 12.2422643], [-1.547678, 12.2423036], [-1.5477853, 12.2423219], [-1.5479047, 12.2424104], [-1.5480068, 12.2424672], [-1.5481168, 12.2425105], [-1.5483542, 12.2427372], [-1.5485419, 12.2428538], [-1.5486479, 12.2430418], [-1.5487235, 12.2431419], [-1.5489031, 12.2433071], [-1.5489231, 12.2433256], [-1.5490433, 12.243451], [-1.5491304, 12.2435179], [-1.5493276, 12.243527], [-1.5494282, 12.2435179], [-1.5494738, 12.2435441], [-1.5495757, 12.2436607], [-1.5497125, 12.2437394], [-1.5498184, 12.2437892], [-1.5498077, 12.2439399], [-1.5498171, 12.2439844], [-1.5498452, 12.2440264], [-1.5498278, 12.2441089], [-1.549797, 12.2441601], [-1.5496012, 12.2441378], [-1.5496293, 12.2439818], [-1.549632, 12.2438678], [-1.5496065, 12.2437918], [-1.5493946, 12.2436568], [-1.5492377, 12.2435991], [-1.5491854, 12.2436332], [-1.5490097, 12.2436529], [-1.548881, 12.2436476], [-1.5487898, 12.243645], [-1.5487254, 12.2436057], [-1.5486128, 12.2435899], [-1.5485389, 12.2434642], [-1.5485189, 12.2434301], [-1.5483995, 12.2432649], [-1.5483366, 12.2431443], [-1.5482379, 12.2430449], [-1.548096, 12.243059], [-1.5480482, 12.2431116], [-1.5479395, 12.2431732], [-1.5478175, 12.2431902], [-1.5476767, 12.2431666], [-1.5476096, 12.2431299], [-1.5475372, 12.2430749], [-1.5474809, 12.2431142], [-1.5474541, 12.2431902], [-1.5474755, 12.2433567], [-1.5475131, 12.243451], [-1.547552, 12.2435074], [-1.5475371, 12.2435245], [-1.5475225, 12.2435415], [-1.5474904, 12.2435203], [-1.5474562, 12.2434977], [-1.5474272, 12.2434785], [-1.5474031, 12.2434248], [-1.5473588, 12.2432479], [-1.5472784, 12.2431627], [-1.5471819, 12.2430658]]]}}, {"type": "Feature", "properties": {"source_id": 47, "name": "reservoir", "osm_id": 472300248, "superficie_km2": 0.33}, "geometry": {"type": "Polygon", "coordinates": [[[-1.5471819, 12.2430658], [-1.5470558, 12.2429505], [-1.5468761, 12.2428745], [-1.5466374, 12.2428614], [-1.5464604, 12.2428902], [-1.5462297, 12.242961], [-1.5459749, 12.2429689], [-1.545873, 12.2428483], [-1.5457871, 12.2427041], [-1.5456745, 12.2425232], [-1.5455216, 12.2422769], [-1.5454411, 12.2422611], [-1.5451997, 12.2420934], [-1.5451649, 12.2420042], [-1.5450978, 12.2419361], [-1.5449422, 12.2416347], [-1.5447813, 12.2413568], [-1.5446445, 12.2412677], [-1.5443387, 12.2411655], [-1.5440625, 12.2410999], [-1.5437406, 12.2409741], [-1.5435019, 12.240767], [-1.5433973, 12.24067], [-1.5431854, 12.2405914], [-1.5429038, 12.2404735], [-1.5428367, 12.2404053], [-1.5426436, 12.2403057], [-1.542488, 12.2402271], [-1.5423807, 12.2402218], [-1.5422895, 12.2401327], [-1.5422761, 12.2400698], [-1.5420428, 12.239999], [-1.5419435, 12.239944], [-1.541627, 12.239902], [-1.5414822, 12.2399492], [-1.5413903, 12.2399531], [-1.5411094, 12.2399649], [-1.5410047, 12.2399597], [-1.5409028, 12.2399623], [-1.5407553, 12.239902], [-1.5405783, 12.2398942], [-1.5404536, 12.2398522], [-1.5403731, 12.2398024], [-1.5402859, 12.2397421], [-1.5402537, 12.2397081], [-1.5402055, 12.2397316], [-1.5401961, 12.2397683], [-1.540239, 12.239826], [-1.5402712, 12.2398994], [-1.5402899, 12.2400121], [-1.5403074, 12.2400423], [-1.540353, 12.2400436], [-1.5404415, 12.2400095], [-1.5404898, 12.2399964], [-1.5405018, 12.2400331], [-1.5404898, 12.2400803], [-1.5404455, 12.2401052], [-1.5404106, 12.2400934], [-1.5403449, 12.2401052], [-1.5402926, 12.2401746], [-1.5402189, 12.2401576], [-1.5402712, 12.240096], [-1.540239, 12.2400331], [-1.540188, 12.2399767], [-1.5401974, 12.2399269], [-1.5401679, 12.2398745], [-1.5400928, 12.2398732], [-1.5400459, 12.2398496], [-1.5399426, 12.2397959], [-1.5398916, 12.2397775], [-1.5397964, 12.2396845], [-1.5397562, 12.2396596], [-1.5396771, 12.2396412], [-1.5396462, 12.2395809], [-1.5396113, 12.2394708], [-1.5395631, 12.239463], [-1.5395362, 12.2395049], [-1.5395121, 12.2395023], [-1.5394893, 12.239425], [-1.5394692, 12.239324], [-1.5394705, 12.2391982], [-1.5394343, 12.239189], [-1.5394249, 12.2393162], [-1.5393243, 12.2392847], [-1.5392935, 12.2392559], [-1.5392841, 12.2391641], [-1.5392036, 12.2391746], [-1.5392452, 12.239252], [-1.539209, 12.2392808], [-1.5391165, 12.2392585], [-1.5390038, 12.2392611], [-1.5389837, 12.2392126], [-1.5388, 12.2392402], [-1.5387396, 12.2392428], [-1.5386712, 12.2392048], [-1.5386323, 12.2391156], [-1.5386457, 12.2390331], [-1.538682, 12.2389689], [-1.5387356, 12.2389518], [-1.5388013, 12.2389269], [-1.5388912, 12.2388286], [-1.5388965, 12.2387618], [-1.5389421, 12.2387172], [-1.5390575, 12.2387015], [-1.5391111, 12.2386648], [-1.5391567, 12.2386858], [-1.5391862, 12.2386818], [-1.5392144, 12.238615], [-1.5392171, 12.2385862], [-1.5391527, 12.2385259], [-1.5391272, 12.2385259], [-1.5390414, 12.2385875], [-1.5389596, 12.2384774], [-1.5389086, 12.2384866], [-1.5388751, 12.238463], [-1.5388751, 12.2383765], [-1.5388362, 12.2383607], [-1.5388161, 12.2383411], [-1.5388268, 12.2382991], [-1.5388247, 12.2382376], [-1.5392829, 12.2378568], [-1.5392494, 12.2378096], [-1.5394332, 12.2376681], [-1.5396025, 12.2375377], [-1.539649, 12.2375933], [-1.5407453, 12.2367382], [-1.5408645, 12.2366452], [-1.5411659, 12.2365656], [-1.5414346, 12.2364249], [-1.541625, 12.2362781], [-1.5416921, 12.2362677], [-1.5418342, 12.2363122], [-1.5418879, 12.2362939], [-1.5420703, 12.2360422], [-1.5421427, 12.236037], [-1.5421612, 12.2360708], [-1.5421829, 12.2361104], [-1.5421427, 12.2361811], [-1.542148, 12.2362283], [-1.5420649, 12.2363961], [-1.5419308, 12.2364669], [-1.5419308, 12.2365376], [-1.5420193, 12.2367788], [-1.5420273, 12.2369072], [-1.5419576, 12.2370357], [-1.5419308, 12.2371432], [-1.541845, 12.2372532], [-1.5416706, 12.2373555], [-1.5415714, 12.2374498], [-1.5415928, 12.2374918], [-1.5417457, 12.2374289], [-1.5419952, 12.2373319], [-1.5422178, 12.2374], [-1.5423009, 12.2373869], [-1.5424645, 12.2374158], [-1.5426362, 12.2375023], [-1.5427301, 12.2375599], [-1.542781, 12.237636], [-1.5428937, 12.237691], [-1.5429554, 12.2377644], [-1.5430895, 12.2378011], [-1.5432451, 12.2378902], [-1.5434435, 12.2380239], [-1.5438056, 12.2381209], [-1.5438942, 12.2381497], [-1.5442294, 12.2382755], [-1.5445272, 12.2384276], [-1.5448249, 12.2385534], [-1.5449831, 12.238632], [-1.5451628, 12.2387107], [-1.5454069, 12.2388286], [-1.5456376, 12.2389204], [-1.5459621, 12.2389649], [-1.5461472, 12.2389649], [-1.5463001, 12.2388968], [-1.5464181, 12.2388339], [-1.5464986, 12.2386635], [-1.5465361, 12.2386504], [-1.5467641, 12.2386713], [-1.5469224, 12.2387631], [-1.5469499, 12.2387607], [-1.5471316, 12.2387447], [-1.5471235, 12.2386582], [-1.5471986, 12.2386032], [-1.5472952, 12.2385848], [-1.5473757, 12.2386137], [-1.5473542, 12.2387343], [-1.5474266, 12.2388417], [-1.5476278, 12.2389623], [-1.5477396, 12.2389401], [-1.5477904, 12.23893], [-1.5478788, 12.2389124], [-1.5480757, 12.2388732], [-1.5480937, 12.238867], [-1.5483444, 12.2387815], [-1.5485827, 12.2387002], [-1.5487624, 12.2386451], [-1.548993, 12.2386582], [-1.5490869, 12.238674], [-1.5491325, 12.238708], [-1.5492183, 12.2387133], [-1.5492817, 12.2387099], [-1.5493176, 12.238708], [-1.5494517, 12.2387867], [-1.5495161, 12.2387762], [-1.5496395, 12.238826], [-1.5497011, 12.2389046], [-1.5498218, 12.2388784], [-1.5499499, 12.238793], [-1.5501376, 12.238835], [-1.5501303, 12.2389282], [-1.5500632, 12.2390593], [-1.5498115, 12.2391324], [-1.5497655, 12.2391458], [-1.5495965, 12.2391668], [-1.5494034, 12.2391012], [-1.5491164, 12.2389675], [-1.548934, 12.2389833], [-1.548757, 12.2389571], [-1.5486122, 12.238978], [-1.5485102, 12.2391222], [-1.5483815, 12.2392402], [-1.5481723, 12.2392873], [-1.5480328, 12.2392978], [-1.547786, 12.2393974], [-1.5475902, 12.2394918], [-1.5472898, 12.2394761], [-1.5470968, 12.2394531], [-1.5469493, 12.2394479], [-1.5468465, 12.2394543], [-1.5467714, 12.2395146], [-1.5467661, 12.2395801], [-1.546809, 12.2396011], [-1.5469592, 12.2396981], [-1.5468251, 12.2398187], [-1.5467366, 12.2399681], [-1.5467151, 12.2402171], [-1.5467366, 12.2404058], [-1.5467902, 12.2405919], [-1.5468519, 12.240744], [-1.5469565, 12.2407597], [-1.5470397, 12.2408016], [-1.5471577, 12.2408776], [-1.5472274, 12.2409589], [-1.5472676, 12.2411057], [-1.5472462, 12.2412472], [-1.5471764, 12.2414438], [-1.5471764, 12.2415828], [-1.5472328, 12.2416273], [-1.5473106, 12.2417269], [-1.5473427, 12.241913], [-1.5474232, 12.2421253], [-1.5475788, 12.2421987], [-1.5476163, 12.2422643], [-1.547678, 12.2423036], [-1.5477853, 12.2423219], [-1.5479047, 12.2424104], [-1.5480068, 12.2424672], [-1.5481168, 12.2425105], [-1.5483542, 12.2427372], [-1.5485419, 12.2428538], [-1.5486479, 12.2430418], [-1.5487235, 12.2431419], [-1.5489031, 12.2433071], [-1.5489231, 12.2433256], [-1.5490433, 12.243451], [-1.5491304, 12.2435179], [-1.5493276, 12.243527], [-1.5494282, 12.2435179], [-1.5494738, 12.2435441], [-1.5495757, 12.2436607], [-1.5497125, 12.2437394], [-1.5498184, 12.2437892], [-1.5498077, 12.2439399], [-1.5498171, 12.2439844], [-1.5498452, 12.2440264], [-1.5498278, 12.2441089], [-1.549797, 12.2441601], [-1.5496012, 12.2441378], [-1.5496293, 12.2439818], [-1.549632, 12.2438678], [-1.5496065, 12.2437918], [-1.5493946, 12.2436568], [-1.5492377, 12.2435991], [-1.5491854, 12.2436332], [-1.5490097, 12.2436529], [-1.548881, 12.2436476], [-1.5487898, 12.243645], [-1.5487254, 12.2436057], [-1.5486128, 12.2435899], [-1.5485389, 12.2434642], [-1.5485189, 12.2434301], [-1.5483995, 12.2432649], [-1.5483366, 12.2431443], [-1.5482379, 12.2430449], [-1.548096, 12.243059], [-1.5480482, 12.2431116], [-1.5479395, 12.2431732], [-1.5478175, 12.2431902], [-1.5476767, 12.2431666], [-1.5476096, 12.2431299], [-1.5475372, 12.2430749], [-1.5474809, 12.2431142], [-1.5474541, 12.2431902], [-1.5474755, 12.2433567], [-1.5475131, 12.243451], [-1.547552, 12.2435074], [-1.5475371, 12.2435245], [-1.5475225, 12.2435415], [-1.5474904, 12.2435203], [-1.5474562, 12.2434977], [-1.5474272, 12.2434785], [-1.5474031, 12.2434248], [-1.5473588, 12.2432479], [-1.5472784, 12.2431627], [-1.5471819, 12.2430658]]]}}, {"type": "Feature", "properties": {"source_id": 48, "name": "water", "osm_id": 27883036, "superficie_km2": 0.35}, "geometry": {"type": "Polygon", "coordinates": [[[-1.5640502, 12.4537618], [-1.5645394, 12.4541222], [-1.5650544, 12.4541808], [-1.5654492, 12.4541557], [-1.5654664, 12.4544323], [-1.5656209, 12.4548094], [-1.5652518, 12.4548765], [-1.5648827, 12.4549938], [-1.5647969, 12.4552285], [-1.564651, 12.4556475], [-1.5643678, 12.4557146], [-1.5635953, 12.4554799], [-1.563106, 12.4553123], [-1.5625653, 12.4551614], [-1.5621018, 12.4552955], [-1.561707, 12.4552117], [-1.5611748, 12.4554128], [-1.5608487, 12.4555469], [-1.5604882, 12.4563348], [-1.5604195, 12.4569047], [-1.5605311, 12.4578266], [-1.5608144, 12.4583965], [-1.560574, 12.4591256], [-1.5603595, 12.4594022], [-1.5599904, 12.4588323], [-1.5596127, 12.4580361], [-1.5593295, 12.4577009], [-1.5589261, 12.4575752], [-1.5582394, 12.4574913], [-1.5570121, 12.4578685], [-1.5555787, 12.4581786], [-1.5548062, 12.4582456], [-1.5542397, 12.4585138], [-1.5540337, 12.4587652], [-1.5538106, 12.4585809], [-1.552856, 12.4549545], [-1.5529219, 12.4548401], [-1.5530549, 12.4547952], [-1.5535575, 12.4555187], [-1.5536454, 12.4555681], [-1.5539654, 12.4557477], [-1.5541117, 12.4559631], [-1.5547375, 12.4563599], [-1.555407, 12.4561671], [-1.5559563, 12.4559828], [-1.5564542, 12.4559828], [-1.5577588, 12.4553542], [-1.5578704, 12.4550441], [-1.5593037, 12.4545747], [-1.5599046, 12.4540719], [-1.5608487, 12.4534265], [-1.5609002, 12.4527979], [-1.5616898, 12.4525465], [-1.5619902, 12.4532589], [-1.563149, 12.4536361], [-1.5640502, 12.4537618]]]}}, {"type": "Feature", "properties": {"source_id": 49, "name": "water", "osm_id": 1344375754, "superficie_km2": 0.554}, "geometry": {"type": "Polygon", "coordinates": [[[-1.5799391, 11.945283], [-1.5799043, 11.9451019], [-1.5798506, 11.9449969], [-1.5797594, 11.9449024], [-1.579695, 11.9449208], [-1.5796199, 11.9449785], [-1.579569, 11.9451176], [-1.5794349, 11.9451622], [-1.579349, 11.9452383], [-1.5791532, 11.9451885], [-1.5789038, 11.9450284], [-1.5787509, 11.9448605], [-1.5786785, 11.9447266], [-1.5785766, 11.9444406], [-1.5785953, 11.9442753], [-1.5785149, 11.9442254], [-1.5785015, 11.9440391], [-1.5785283, 11.9439184], [-1.5786088, 11.9437898], [-1.5786436, 11.943677], [-1.5786785, 11.9436376], [-1.5788287, 11.943572], [-1.5788662, 11.943488], [-1.5788421, 11.9434356], [-1.5787509, 11.9432886], [-1.5787804, 11.9431863], [-1.5788233, 11.9431233], [-1.578818, 11.9430682], [-1.5788984, 11.9428556], [-1.5788636, 11.9428031], [-1.578814, 11.9427919], [-1.5787482, 11.9427769], [-1.5786114, 11.9428582], [-1.5785578, 11.9430026], [-1.5784371, 11.9429448], [-1.5783674, 11.9429029], [-1.5783405, 11.9428346], [-1.5783244, 11.9427638], [-1.5783083, 11.9426667], [-1.5781984, 11.942588], [-1.5779597, 11.942483], [-1.5777934, 11.9424751], [-1.5777075, 11.9425224], [-1.5776002, 11.9427533], [-1.5774983, 11.9427769], [-1.5773937, 11.9429317], [-1.5773535, 11.9430446], [-1.5772811, 11.9431128], [-1.5771684, 11.9431626], [-1.5771121, 11.9431207], [-1.5770102, 11.9430052], [-1.5769699, 11.9429265], [-1.5769431, 11.9427769], [-1.5768117, 11.9426903], [-1.5767151, 11.9425775], [-1.5765113, 11.9424646], [-1.5764764, 11.9424174], [-1.5764737, 11.9422888], [-1.576412, 11.9422442], [-1.5763932, 11.942113], [-1.5763637, 11.9418217], [-1.5762967, 11.9415986], [-1.576235, 11.9415173], [-1.5761492, 11.9414438], [-1.576066, 11.9412969], [-1.5759987, 11.9411579], [-1.5759668, 11.9410922], [-1.5759051, 11.9408954], [-1.5758702, 11.9407169], [-1.5757976, 11.9406648], [-1.5757388, 11.9406225], [-1.5756583, 11.9405726], [-1.5755966, 11.9403968], [-1.575492, 11.9402577], [-1.5755188, 11.9402157], [-1.5755001, 11.940179], [-1.5754062, 11.9401711], [-1.5753499, 11.9400924], [-1.5753928, 11.9399507], [-1.5753633, 11.9398667], [-1.5752748, 11.9398326], [-1.5751889, 11.9397302], [-1.5750468, 11.9394993], [-1.5749931, 11.9394888], [-1.5749502, 11.9395019], [-1.5749154, 11.939418], [-1.5749341, 11.939229], [-1.5749717, 11.9391188], [-1.5749824, 11.9390322], [-1.5749368, 11.9389718], [-1.5748682, 11.9389231], [-1.5747705, 11.9388538], [-1.5747491, 11.9388039], [-1.574792, 11.9387803], [-1.5748644, 11.9387488], [-1.5748858, 11.9386753], [-1.5749395, 11.9385677], [-1.5749154, 11.9385152], [-1.5748743, 11.9384674], [-1.5748456, 11.9384339], [-1.5747732, 11.9383998], [-1.5748, 11.9383027], [-1.5748107, 11.9382449], [-1.5747893, 11.9381715], [-1.5747581, 11.9381659], [-1.5747303, 11.938161], [-1.5747196, 11.9382948], [-1.5746981, 11.9383709], [-1.5746257, 11.9383919], [-1.5744916, 11.9384103], [-1.5744352, 11.9384549], [-1.5744004, 11.9385992], [-1.5743789, 11.9387357], [-1.574395, 11.9388433], [-1.5744701, 11.9389535], [-1.5745211, 11.9391162], [-1.5745264, 11.9393104], [-1.5745264, 11.9394836], [-1.5745211, 11.9396069], [-1.5744621, 11.9396882], [-1.5744165, 11.939809], [-1.5743655, 11.9399979], [-1.5743682, 11.9401317], [-1.5743896, 11.9402603], [-1.5744433, 11.9407038], [-1.5744433, 11.9408324], [-1.5744138, 11.9410581], [-1.5744647, 11.9411027], [-1.5744647, 11.9411893], [-1.5743789, 11.9412733], [-1.5743575, 11.9414648], [-1.5744594, 11.941806], [-1.5745291, 11.9419424], [-1.574631, 11.9420605], [-1.5747786, 11.9423806], [-1.5748563, 11.9425197], [-1.5748537, 11.9426247], [-1.5748107, 11.9426746], [-1.5747142, 11.9426903], [-1.5743735, 11.9427165], [-1.5742421, 11.9427664], [-1.5742099, 11.942832], [-1.5742126, 11.9429448], [-1.5742716, 11.9429685], [-1.574218, 11.9430524], [-1.5740275, 11.9431521], [-1.5739283, 11.9432309], [-1.5736923, 11.9435353], [-1.5736091, 11.9438239], [-1.5736547, 11.94411], [-1.573762, 11.9444144], [-1.5738693, 11.9446059], [-1.5740007, 11.9447529], [-1.5740329, 11.9449077], [-1.5740007, 11.9449523], [-1.5738666, 11.9449943], [-1.573526, 11.945073], [-1.5732524, 11.9451491], [-1.5728769, 11.9453039], [-1.5727696, 11.9453905], [-1.5727106, 11.945506], [-1.5725845, 11.9457947], [-1.5724987, 11.9459521], [-1.5722734, 11.9462119], [-1.5720642, 11.9462539], [-1.5718871, 11.946309], [-1.5717208, 11.9464061], [-1.571466, 11.9466422], [-1.5713292, 11.9467], [-1.5708277, 11.9468049], [-1.5705729, 11.9468994], [-1.5704119, 11.9469519], [-1.5702912, 11.9470201], [-1.5699559, 11.9473009], [-1.5698621, 11.9474295], [-1.5697306, 11.9474767], [-1.5695187, 11.9476079], [-1.5690118, 11.947831], [-1.5689126, 11.9479543], [-1.5687302, 11.9481642], [-1.568706, 11.9482692], [-1.5685585, 11.9483532], [-1.5683225, 11.9483637], [-1.5681535, 11.9483715], [-1.5678477, 11.9483479], [-1.5676922, 11.9483637], [-1.5674347, 11.9484214], [-1.566976, 11.9484922], [-1.566858, 11.9485473], [-1.5668446, 11.9486077], [-1.566858, 11.9487258], [-1.5668446, 11.9488045], [-1.5667078, 11.9488596], [-1.5663484, 11.9488937], [-1.5662974, 11.948878], [-1.5661472, 11.9488517], [-1.565879, 11.9489226], [-1.5657181, 11.9489567], [-1.5656483, 11.9490512], [-1.5655303, 11.9490407], [-1.5655303, 11.949101], [-1.5655839, 11.949122], [-1.5656161, 11.949269], [-1.5655491, 11.9492637], [-1.5656188, 11.9495445], [-1.5655303, 11.9496416], [-1.5654203, 11.9496914], [-1.5651387, 11.9496967], [-1.5649965, 11.9497387], [-1.5648919, 11.9497964], [-1.5646398, 11.9499722], [-1.5644118, 11.9500378], [-1.5642616, 11.9499722], [-1.5642241, 11.9499906], [-1.56422, 11.9500365], [-1.5641476, 11.9500877], [-1.56409, 11.9501113], [-1.5640779, 11.9501362], [-1.5640926, 11.9501585], [-1.5641262, 11.950194], [-1.5641114, 11.9502241], [-1.5641141, 11.950253], [-1.5641651, 11.9502543], [-1.5642361, 11.9502294], [-1.5642871, 11.950169], [-1.5643099, 11.9501362], [-1.5643542, 11.950148], [-1.5644494, 11.9501795], [-1.5645875, 11.950173], [-1.5647498, 11.9501703], [-1.565018, 11.9500719], [-1.5652286, 11.950005], [-1.5654109, 11.9499788], [-1.5656362, 11.949946], [-1.5656899, 11.9499106], [-1.5657328, 11.9498463], [-1.5658012, 11.9497885], [-1.5658562, 11.9497662], [-1.5659313, 11.9497557], [-1.5659796, 11.9497334], [-1.5660372, 11.949761], [-1.5661244, 11.9498017], [-1.5662035, 11.9498082], [-1.5663014, 11.949782], [-1.5665013, 11.9497728], [-1.5666273, 11.9498095], [-1.5667333, 11.9498843], [-1.566795, 11.9499604], [-1.5668727, 11.9500575], [-1.5669948, 11.950089], [-1.5671061, 11.950068], [-1.5672737, 11.949942], [-1.5673864, 11.9498489], [-1.5675004, 11.9497557], [-1.5676452, 11.9496534], [-1.5678021, 11.949572], [-1.5679657, 11.9495051], [-1.5681106, 11.949471], [-1.5682045, 11.9494618], [-1.5682943, 11.9494566], [-1.5683909, 11.9494513], [-1.5684351, 11.9494356], [-1.5685035, 11.949433], [-1.5685894, 11.9494094], [-1.568808, 11.9492952], [-1.5690668, 11.9491981], [-1.5692572, 11.9491548], [-1.5693511, 11.9491207], [-1.56939, 11.9491273], [-1.5694356, 11.9491916], [-1.5694892, 11.9492073], [-1.5696113, 11.9491286], [-1.5696757, 11.949122], [-1.5697427, 11.9491141], [-1.5697722, 11.9491089], [-1.5698165, 11.949126], [-1.5698487, 11.9491758], [-1.5698701, 11.9492414], [-1.569905, 11.94929], [-1.5699506, 11.94929], [-1.5699948, 11.9492663], [-1.5700351, 11.9491876], [-1.5700418, 11.9491207], [-1.5700096, 11.9490604], [-1.5699627, 11.9490223], [-1.5699573, 11.9489908], [-1.5699855, 11.9489383], [-1.5700082, 11.9489134], [-1.5700029, 11.9488858], [-1.5699734, 11.9488714], [-1.5698487, 11.948878], [-1.5698178, 11.9488478], [-1.5698218, 11.9488071], [-1.5698755, 11.9487035], [-1.5698956, 11.9486484], [-1.5698996, 11.9485841], [-1.5699264, 11.9485723], [-1.5700176, 11.948588], [-1.5701048, 11.9485801], [-1.570141, 11.9485578], [-1.5701625, 11.948487], [-1.5703422, 11.9483571], [-1.5704508, 11.9483046], [-1.5705501, 11.9483007], [-1.5706909, 11.9483007], [-1.5707834, 11.9482902], [-1.570947, 11.9482403], [-1.5710771, 11.9482167], [-1.5711992, 11.9482088], [-1.5713815, 11.9482167], [-1.571466, 11.9482023], [-1.5715371, 11.9481721], [-1.5717356, 11.948176], [-1.571859, 11.9481813], [-1.5719609, 11.9481393], [-1.5720253, 11.9480986], [-1.572099, 11.9480999], [-1.5723766, 11.9481406], [-1.5724786, 11.9482141], [-1.572555, 11.9482613], [-1.5726154, 11.9482587], [-1.5726449, 11.9482429], [-1.5726717, 11.9481931], [-1.5727119, 11.9481878], [-1.5727629, 11.9482036], [-1.5728313, 11.9482193], [-1.5728916, 11.9481839], [-1.5729211, 11.9481445], [-1.5729922, 11.948075], [-1.5730539, 11.9480724], [-1.573074, 11.948096], [-1.5730914, 11.9481655], [-1.5731572, 11.9481603], [-1.5733248, 11.9481235], [-1.5736198, 11.9480907], [-1.5738854, 11.9481157], [-1.5739752, 11.9481065], [-1.5744889, 11.9480028], [-1.5745828, 11.9479897], [-1.5749623, 11.947995], [-1.5751447, 11.9480042], [-1.5752453, 11.9479989], [-1.575307, 11.9481065], [-1.5753928, 11.9481537], [-1.5755323, 11.9481668], [-1.5756342, 11.948176], [-1.5757629, 11.9481931], [-1.5757817, 11.9482469], [-1.5758313, 11.9482521], [-1.575885, 11.9482482], [-1.5759426, 11.9483361], [-1.5759896, 11.9483938], [-1.5759909, 11.9485473], [-1.5760137, 11.948592], [-1.576003, 11.9487153], [-1.5759279, 11.9487389], [-1.5759547, 11.9489462], [-1.5759976, 11.9490026], [-1.5760499, 11.9489921], [-1.5761304, 11.9489436], [-1.5761787, 11.948937], [-1.5762618, 11.9489462], [-1.5763436, 11.9489921], [-1.5763906, 11.949038], [-1.5763879, 11.94908], [-1.5764026, 11.9491076], [-1.5765274, 11.9491509], [-1.5782332, 11.9471671], [-1.5782889, 11.9472084], [-1.5784674, 11.9470008], [-1.5786476, 11.9467911], [-1.5785966, 11.9467452], [-1.5799391, 11.945283]]]}}, {"type": "Feature", "properties": {"source_id": 50, "name": "reservoir", "osm_id": 324533114, "superficie_km2": 0.35}, "geometry": {"type": "Polygon", "coordinates": [[[-1.5813015, 12.0200395], [-1.5812047, 12.0200904], [-1.5811137, 12.0201339], [-1.5810008, 12.0201428], [-1.580867, 12.0201287], [-1.5807597, 12.0200657], [-1.5806199, 12.0199854], [-1.5804539, 12.0199555], [-1.5803464, 12.0199382], [-1.5801961, 12.0199749], [-1.5801213, 12.02005], [-1.5800352, 12.0202215], [-1.5799765, 12.0204225], [-1.579944, 12.0205468], [-1.5798746, 12.0206796], [-1.5796385, 12.0210521], [-1.5794078, 12.0213249], [-1.579649, 12.0213548], [-1.5797887, 12.0213722], [-1.5806738, 12.0214351], [-1.5807543, 12.0214614], [-1.5808187, 12.0215243], [-1.5808613, 12.0216277], [-1.5809313, 12.0222274], [-1.580926, 12.0225002], [-1.580867, 12.0227626], [-1.5807597, 12.0230354], [-1.5804003, 12.0237752], [-1.5803785, 12.023889], [-1.5803678, 12.0240045], [-1.5803893, 12.0246393], [-1.5804536, 12.0248492], [-1.5806038, 12.0251377], [-1.5807862, 12.0254106], [-1.5809206, 12.0255118], [-1.581044, 12.025727], [-1.5811671, 12.0259143], [-1.58128, 12.0259998], [-1.5814517, 12.026089], [-1.5816821, 12.0262186], [-1.5817789, 12.0263618], [-1.5817896, 12.0264877], [-1.581725, 12.0265753], [-1.5816284, 12.0266331], [-1.5814729, 12.026717], [-1.5813763, 12.0268062], [-1.5813012, 12.0269846], [-1.581328, 12.0271787], [-1.581328, 12.0273151], [-1.5813069, 12.0274584], [-1.58121, 12.0276037], [-1.581092, 12.0278555], [-1.5810276, 12.0280182], [-1.5809582, 12.028387], [-1.5809633, 12.0285796], [-1.5810279, 12.0287962], [-1.5811513, 12.0290638], [-1.5814034, 12.0294101], [-1.5814517, 12.0295255], [-1.5814729, 12.0296551], [-1.5814836, 12.0298755], [-1.5814946, 12.030003], [-1.5815533, 12.030206], [-1.581618, 12.0303335], [-1.5816553, 12.0304579], [-1.5816609, 12.0306063], [-1.5816287, 12.0307637], [-1.5815373, 12.0308933], [-1.5814461, 12.031014], [-1.5814141, 12.0311362], [-1.5814195, 12.0314038], [-1.5813978, 12.0316803], [-1.5813659, 12.0317816], [-1.5812787, 12.0317914], [-1.5811781, 12.0318026], [-1.5810976, 12.0316556], [-1.5809957, 12.0313671], [-1.5807168, 12.0307585], [-1.5806202, 12.0306063], [-1.5803839, 12.0302427], [-1.580352, 12.0301499], [-1.5803842, 12.0300397], [-1.5804217, 12.0299767], [-1.5804754, 12.0299033], [-1.5805183, 12.0297721], [-1.5805183, 12.02962], [-1.5804915, 12.0293996], [-1.5803946, 12.0292039], [-1.5802769, 12.0291058], [-1.5801374, 12.0289589], [-1.580105, 12.0288471], [-1.5801052, 12.028749], [-1.5801052, 12.0285339], [-1.5801052, 12.028387], [-1.5800784, 12.0282926], [-1.580014, 12.0281194], [-1.5799497, 12.0279935], [-1.5799228, 12.0278571], [-1.5799175, 12.0277154], [-1.579885, 12.0276037], [-1.5798102, 12.027558], [-1.579601, 12.0274216], [-1.5794722, 12.0272485], [-1.5794398, 12.0271367], [-1.5794561, 12.0268917], [-1.5794669, 12.0267553], [-1.5794722, 12.0265612], [-1.57944, 12.0263985], [-1.5793703, 12.0263041], [-1.5792308, 12.0261887], [-1.5791289, 12.0260837], [-1.5790431, 12.0258896], [-1.5788607, 12.0254751], [-1.578807, 12.0254226], [-1.5786193, 12.0252023], [-1.5784798, 12.0251393], [-1.5783401, 12.0251377], [-1.5782277, 12.0251288], [-1.5781472, 12.0250711], [-1.5780828, 12.0249714], [-1.5779592, 12.0247652], [-1.5778036, 12.0245868], [-1.5775893, 12.024452], [-1.5772996, 12.0243208], [-1.577069, 12.0242316], [-1.5767629, 12.0241094], [-1.5766613, 12.024048], [-1.5765647, 12.0239378], [-1.5764413, 12.0237962], [-1.5762911, 12.0236545], [-1.576146, 12.0235847], [-1.5759904, 12.0235742], [-1.5758724, 12.0236267], [-1.5757598, 12.0237054], [-1.5756525, 12.0237526], [-1.5755667, 12.0237893], [-1.5754969, 12.0238103], [-1.5755133, 12.0237594], [-1.5755347, 12.0236493], [-1.5755026, 12.0235338], [-1.5754596, 12.0234761], [-1.5753953, 12.0234709], [-1.5752933, 12.0234866], [-1.575159, 12.0235218], [-1.5750248, 12.023527], [-1.5750624, 12.0234903], [-1.5752609, 12.0233906], [-1.5754006, 12.0232715], [-1.5754918, 12.0231351], [-1.5758832, 12.0225144], [-1.5760707, 12.0221539], [-1.5771277, 12.0209194], [-1.5771813, 12.0208669], [-1.5772503, 12.0208165], [-1.5782942, 12.0202751], [-1.5809472, 12.0188993], [-1.5812583, 12.0188049], [-1.5815319, 12.0187262], [-1.5812583, 12.0189151], [-1.5811942, 12.0190216], [-1.5811888, 12.0191685], [-1.5812623, 12.019519], [-1.581382, 12.0197247], [-1.5814088, 12.0198663], [-1.5813924, 12.019954], [-1.5813495, 12.0200064], [-1.5813015, 12.0200395]]]}}, {"type": "Feature", "properties": {"source_id": 51, "name": "water", "osm_id": 31978597, "superficie_km2": 1.091}, "geometry": {"type": "Polygon", "coordinates": [[[-1.6014412, 12.51576], [-1.6041878, 12.5172682], [-1.6033295, 12.5191116], [-1.6011719, 12.5189799], [-1.5993075, 12.5188662], [-1.5978363, 12.5187764], [-1.5933731, 12.5165979], [-1.5876988, 12.515059], [-1.5875083, 12.5149097], [-1.5873581, 12.5146505], [-1.5872803, 12.5145143], [-1.5870926, 12.5144017], [-1.5869531, 12.514386], [-1.586819, 12.5144803], [-1.586701, 12.5145693], [-1.5865803, 12.5146322], [-1.5864328, 12.5146714], [-1.5862933, 12.5146583], [-1.5861914, 12.5146322], [-1.5860868, 12.5145772], [-1.5860438, 12.5145025], [-1.5860304, 12.514403], [-1.5859983, 12.5143049], [-1.5860361, 12.5126551], [-1.5860492, 12.5120831], [-1.5861699, 12.511867], [-1.5862866, 12.511795], [-1.5864904, 12.5116798], [-1.5866809, 12.511617], [-1.5868619, 12.5115999], [-1.5870363, 12.5116523], [-1.5872321, 12.5116837], [-1.587401, 12.5116314], [-1.5875271, 12.5115659], [-1.5876934, 12.5114481], [-1.5880153, 12.5113747], [-1.5883371, 12.5113983], [-1.588549, 12.511469], [-1.5887475, 12.5116026], [-1.5888736, 12.5116418], [-1.5891311, 12.5116785], [-1.5933731, 12.511738], [-1.5956047, 12.5100621], [-1.5978363, 12.5112352], [-1.6005829, 12.5120731], [-1.6014412, 12.5135814], [-1.6014412, 12.51576]]]}}, {"type": "Feature", "properties": {"source_id": 52, "name": "water", "osm_id": 31978597, "superficie_km2": 1.091}, "geometry": {"type": "Polygon", "coordinates": [[[-1.6014412, 12.51576], [-1.6041878, 12.5172682], [-1.6033295, 12.5191116], [-1.6011719, 12.5189799], [-1.5993075, 12.5188662], [-1.5978363, 12.5187764], [-1.5933731, 12.5165979], [-1.5876988, 12.515059], [-1.5875083, 12.5149097], [-1.5873581, 12.5146505], [-1.5872803, 12.5145143], [-1.5870926, 12.5144017], [-1.5869531, 12.514386], [-1.586819, 12.5144803], [-1.586701, 12.5145693], [-1.5865803, 12.5146322], [-1.5864328, 12.5146714], [-1.5862933, 12.5146583], [-1.5861914, 12.5146322], [-1.5860868, 12.5145772], [-1.5860438, 12.5145025], [-1.5860304, 12.514403], [-1.5859983, 12.5143049], [-1.5860361, 12.5126551], [-1.5860492, 12.5120831], [-1.5861699, 12.511867], [-1.5862866, 12.511795], [-1.5864904, 12.5116798], [-1.5866809, 12.511617], [-1.5868619, 12.5115999], [-1.5870363, 12.5116523], [-1.5872321, 12.5116837], [-1.587401, 12.5116314], [-1.5875271, 12.5115659], [-1.5876934, 12.5114481], [-1.5880153, 12.5113747], [-1.5883371, 12.5113983], [-1.588549, 12.511469], [-1.5887475, 12.5116026], [-1.5888736, 12.5116418], [-1.5891311, 12.5116785], [-1.5933731, 12.511738], [-1.5956047, 12.5100621], [-1.5978363, 12.5112352], [-1.6005829, 12.5120731], [-1.6014412, 12.5135814], [-1.6014412, 12.51576]]]}}, {"type": "Feature", "properties": {"source_id": 53, "name": "water", "osm_id": 31978597, "superficie_km2": 1.091}, "geometry": {"type": "Polygon", "coordinates": [[[-1.6014412, 12.51576], [-1.6041878, 12.5172682], [-1.6033295, 12.5191116], [-1.6011719, 12.5189799], [-1.5993075, 12.5188662], [-1.5978363, 12.5187764], [-1.5933731, 12.5165979], [-1.5876988, 12.515059], [-1.5875083, 12.5149097], [-1.5873581, 12.5146505], [-1.5872803, 12.5145143], [-1.5870926, 12.5144017], [-1.5869531, 12.514386], [-1.586819, 12.5144803], [-1.586701, 12.5145693], [-1.5865803, 12.5146322], [-1.5864328, 12.5146714], [-1.5862933, 12.5146583], [-1.5861914, 12.5146322], [-1.5860868, 12.5145772], [-1.5860438, 12.5145025], [-1.5860304, 12.514403], [-1.5859983, 12.5143049], [-1.5860361, 12.5126551], [-1.5860492, 12.5120831], [-1.5861699, 12.511867], [-1.5862866, 12.511795], [-1.5864904, 12.5116798], [-1.5866809, 12.511617], [-1.5868619, 12.5115999], [-1.5870363, 12.5116523], [-1.5872321, 12.5116837], [-1.587401, 12.5116314], [-1.5875271, 12.5115659], [-1.5876934, 12.5114481], [-1.5880153, 12.5113747], [-1.5883371, 12.5113983], [-1.588549, 12.511469], [-1.5887475, 12.5116026], [-1.5888736, 12.5116418], [-1.5891311, 12.5116785], [-1.5933731, 12.511738], [-1.5956047, 12.5100621], [-1.5978363, 12.5112352], [-1.6005829, 12.5120731], [-1.6014412, 12.5135814], [-1.6014412, 12.51576]]]}}, {"type": "Feature", "properties": {"source_id": 54, "name": "water", "osm_id": 295250158, "superficie_km2": 1.028}, "geometry": {"type": "Polygon", "coordinates": [[[-1.6343136, 12.65112], [-1.6328677, 12.6512105], [-1.6304024, 12.6519882], [-1.6283264, 12.6516988], [-1.6264727, 12.6508668], [-1.6249099, 12.6504743], [-1.6241456, 12.6505301], [-1.623346, 12.6498651], [-1.6224941, 12.6491745], [-1.6219698, 12.6486757], [-1.6217732, 12.6479979], [-1.6215241, 12.6480491], [-1.6207639, 12.6486118], [-1.6194139, 12.6488548], [-1.6182605, 12.6486885], [-1.6169629, 12.6483432], [-1.6163599, 12.6479212], [-1.615356, 12.6476007], [-1.6139613, 12.647934], [-1.6132273, 12.647691], [-1.6128306, 12.6473735], [-1.6125942, 12.6470421], [-1.6118709, 12.6468129], [-1.6115496, 12.6463481], [-1.6113544, 12.6461182], [-1.6109428, 12.6460673], [-1.6105797, 12.6463098], [-1.6101996, 12.6464121], [-1.6098719, 12.6461819], [-1.6101341, 12.6456831], [-1.6100423, 12.6454273], [-1.6094787, 12.6453889], [-1.6093345, 12.645082], [-1.6093618, 12.6447526], [-1.609083, 12.6445336], [-1.6087709, 12.6445704], [-1.6084433, 12.6447878], [-1.6078534, 12.644353], [-1.607552, 12.6442891], [-1.6074733, 12.6438798], [-1.6072051, 12.643721], [-1.6071743, 12.6437184], [-1.6070492, 12.6446036], [-1.6071206, 12.6446161], [-1.6065761, 12.6478901], [-1.6067021, 12.6480451], [-1.6067082, 12.6482336], [-1.6068095, 12.648301], [-1.6069966, 12.6483276], [-1.6071438, 12.6482788], [-1.6074589, 12.6482607], [-1.6080521, 12.6489028], [-1.6080428, 12.6490746], [-1.6084321, 12.6493497], [-1.6080913, 12.6496438], [-1.6078947, 12.6503344], [-1.608419, 12.650539], [-1.6085631, 12.6500914], [-1.6089957, 12.650117], [-1.609284, 12.6502321], [-1.6095593, 12.6499763], [-1.6098738, 12.6501681], [-1.6099263, 12.6504623], [-1.6095462, 12.6508843], [-1.6095986, 12.651089], [-1.6106209, 12.6512424], [-1.6120103, 12.6509994], [-1.6128229, 12.6513831], [-1.613203, 12.6516389], [-1.6135045, 12.6514215], [-1.6138977, 12.6514598], [-1.6143434, 12.6516261], [-1.6146317, 12.6514215], [-1.6152215, 12.6514598], [-1.61589, 12.6512041], [-1.6165585, 12.651511], [-1.6173449, 12.6520353], [-1.6181051, 12.6521121], [-1.6186687, 12.6519202], [-1.6190619, 12.6516133], [-1.6193503, 12.6513831], [-1.6200318, 12.6516644], [-1.6212246, 12.6518435], [-1.6226533, 12.6522144], [-1.6234004, 12.6526748], [-1.6236887, 12.6532758], [-1.6240426, 12.6534549], [-1.624462, 12.6533782], [-1.6247242, 12.6529945], [-1.625065, 12.6528282], [-1.6255368, 12.6526492], [-1.6264674, 12.652905], [-1.6271883, 12.653327], [-1.627883, 12.6531735], [-1.6287218, 12.6531607], [-1.6303471, 12.6531991], [-1.6318676, 12.6532375], [-1.6329423, 12.6532758], [-1.6333618, 12.6530712], [-1.6335322, 12.6526748], [-1.6345807, 12.6521632], [-1.6350526, 12.651933], [-1.6353278, 12.6513575], [-1.6349215, 12.6509994], [-1.6343136, 12.65112]]]}}, {"type": "Feature", "properties": {"source_id": 55, "name": "water", "osm_id": 1179994093, "superficie_km2": 0.543}, "geometry": {"type": "Polygon", "coordinates": [[[-1.6779372, 12.210477], [-1.6782394, 12.2105851], [-1.6783521, 12.210766], [-1.678521, 12.2113296], [-1.6785157, 12.211736], [-1.6784298, 12.211909], [-1.6781831, 12.2122707], [-1.6780061, 12.2126745], [-1.6779685, 12.2129864], [-1.6780999, 12.2133036], [-1.6783038, 12.2135946], [-1.6787624, 12.2138568], [-1.6789985, 12.2139328], [-1.6792265, 12.2139669], [-1.6795135, 12.2139092], [-1.6797093, 12.2137362], [-1.6798675, 12.2135474], [-1.6800365, 12.2134819], [-1.6801465, 12.213516], [-1.680184, 12.2135527], [-1.6803691, 12.21398], [-1.6804549, 12.214014], [-1.6808251, 12.2138751], [-1.6807205, 12.213516], [-1.6807795, 12.2132853], [-1.6809887, 12.2133062], [-1.6811657, 12.2134216], [-1.6812596, 12.2135474], [-1.6816056, 12.2139328], [-1.6816378, 12.214153], [-1.6816485, 12.2145593], [-1.6817182, 12.2148634], [-1.6818389, 12.2150312], [-1.682075, 12.2152933], [-1.6826972, 12.2158805], [-1.6828206, 12.2161034], [-1.6828716, 12.2164075], [-1.6829494, 12.2170156], [-1.6830459, 12.217401], [-1.6830754, 12.2178178], [-1.6830915, 12.218232], [-1.6832632, 12.2186147], [-1.683467, 12.2189503], [-1.6837245, 12.2191285], [-1.6841537, 12.219506], [-1.6842181, 12.219679], [-1.6842449, 12.2199412], [-1.6841859, 12.2202086], [-1.6842449, 12.2203921], [-1.6843897, 12.2205703], [-1.6844916, 12.2206804], [-1.6846848, 12.2206804], [-1.6848135, 12.2206175], [-1.6848564, 12.2205598], [-1.6849315, 12.220434], [-1.6851783, 12.2203501], [-1.6856128, 12.2203554], [-1.6859561, 12.2204183], [-1.686278, 12.2205127], [-1.686573, 12.220607], [-1.6869754, 12.2208167], [-1.6871578, 12.2207643], [-1.6872382, 12.2205441], [-1.6870773, 12.2203029], [-1.6868573, 12.2200775], [-1.6867554, 12.2198363], [-1.6867608, 12.2195952], [-1.6865408, 12.2189345], [-1.6865355, 12.2186986], [-1.6866481, 12.218426], [-1.6868037, 12.2181743], [-1.686852, 12.2179332], [-1.6868413, 12.217671], [-1.6866589, 12.2172621], [-1.6864979, 12.216958], [-1.6864657, 12.216743], [-1.6865355, 12.2164599], [-1.6866213, 12.2162475], [-1.6865677, 12.216182], [-1.6862083, 12.2161427], [-1.6858971, 12.2160483], [-1.6856235, 12.215988], [-1.6855082, 12.2159041], [-1.6853794, 12.2157678], [-1.6852856, 12.2154611], [-1.6852936, 12.215178], [-1.6853794, 12.2150417], [-1.6857952, 12.2148791], [-1.6861305, 12.2147402], [-1.6862699, 12.2145882], [-1.6862458, 12.2144178], [-1.6860983, 12.2141923], [-1.685763, 12.2138463], [-1.6856128, 12.2137231], [-1.6853124, 12.2135894], [-1.6850871, 12.2135736], [-1.6845506, 12.2137362], [-1.6841215, 12.2138489], [-1.6838747, 12.2138725], [-1.683813, 12.2137991], [-1.6837996, 12.2136706], [-1.6839284, 12.2135474], [-1.6844434, 12.2132984], [-1.6846257, 12.2131227], [-1.6848215, 12.212761], [-1.6849074, 12.2125172], [-1.6849476, 12.2119247], [-1.6849798, 12.211542], [-1.6849637, 12.2108866], [-1.684776, 12.2106559], [-1.6844273, 12.2106035], [-1.6840571, 12.2107975], [-1.6837728, 12.2109967], [-1.6834939, 12.2112746], [-1.6833597, 12.2114555], [-1.683239, 12.2114423], [-1.6831344, 12.2112903], [-1.6829333, 12.2111697], [-1.6826436, 12.2110281], [-1.6823941, 12.2110281], [-1.6821742, 12.2110701], [-1.6817853, 12.2112824], [-1.6816029, 12.2112352], [-1.6815358, 12.2110963], [-1.6815224, 12.2109233], [-1.6815788, 12.2107267], [-1.6815358, 12.2106244], [-1.6813669, 12.2105038], [-1.6812998, 12.2104042], [-1.6812649, 12.2102731], [-1.6812784, 12.2099428], [-1.6813374, 12.2096807], [-1.6813508, 12.209505], [-1.6813159, 12.2093609], [-1.6812864, 12.2092691], [-1.6811607, 12.2091269], [-1.6803584, 12.209471], [-1.6801988, 12.2094959], [-1.6794625, 12.2098144], [-1.6792949, 12.2099232], [-1.6779372, 12.210477]]]}}, {"type": "Feature", "properties": {"source_id": 56, "name": "water", "osm_id": 1179994093, "superficie_km2": 0.543}, "geometry": {"type": "Polygon", "coordinates": [[[-1.6779372, 12.210477], [-1.6782394, 12.2105851], [-1.6783521, 12.210766], [-1.678521, 12.2113296], [-1.6785157, 12.211736], [-1.6784298, 12.211909], [-1.6781831, 12.2122707], [-1.6780061, 12.2126745], [-1.6779685, 12.2129864], [-1.6780999, 12.2133036], [-1.6783038, 12.2135946], [-1.6787624, 12.2138568], [-1.6789985, 12.2139328], [-1.6792265, 12.2139669], [-1.6795135, 12.2139092], [-1.6797093, 12.2137362], [-1.6798675, 12.2135474], [-1.6800365, 12.2134819], [-1.6801465, 12.213516], [-1.680184, 12.2135527], [-1.6803691, 12.21398], [-1.6804549, 12.214014], [-1.6808251, 12.2138751], [-1.6807205, 12.213516], [-1.6807795, 12.2132853], [-1.6809887, 12.2133062], [-1.6811657, 12.2134216], [-1.6812596, 12.2135474], [-1.6816056, 12.2139328], [-1.6816378, 12.214153], [-1.6816485, 12.2145593], [-1.6817182, 12.2148634], [-1.6818389, 12.2150312], [-1.682075, 12.2152933], [-1.6826972, 12.2158805], [-1.6828206, 12.2161034], [-1.6828716, 12.2164075], [-1.6829494, 12.2170156], [-1.6830459, 12.217401], [-1.6830754, 12.2178178], [-1.6830915, 12.218232], [-1.6832632, 12.2186147], [-1.683467, 12.2189503], [-1.6837245, 12.2191285], [-1.6841537, 12.219506], [-1.6842181, 12.219679], [-1.6842449, 12.2199412], [-1.6841859, 12.2202086], [-1.6842449, 12.2203921], [-1.6843897, 12.2205703], [-1.6844916, 12.2206804], [-1.6846848, 12.2206804], [-1.6848135, 12.2206175], [-1.6848564, 12.2205598], [-1.6849315, 12.220434], [-1.6851783, 12.2203501], [-1.6856128, 12.2203554], [-1.6859561, 12.2204183], [-1.686278, 12.2205127], [-1.686573, 12.220607], [-1.6869754, 12.2208167], [-1.6871578, 12.2207643], [-1.6872382, 12.2205441], [-1.6870773, 12.2203029], [-1.6868573, 12.2200775], [-1.6867554, 12.2198363], [-1.6867608, 12.2195952], [-1.6865408, 12.2189345], [-1.6865355, 12.2186986], [-1.6866481, 12.218426], [-1.6868037, 12.2181743], [-1.686852, 12.2179332], [-1.6868413, 12.217671], [-1.6866589, 12.2172621], [-1.6864979, 12.216958], [-1.6864657, 12.216743], [-1.6865355, 12.2164599], [-1.6866213, 12.2162475], [-1.6865677, 12.216182], [-1.6862083, 12.2161427], [-1.6858971, 12.2160483], [-1.6856235, 12.215988], [-1.6855082, 12.2159041], [-1.6853794, 12.2157678], [-1.6852856, 12.2154611], [-1.6852936, 12.215178], [-1.6853794, 12.2150417], [-1.6857952, 12.2148791], [-1.6861305, 12.2147402], [-1.6862699, 12.2145882], [-1.6862458, 12.2144178], [-1.6860983, 12.2141923], [-1.685763, 12.2138463], [-1.6856128, 12.2137231], [-1.6853124, 12.2135894], [-1.6850871, 12.2135736], [-1.6845506, 12.2137362], [-1.6841215, 12.2138489], [-1.6838747, 12.2138725], [-1.683813, 12.2137991], [-1.6837996, 12.2136706], [-1.6839284, 12.2135474], [-1.6844434, 12.2132984], [-1.6846257, 12.2131227], [-1.6848215, 12.212761], [-1.6849074, 12.2125172], [-1.6849476, 12.2119247], [-1.6849798, 12.211542], [-1.6849637, 12.2108866], [-1.684776, 12.2106559], [-1.6844273, 12.2106035], [-1.6840571, 12.2107975], [-1.6837728, 12.2109967], [-1.6834939, 12.2112746], [-1.6833597, 12.2114555], [-1.683239, 12.2114423], [-1.6831344, 12.2112903], [-1.6829333, 12.2111697], [-1.6826436, 12.2110281], [-1.6823941, 12.2110281], [-1.6821742, 12.2110701], [-1.6817853, 12.2112824], [-1.6816029, 12.2112352], [-1.6815358, 12.2110963], [-1.6815224, 12.2109233], [-1.6815788, 12.2107267], [-1.6815358, 12.2106244], [-1.6813669, 12.2105038], [-1.6812998, 12.2104042], [-1.6812649, 12.2102731], [-1.6812784, 12.2099428], [-1.6813374, 12.2096807], [-1.6813508, 12.209505], [-1.6813159, 12.2093609], [-1.6812864, 12.2092691], [-1.6811607, 12.2091269], [-1.6803584, 12.209471], [-1.6801988, 12.2094959], [-1.6794625, 12.2098144], [-1.6792949, 12.2099232], [-1.6779372, 12.210477]]]}}, {"type": "Feature", "properties": {"source_id": 57, "name": "water", "osm_id": 1179994093, "superficie_km2": 0.543}, "geometry": {"type": "Polygon", "coordinates": [[[-1.6779372, 12.210477], [-1.6782394, 12.2105851], [-1.6783521, 12.210766], [-1.678521, 12.2113296], [-1.6785157, 12.211736], [-1.6784298, 12.211909], [-1.6781831, 12.2122707], [-1.6780061, 12.2126745], [-1.6779685, 12.2129864], [-1.6780999, 12.2133036], [-1.6783038, 12.2135946], [-1.6787624, 12.2138568], [-1.6789985, 12.2139328], [-1.6792265, 12.2139669], [-1.6795135, 12.2139092], [-1.6797093, 12.2137362], [-1.6798675, 12.2135474], [-1.6800365, 12.2134819], [-1.6801465, 12.213516], [-1.680184, 12.2135527], [-1.6803691, 12.21398], [-1.6804549, 12.214014], [-1.6808251, 12.2138751], [-1.6807205, 12.213516], [-1.6807795, 12.2132853], [-1.6809887, 12.2133062], [-1.6811657, 12.2134216], [-1.6812596, 12.2135474], [-1.6816056, 12.2139328], [-1.6816378, 12.214153], [-1.6816485, 12.2145593], [-1.6817182, 12.2148634], [-1.6818389, 12.2150312], [-1.682075, 12.2152933], [-1.6826972, 12.2158805], [-1.6828206, 12.2161034], [-1.6828716, 12.2164075], [-1.6829494, 12.2170156], [-1.6830459, 12.217401], [-1.6830754, 12.2178178], [-1.6830915, 12.218232], [-1.6832632, 12.2186147], [-1.683467, 12.2189503], [-1.6837245, 12.2191285], [-1.6841537, 12.219506], [-1.6842181, 12.219679], [-1.6842449, 12.2199412], [-1.6841859, 12.2202086], [-1.6842449, 12.2203921], [-1.6843897, 12.2205703], [-1.6844916, 12.2206804], [-1.6846848, 12.2206804], [-1.6848135, 12.2206175], [-1.6848564, 12.2205598], [-1.6849315, 12.220434], [-1.6851783, 12.2203501], [-1.6856128, 12.2203554], [-1.6859561, 12.2204183], [-1.686278, 12.2205127], [-1.686573, 12.220607], [-1.6869754, 12.2208167], [-1.6871578, 12.2207643], [-1.6872382, 12.2205441], [-1.6870773, 12.2203029], [-1.6868573, 12.2200775], [-1.6867554, 12.2198363], [-1.6867608, 12.2195952], [-1.6865408, 12.2189345], [-1.6865355, 12.2186986], [-1.6866481, 12.218426], [-1.6868037, 12.2181743], [-1.686852, 12.2179332], [-1.6868413, 12.217671], [-1.6866589, 12.2172621], [-1.6864979, 12.216958], [-1.6864657, 12.216743], [-1.6865355, 12.2164599], [-1.6866213, 12.2162475], [-1.6865677, 12.216182], [-1.6862083, 12.2161427], [-1.6858971, 12.2160483], [-1.6856235, 12.215988], [-1.6855082, 12.2159041], [-1.6853794, 12.2157678], [-1.6852856, 12.2154611], [-1.6852936, 12.215178], [-1.6853794, 12.2150417], [-1.6857952, 12.2148791], [-1.6861305, 12.2147402], [-1.6862699, 12.2145882], [-1.6862458, 12.2144178], [-1.6860983, 12.2141923], [-1.685763, 12.2138463], [-1.6856128, 12.2137231], [-1.6853124, 12.2135894], [-1.6850871, 12.2135736], [-1.6845506, 12.2137362], [-1.6841215, 12.2138489], [-1.6838747, 12.2138725], [-1.683813, 12.2137991], [-1.6837996, 12.2136706], [-1.6839284, 12.2135474], [-1.6844434, 12.2132984], [-1.6846257, 12.2131227], [-1.6848215, 12.212761], [-1.6849074, 12.2125172], [-1.6849476, 12.2119247], [-1.6849798, 12.211542], [-1.6849637, 12.2108866], [-1.684776, 12.2106559], [-1.6844273, 12.2106035], [-1.6840571, 12.2107975], [-1.6837728, 12.2109967], [-1.6834939, 12.2112746], [-1.6833597, 12.2114555], [-1.683239, 12.2114423], [-1.6831344, 12.2112903], [-1.6829333, 12.2111697], [-1.6826436, 12.2110281], [-1.6823941, 12.2110281], [-1.6821742, 12.2110701], [-1.6817853, 12.2112824], [-1.6816029, 12.2112352], [-1.6815358, 12.2110963], [-1.6815224, 12.2109233], [-1.6815788, 12.2107267], [-1.6815358, 12.2106244], [-1.6813669, 12.2105038], [-1.6812998, 12.2104042], [-1.6812649, 12.2102731], [-1.6812784, 12.2099428], [-1.6813374, 12.2096807], [-1.6813508, 12.209505], [-1.6813159, 12.2093609], [-1.6812864, 12.2092691], [-1.6811607, 12.2091269], [-1.6803584, 12.209471], [-1.6801988, 12.2094959], [-1.6794625, 12.2098144], [-1.6792949, 12.2099232], [-1.6779372, 12.210477]]]}}, {"type": "Feature", "properties": {"source_id": 58, "name": null, "osm_id": null}, "geometry": null}, {"type": "Feature", "properties": {"source_id": 59, "name": "reservoir", "osm_id": 343772947, "superficie_km2": 0.367}, "geometry": {"type": "Polygon", "coordinates": [[[-1.7392839, 12.0760956], [-1.739109, 12.076056], [-1.7388837, 12.0759144], [-1.7388194, 12.0758199], [-1.7388172, 12.0756812], [-1.7387443, 12.0755419], [-1.7386295, 12.0754871], [-1.7385029, 12.075458], [-1.7384095, 12.0754084], [-1.738372, 12.0753455], [-1.7383612, 12.0752248], [-1.7384256, 12.0751356], [-1.7385383, 12.0750517], [-1.7386134, 12.0749625], [-1.7386134, 12.0748261], [-1.7385458, 12.0747341], [-1.7384041, 12.0747002], [-1.7382507, 12.0746764], [-1.7381542, 12.0746239], [-1.7381091, 12.0745219], [-1.7380876, 12.0744485], [-1.7380147, 12.0743984], [-1.7377357, 12.0743354], [-1.7375029, 12.0743698], [-1.7373066, 12.0743564], [-1.7371993, 12.0743197], [-1.7371242, 12.0743197], [-1.7371505, 12.0740571], [-1.7376584, 12.0729179], [-1.7379175, 12.0723032], [-1.7381747, 12.071693], [-1.7383384, 12.0714334], [-1.7385168, 12.0712643], [-1.7385329, 12.0713377], [-1.7385919, 12.0714059], [-1.7386724, 12.0714531], [-1.738726, 12.071579], [-1.7388172, 12.0716944], [-1.7389138, 12.0717469], [-1.7390264, 12.0717941], [-1.7390894, 12.0718527], [-1.7391391, 12.071899], [-1.7392517, 12.0720302], [-1.7393376, 12.0721928], [-1.7393376, 12.0723449], [-1.7394395, 12.072497], [-1.7395414, 12.0725495], [-1.7396594, 12.0726072], [-1.7397774, 12.0726911], [-1.7398204, 12.0727698], [-1.7397935, 12.072859], [-1.739756, 12.0729324], [-1.7397989, 12.0730164], [-1.7399008, 12.0730583], [-1.7399384, 12.073137], [-1.7399276, 12.0732629], [-1.7399062, 12.0733521], [-1.7399276, 12.0734623], [-1.7399757, 12.0735042], [-1.7400508, 12.0735095], [-1.7401098, 12.0734727], [-1.7401741, 12.0734885], [-1.7401849, 12.0735514], [-1.7402278, 12.0736616], [-1.7402975, 12.0737088], [-1.7403726, 12.0737088], [-1.7404799, 12.0737088], [-1.7406087, 12.0737455], [-1.740673, 12.0737927], [-1.7407267, 12.0739239], [-1.7407964, 12.0740131], [-1.7409466, 12.0741285], [-1.7410378, 12.0741442], [-1.7411475, 12.0742252], [-1.7413221, 12.0742544], [-1.7415903, 12.0742124], [-1.7417513, 12.0741494], [-1.7418264, 12.0741022], [-1.7419068, 12.0741337], [-1.7419444, 12.0742176], [-1.7420195, 12.0742911], [-1.7421214, 12.074333], [-1.7421643, 12.0743855], [-1.7422984, 12.0744747], [-1.7423682, 12.0746006], [-1.7427222, 12.0750779], [-1.7428724, 12.0752668], [-1.7429851, 12.0753455], [-1.7430924, 12.0754871], [-1.7432319, 12.0757441], [-1.7433391, 12.0759592], [-1.7435001, 12.076232], [-1.7438219, 12.0767408], [-1.743897, 12.0768405], [-1.7439882, 12.0768615], [-1.7441438, 12.0768353], [-1.7442833, 12.0769769], [-1.7443316, 12.0772261], [-1.7444979, 12.0773284], [-1.7446642, 12.0773493], [-1.74475, 12.0774385], [-1.7448734, 12.0775539], [-1.7450826, 12.0777428], [-1.7451577, 12.0778529], [-1.7451791, 12.0779264], [-1.7452408, 12.07811], [-1.7452918, 12.0783589], [-1.7453881, 12.0785372], [-1.745439, 12.0786264], [-1.7453532, 12.0786998], [-1.745262, 12.0787365], [-1.7451791, 12.0788336], [-1.7452006, 12.0788965], [-1.745265, 12.0790854], [-1.7453079, 12.0792795], [-1.7452918, 12.0794998], [-1.7453508, 12.0800925], [-1.7453776, 12.0804755], [-1.7453347, 12.0806643], [-1.7452406, 12.0807823], [-1.7451577, 12.0808951], [-1.7452006, 12.0810053], [-1.7453347, 12.0812885], [-1.7454098, 12.0814774], [-1.7454259, 12.0816243], [-1.7455064, 12.0817764], [-1.7455976, 12.0818813], [-1.7456727, 12.0820177], [-1.7457156, 12.0820859], [-1.7457907, 12.0823429], [-1.7458336, 12.0825895], [-1.7459194, 12.0827993], [-1.7460911, 12.0832032], [-1.7463057, 12.0836123], [-1.746472, 12.0838904], [-1.7465041, 12.0840162], [-1.7465363, 12.0841579], [-1.7465524, 12.0842366], [-1.7466114, 12.0843572], [-1.7467509, 12.0844674], [-1.7468314, 12.0844779], [-1.7470138, 12.0845408], [-1.7472659, 12.08463], [-1.7475824, 12.0847769], [-1.747738, 12.0849552], [-1.7477809, 12.0850811], [-1.7478292, 12.0852122], [-1.7478667, 12.0853617], [-1.7477541, 12.0855637], [-1.7476414, 12.0856266], [-1.7474697, 12.0856686], [-1.7473166, 12.0857132], [-1.747105, 12.0856948], [-1.7469548, 12.0856738], [-1.7467187, 12.0855794], [-1.7466085, 12.0854981], [-1.7465095, 12.0853486], [-1.7463915, 12.0851178], [-1.7462735, 12.0849342], [-1.746255, 12.0849053], [-1.7461662, 12.0847664], [-1.7460696, 12.0846562], [-1.7459218, 12.0845592], [-1.7458146, 12.0845434], [-1.7457209, 12.0844883], [-1.7456697, 12.084407], [-1.7456244, 12.0842943], [-1.7455141, 12.0841553], [-1.7454444, 12.0840976], [-1.7453884, 12.084011], [-1.7453401, 12.0838694], [-1.745324, 12.0836385], [-1.7452166, 12.083371], [-1.745072, 12.0832348], [-1.7449402, 12.0832006], [-1.7447071, 12.0829514], [-1.7446183, 12.0828229], [-1.7445998, 12.0827153], [-1.7446642, 12.0826367], [-1.7446802, 12.082558], [-1.7446373, 12.0824321], [-1.7445998, 12.0823062], [-1.7446209, 12.0821724], [-1.7445485, 12.0819836], [-1.7443986, 12.0817659], [-1.7442698, 12.0816191], [-1.7441089, 12.0814538], [-1.7440258, 12.0812885], [-1.744074, 12.0811259], [-1.7440794, 12.08084], [-1.7440339, 12.0805148], [-1.7438488, 12.080402], [-1.7438166, 12.0802919], [-1.7437683, 12.0802237], [-1.7437576, 12.0801502], [-1.743779, 12.0800821], [-1.7438327, 12.0800401], [-1.7438649, 12.0799771], [-1.7438434, 12.0798985], [-1.7437254, 12.0797988], [-1.743602, 12.0797201], [-1.7434274, 12.0795549], [-1.7432909, 12.0793949], [-1.7432426, 12.079248], [-1.7432211, 12.0790959], [-1.7431943, 12.0789542], [-1.7431514, 12.0788179], [-1.7430709, 12.0786447], [-1.7429636, 12.0785293], [-1.7428349, 12.0784611], [-1.7426978, 12.0783746], [-1.742612, 12.0783274], [-1.7425559, 12.0782568], [-1.7425154, 12.07817], [-1.7424326, 12.0780732], [-1.7423843, 12.078005], [-1.7424057, 12.0779316], [-1.742454, 12.0777795], [-1.7424433, 12.0776851], [-1.7423735, 12.0775959], [-1.7422663, 12.0775906], [-1.7421643, 12.0776064], [-1.7420517, 12.0776536], [-1.7419122, 12.0776955], [-1.7418181, 12.0776822], [-1.7417352, 12.0776221], [-1.7417191, 12.0775801], [-1.741762, 12.0774962], [-1.7418317, 12.0774018], [-1.7418639, 12.0773336], [-1.7418425, 12.0772287], [-1.7417835, 12.0771605], [-1.7416869, 12.0771133], [-1.741644, 12.0770451], [-1.7415206, 12.0769297], [-1.7413996, 12.0768324], [-1.7412655, 12.0768009], [-1.7411236, 12.0767041], [-1.741051, 12.0766173], [-1.7409788, 12.0765625], [-1.7408501, 12.0765415], [-1.7407481, 12.0765258], [-1.7407374, 12.0764785], [-1.7407803, 12.0764208], [-1.740732, 12.0763264], [-1.7406218, 12.0763078], [-1.7404019, 12.0762868], [-1.7402946, 12.0762658], [-1.7402224, 12.0762897], [-1.7401741, 12.0763159], [-1.7401122, 12.0762868], [-1.7399703, 12.0761848], [-1.7398096, 12.0761533], [-1.7396701, 12.0761218], [-1.7395253, 12.0761166], [-1.7394019, 12.0761061], [-1.7392839, 12.0760956]]]}}, {"type": "Feature", "properties": {"source_id": 60, "name": "water", "osm_id": 199078650, "superficie_km2": 0.398}, "geometry": {"type": "Polygon", "coordinates": [[[-1.8727693, 12.1835427], [-1.8725581, 12.1829552], [-1.8724497, 12.1828872], [-1.8723639, 12.1828721], [-1.8721819, 12.1829947], [-1.8719837, 12.1830343], [-1.8717409, 12.183058], [-1.8716196, 12.1829671], [-1.8715589, 12.1828366], [-1.8715023, 12.1826586], [-1.8713526, 12.1828128], [-1.8711287, 12.1830591], [-1.8709157, 12.1831292], [-1.8707539, 12.1831015], [-1.8706244, 12.183058], [-1.8705516, 12.1829038], [-1.870472, 12.1827902], [-1.8703619, 12.1826743], [-1.8702199, 12.182536], [-1.8699303, 12.182521], [-1.869783, 12.1824332], [-1.8695403, 12.1823739], [-1.8692882, 12.1823814], [-1.8690339, 12.1822393], [-1.8689092, 12.1821762], [-1.8688445, 12.1820852], [-1.8684116, 12.1818401], [-1.8680961, 12.1818085], [-1.8676228, 12.1817254], [-1.8672459, 12.1814244], [-1.8671973, 12.1810826], [-1.867178, 12.1808185], [-1.8671507, 12.1806858], [-1.867053, 12.1804065], [-1.8669972, 12.1800818], [-1.8667894, 12.1797562], [-1.8666842, 12.1793252], [-1.8665588, 12.1792263], [-1.8665318, 12.1794107], [-1.8665657, 12.1796491], [-1.8665766, 12.1798734], [-1.8665831, 12.1801476], [-1.8665305, 12.1803968], [-1.8665224, 12.1807052], [-1.8665669, 12.1811599], [-1.8667328, 12.1814802], [-1.8669674, 12.1819706], [-1.8671818, 12.1822513], [-1.8672572, 12.182454], [-1.8673405, 12.1827954], [-1.8671818, 12.1829473], [-1.8670079, 12.1831094], [-1.8669512, 12.1833229], [-1.8671171, 12.1836116], [-1.8671859, 12.1838449], [-1.8671454, 12.1840149], [-1.8668784, 12.1842126], [-1.8667126, 12.1844776], [-1.8668541, 12.1847623], [-1.8668703, 12.1849046], [-1.8667935, 12.1850668], [-1.866571, 12.1851775], [-1.8662959, 12.1851775], [-1.8660248, 12.1850865], [-1.86577, 12.1850786], [-1.865592, 12.1852447], [-1.8653331, 12.1854068], [-1.8651875, 12.1856164], [-1.8650661, 12.1858101], [-1.8648395, 12.1860395], [-1.8646818, 12.1862847], [-1.8645523, 12.1863321], [-1.8643501, 12.1862807], [-1.8640952, 12.1866682], [-1.8638444, 12.186949], [-1.8635733, 12.1871625], [-1.8631324, 12.1873839], [-1.8628047, 12.1876093], [-1.8625686, 12.1876822], [-1.862302, 12.1877268], [-1.8621929, 12.1877575], [-1.8623031, 12.1878624], [-1.8627966, 12.1878228], [-1.8630151, 12.1878268], [-1.8628088, 12.1879533], [-1.8630232, 12.1879968], [-1.863456, 12.1879059], [-1.863901, 12.1876844], [-1.8643217, 12.1874986], [-1.8646737, 12.1875223], [-1.8647425, 12.1876251], [-1.8649245, 12.1875737], [-1.8652724, 12.1875737], [-1.8654585, 12.187463], [-1.8656608, 12.187463], [-1.8658064, 12.1873207], [-1.8661179, 12.1874274], [-1.8664617, 12.1874116], [-1.8666155, 12.1873444], [-1.8668258, 12.1871625], [-1.8670807, 12.1870518], [-1.8673436, 12.187032], [-1.8674731, 12.1870755], [-1.867732, 12.1869252], [-1.8679019, 12.1868224], [-1.8680758, 12.1866682], [-1.868177, 12.1864389], [-1.8681972, 12.1863044], [-1.868355, 12.1862649], [-1.8686462, 12.1862965], [-1.8688566, 12.1863796], [-1.8688566, 12.186518], [-1.8689011, 12.1866326], [-1.8690427, 12.1868659], [-1.8690993, 12.1870478], [-1.8692369, 12.1872455], [-1.8694149, 12.1872099], [-1.8694513, 12.1873127], [-1.8695443, 12.1870201], [-1.8696616, 12.1868422], [-1.8698639, 12.1867789], [-1.8701147, 12.1868857], [-1.870228, 12.187036], [-1.8703453, 12.1870241], [-1.8704505, 12.1871823], [-1.8705597, 12.1873325], [-1.8706932, 12.1873365], [-1.8708186, 12.1873286], [-1.8709278, 12.1873444], [-1.8709076, 12.1875025], [-1.8708024, 12.1876647], [-1.8707943, 12.1878426], [-1.870944, 12.1879691], [-1.8711151, 12.1880226], [-1.8713525, 12.1879339], [-1.8716441, 12.1877223], [-1.8719188, 12.1874904], [-1.8720862, 12.1873179], [-1.8727693, 12.1835427]]]}}, {"type": "Feature", "properties": {"source_id": 61, "name": "water", "osm_id": 31978663, "superficie_km2": 2.546}, "geometry": {"type": "Polygon", "coordinates": [[[-1.9577131, 12.4008856], [-1.9591705, 12.4024056], [-1.9595091, 12.4027541], [-1.9595874, 12.40275], [-1.9597894, 12.4029869], [-1.9600093, 12.4032451], [-1.9599786, 12.4032933], [-1.9600728, 12.4034461], [-1.9611655, 12.4047201], [-1.962421, 12.4061682], [-1.9617456, 12.4069302], [-1.9605203, 12.4069066], [-1.9617328, 12.4113911], [-1.9617725, 12.4136624], [-1.9617129, 12.4145166], [-1.962031, 12.4154095], [-1.961375, 12.4156425], [-1.9606851, 12.4166029], [-1.9596985, 12.4205558], [-1.9594086, 12.4224091], [-1.9600692, 12.423823], [-1.9603644, 12.4264173], [-1.9613705, 12.427928], [-1.9618044, 12.4282387], [-1.9624305, 12.4283067], [-1.9630368, 12.4281029], [-1.9636133, 12.4283067], [-1.9646767, 12.4286464], [-1.9641798, 12.4287532], [-1.963653, 12.4286561], [-1.9630666, 12.4283843], [-1.9625995, 12.4286464], [-1.962192, 12.4287143], [-1.9614267, 12.4286006], [-1.960462, 12.4286414], [-1.959757, 12.4291608], [-1.9597669, 12.429879], [-1.9593374, 12.4307634], [-1.9590774, 12.4311409], [-1.9589649, 12.431683], [-1.958794, 12.432071], [-1.9587541, 12.4328429], [-1.9590563, 12.4339753], [-1.9590493, 12.4349361], [-1.9585573, 12.4355675], [-1.9584519, 12.435945], [-1.9586557, 12.4361577], [-1.9581708, 12.4365215], [-1.9575734, 12.4373107], [-1.9566739, 12.4395205], [-1.9563436, 12.4399598], [-1.9561819, 12.4402], [-1.955943, 12.4398499], [-1.9555424, 12.4397539], [-1.9552402, 12.4396235], [-1.954931, 12.439699], [-1.9547553, 12.4401382], [-1.9544247, 12.4406846], [-1.9545725, 12.4401107], [-1.9547272, 12.4396235], [-1.955191, 12.4394039], [-1.9557602, 12.4395686], [-1.9560906, 12.4394039], [-1.9569971, 12.4373244], [-1.9577632, 12.4353136], [-1.9582973, 12.4341126], [-1.9583324, 12.4334125], [-1.9578124, 12.4326439], [-1.9568706, 12.4314497], [-1.9567455, 12.4304517], [-1.9560001, 12.4305973], [-1.9551454, 12.4304808], [-1.9560995, 12.4302479], [-1.9564672, 12.4296364], [-1.9572325, 12.4298596], [-1.957958, 12.4300343], [-1.9583258, 12.4296655], [-1.9584947, 12.4293646], [-1.9582289, 12.4277125], [-1.9583387, 12.4246381], [-1.958495, 12.4234386], [-1.9576938, 12.4227386], [-1.958003, 12.4216679], [-1.9578906, 12.4207208], [-1.9567832, 12.4203783], [-1.9573072, 12.4195637], [-1.9573002, 12.4189088], [-1.9584106, 12.4173852], [-1.9586906, 12.4132892], [-1.9587209, 12.4116501], [-1.9576268, 12.4113297], [-1.9558678, 12.4118432], [-1.9550265, 12.4116454], [-1.9545908, 12.4108904], [-1.9529765, 12.4105315], [-1.9514142, 12.4095726], [-1.9509387, 12.4083754], [-1.9507255, 12.4062369], [-1.9491067, 12.40574], [-1.9483583, 12.4043894], [-1.9473645, 12.4044767], [-1.946018, 12.4052248], [-1.944999, 12.4058939], [-1.9441443, 12.4069908], [-1.9436369, 12.4074129], [-1.9431183, 12.4074564], [-1.9425162, 12.4073427], [-1.942082, 12.4072007], [-1.9416241, 12.4068584], [-1.9411404, 12.406815], [-1.9402218, 12.4075346], [-1.939344, 12.4081888], [-1.9384411, 12.4084164], [-1.9373855, 12.4082813], [-1.9364593, 12.4086496], [-1.9351169, 12.4089722], [-1.9342691, 12.4087359], [-1.933214, 12.4089425], [-1.9326521, 12.4095471], [-1.9320925, 12.4097368], [-1.931368, 12.410092], [-1.9308601, 12.4101542], [-1.9299954, 12.4106298], [-1.9286426, 12.4115351], [-1.9273812, 12.4124485], [-1.9268257, 12.4130026], [-1.925892, 12.4135681], [-1.9251001, 12.4138913], [-1.9242583, 12.4143969], [-1.9235164, 12.4150341], [-1.9230191, 12.4153412], [-1.9224669, 12.4156335], [-1.9218401, 12.4157978], [-1.9215721, 12.4158638], [-1.9213106, 12.4159791], [-1.920872, 12.4162829], [-1.9206186, 12.4163222], [-1.9207875, 12.4158973], [-1.9211264, 12.4156217], [-1.9218401, 12.415463], [-1.9224841, 12.4151235], [-1.9228689, 12.4146314], [-1.9231926, 12.41429], [-1.9235301, 12.4142345], [-1.9237646, 12.4140876], [-1.9242964, 12.4135797], [-1.9251592, 12.4129333], [-1.9255729, 12.411906], [-1.9259393, 12.4117098], [-1.9265538, 12.4114443], [-1.9271212, 12.4107286], [-1.9280523, 12.4105344], [-1.9285693, 12.4103733], [-1.9287759, 12.4101003], [-1.9285127, 12.4095255], [-1.9281891, 12.4092247], [-1.9277962, 12.4090229], [-1.9279943, 12.4088464], [-1.9284055, 12.408856], [-1.9289938, 12.4092142], [-1.9294139, 12.4094727], [-1.9299979, 12.4093082], [-1.9309244, 12.4084349], [-1.9322814, 12.4082032], [-1.9335734, 12.4078343], [-1.9345111, 12.4072574], [-1.9351865, 12.4064677], [-1.9354579, 12.4067597], [-1.9358602, 12.4070085], [-1.9369357, 12.407186], [-1.9377404, 12.4070007], [-1.938301, 12.4069535], [-1.9388613, 12.4069567], [-1.9391298, 12.4067544], [-1.939213, 12.4064872], [-1.9390628, 12.4060026], [-1.9394293, 12.4056213], [-1.940747, 12.4050899], [-1.9425909, 12.4052447], [-1.9451878, 12.4041132], [-1.945672, 12.4031868], [-1.9458211, 12.4023812], [-1.945026, 12.4007698], [-1.9456919, 12.4002456], [-1.9453838, 12.3988478], [-1.9448841, 12.3972496], [-1.9461789, 12.3986828], [-1.9467056, 12.4000709], [-1.9479442, 12.4015788], [-1.9502538, 12.4013134], [-1.9506712, 12.4023229], [-1.9536092, 12.4018224], [-1.9548247, 12.4020947], [-1.9549372, 12.4028223], [-1.9556429, 12.4028989], [-1.9570328, 12.4016856], [-1.9577131, 12.4008856]]]}}, {"type": "Feature", "properties": {"source_id": 62, "name": "water", "osm_id": 31978663, "superficie_km2": 2.546}, "geometry": {"type": "Polygon", "coordinates": [[[-1.9577131, 12.4008856], [-1.9591705, 12.4024056], [-1.9595091, 12.4027541], [-1.9595874, 12.40275], [-1.9597894, 12.4029869], [-1.9600093, 12.4032451], [-1.9599786, 12.4032933], [-1.9600728, 12.4034461], [-1.9611655, 12.4047201], [-1.962421, 12.4061682], [-1.9617456, 12.4069302], [-1.9605203, 12.4069066], [-1.9617328, 12.4113911], [-1.9617725, 12.4136624], [-1.9617129, 12.4145166], [-1.962031, 12.4154095], [-1.961375, 12.4156425], [-1.9606851, 12.4166029], [-1.9596985, 12.4205558], [-1.9594086, 12.4224091], [-1.9600692, 12.423823], [-1.9603644, 12.4264173], [-1.9613705, 12.427928], [-1.9618044, 12.4282387], [-1.9624305, 12.4283067], [-1.9630368, 12.4281029], [-1.9636133, 12.4283067], [-1.9646767, 12.4286464], [-1.9641798, 12.4287532], [-1.963653, 12.4286561], [-1.9630666, 12.4283843], [-1.9625995, 12.4286464], [-1.962192, 12.4287143], [-1.9614267, 12.4286006], [-1.960462, 12.4286414], [-1.959757, 12.4291608], [-1.9597669, 12.429879], [-1.9593374, 12.4307634], [-1.9590774, 12.4311409], [-1.9589649, 12.431683], [-1.958794, 12.432071], [-1.9587541, 12.4328429], [-1.9590563, 12.4339753], [-1.9590493, 12.4349361], [-1.9585573, 12.4355675], [-1.9584519, 12.435945], [-1.9586557, 12.4361577], [-1.9581708, 12.4365215], [-1.9575734, 12.4373107], [-1.9566739, 12.4395205], [-1.9563436, 12.4399598], [-1.9561819, 12.4402], [-1.955943, 12.4398499], [-1.9555424, 12.4397539], [-1.9552402, 12.4396235], [-1.954931, 12.439699], [-1.9547553, 12.4401382], [-1.9544247, 12.4406846], [-1.9545725, 12.4401107], [-1.9547272, 12.4396235], [-1.955191, 12.4394039], [-1.9557602, 12.4395686], [-1.9560906, 12.4394039], [-1.9569971, 12.4373244], [-1.9577632, 12.4353136], [-1.9582973, 12.4341126], [-1.9583324, 12.4334125], [-1.9578124, 12.4326439], [-1.9568706, 12.4314497], [-1.9567455, 12.4304517], [-1.9560001, 12.4305973], [-1.9551454, 12.4304808], [-1.9560995, 12.4302479], [-1.9564672, 12.4296364], [-1.9572325, 12.4298596], [-1.957958, 12.4300343], [-1.9583258, 12.4296655], [-1.9584947, 12.4293646], [-1.9582289, 12.4277125], [-1.9583387, 12.4246381], [-1.958495, 12.4234386], [-1.9576938, 12.4227386], [-1.958003, 12.4216679], [-1.9578906, 12.4207208], [-1.9567832, 12.4203783], [-1.9573072, 12.4195637], [-1.9573002, 12.4189088], [-1.9584106, 12.4173852], [-1.9586906, 12.4132892], [-1.9587209, 12.4116501], [-1.9576268, 12.4113297], [-1.9558678, 12.4118432], [-1.9550265, 12.4116454], [-1.9545908, 12.4108904], [-1.9529765, 12.4105315], [-1.9514142, 12.4095726], [-1.9509387, 12.4083754], [-1.9507255, 12.4062369], [-1.9491067, 12.40574], [-1.9483583, 12.4043894], [-1.9473645, 12.4044767], [-1.946018, 12.4052248], [-1.944999, 12.4058939], [-1.9441443, 12.4069908], [-1.9436369, 12.4074129], [-1.9431183, 12.4074564], [-1.9425162, 12.4073427], [-1.942082, 12.4072007], [-1.9416241, 12.4068584], [-1.9411404, 12.406815], [-1.9402218, 12.4075346], [-1.939344, 12.4081888], [-1.9384411, 12.4084164], [-1.9373855, 12.4082813], [-1.9364593, 12.4086496], [-1.9351169, 12.4089722], [-1.9342691, 12.4087359], [-1.933214, 12.4089425], [-1.9326521, 12.4095471], [-1.9320925, 12.4097368], [-1.931368, 12.410092], [-1.9308601, 12.4101542], [-1.9299954, 12.4106298], [-1.9286426, 12.4115351], [-1.9273812, 12.4124485], [-1.9268257, 12.4130026], [-1.925892, 12.4135681], [-1.9251001, 12.4138913], [-1.9242583, 12.4143969], [-1.9235164, 12.4150341], [-1.9230191, 12.4153412], [-1.9224669, 12.4156335], [-1.9218401, 12.4157978], [-1.9215721, 12.4158638], [-1.9213106, 12.4159791], [-1.920872, 12.4162829], [-1.9206186, 12.4163222], [-1.9207875, 12.4158973], [-1.9211264, 12.4156217], [-1.9218401, 12.415463], [-1.9224841, 12.4151235], [-1.9228689, 12.4146314], [-1.9231926, 12.41429], [-1.9235301, 12.4142345], [-1.9237646, 12.4140876], [-1.9242964, 12.4135797], [-1.9251592, 12.4129333], [-1.9255729, 12.411906], [-1.9259393, 12.4117098], [-1.9265538, 12.4114443], [-1.9271212, 12.4107286], [-1.9280523, 12.4105344], [-1.9285693, 12.4103733], [-1.9287759, 12.4101003], [-1.9285127, 12.4095255], [-1.9281891, 12.4092247], [-1.9277962, 12.4090229], [-1.9279943, 12.4088464], [-1.9284055, 12.408856], [-1.9289938, 12.4092142], [-1.9294139, 12.4094727], [-1.9299979, 12.4093082], [-1.9309244, 12.4084349], [-1.9322814, 12.4082032], [-1.9335734, 12.4078343], [-1.9345111, 12.4072574], [-1.9351865, 12.4064677], [-1.9354579, 12.4067597], [-1.9358602, 12.4070085], [-1.9369357, 12.407186], [-1.9377404, 12.4070007], [-1.938301, 12.4069535], [-1.9388613, 12.4069567], [-1.9391298, 12.4067544], [-1.939213, 12.4064872], [-1.9390628, 12.4060026], [-1.9394293, 12.4056213], [-1.940747, 12.4050899], [-1.9425909, 12.4052447], [-1.9451878, 12.4041132], [-1.945672, 12.4031868], [-1.9458211, 12.4023812], [-1.945026, 12.4007698], [-1.9456919, 12.4002456], [-1.9453838, 12.3988478], [-1.9448841, 12.3972496], [-1.9461789, 12.3986828], [-1.9467056, 12.4000709], [-1.9479442, 12.4015788], [-1.9502538, 12.4013134], [-1.9506712, 12.4023229], [-1.9536092, 12.4018224], [-1.9548247, 12.4020947], [-1.9549372, 12.4028223], [-1.9556429, 12.4028989], [-1.9570328, 12.4016856], [-1.9577131, 12.4008856]]]}}, {"type": "Feature", "properties": {"source_id": 63, "name": "water", "osm_id": 31978663, "superficie_km2": 2.546}, "geometry": {"type": "Polygon", "coordinates": [[[-1.9577131, 12.4008856], [-1.9591705, 12.4024056], [-1.9595091, 12.4027541], [-1.9595874, 12.40275], [-1.9597894, 12.4029869], [-1.9600093, 12.4032451], [-1.9599786, 12.4032933], [-1.9600728, 12.4034461], [-1.9611655, 12.4047201], [-1.962421, 12.4061682], [-1.9617456, 12.4069302], [-1.9605203, 12.4069066], [-1.9617328, 12.4113911], [-1.9617725, 12.4136624], [-1.9617129, 12.4145166], [-1.962031, 12.4154095], [-1.961375, 12.4156425], [-1.9606851, 12.4166029], [-1.9596985, 12.4205558], [-1.9594086, 12.4224091], [-1.9600692, 12.423823], [-1.9603644, 12.4264173], [-1.9613705, 12.427928], [-1.9618044, 12.4282387], [-1.9624305, 12.4283067], [-1.9630368, 12.4281029], [-1.9636133, 12.4283067], [-1.9646767, 12.4286464], [-1.9641798, 12.4287532], [-1.963653, 12.4286561], [-1.9630666, 12.4283843], [-1.9625995, 12.4286464], [-1.962192, 12.4287143], [-1.9614267, 12.4286006], [-1.960462, 12.4286414], [-1.959757, 12.4291608], [-1.9597669, 12.429879], [-1.9593374, 12.4307634], [-1.9590774, 12.4311409], [-1.9589649, 12.431683], [-1.958794, 12.432071], [-1.9587541, 12.4328429], [-1.9590563, 12.4339753], [-1.9590493, 12.4349361], [-1.9585573, 12.4355675], [-1.9584519, 12.435945], [-1.9586557, 12.4361577], [-1.9581708, 12.4365215], [-1.9575734, 12.4373107], [-1.9566739, 12.4395205], [-1.9563436, 12.4399598], [-1.9561819, 12.4402], [-1.955943, 12.4398499], [-1.9555424, 12.4397539], [-1.9552402, 12.4396235], [-1.954931, 12.439699], [-1.9547553, 12.4401382], [-1.9544247, 12.4406846], [-1.9545725, 12.4401107], [-1.9547272, 12.4396235], [-1.955191, 12.4394039], [-1.9557602, 12.4395686], [-1.9560906, 12.4394039], [-1.9569971, 12.4373244], [-1.9577632, 12.4353136], [-1.9582973, 12.4341126], [-1.9583324, 12.4334125], [-1.9578124, 12.4326439], [-1.9568706, 12.4314497], [-1.9567455, 12.4304517], [-1.9560001, 12.4305973], [-1.9551454, 12.4304808], [-1.9560995, 12.4302479], [-1.9564672, 12.4296364], [-1.9572325, 12.4298596], [-1.957958, 12.4300343], [-1.9583258, 12.4296655], [-1.9584947, 12.4293646], [-1.9582289, 12.4277125], [-1.9583387, 12.4246381], [-1.958495, 12.4234386], [-1.9576938, 12.4227386], [-1.958003, 12.4216679], [-1.9578906, 12.4207208], [-1.9567832, 12.4203783], [-1.9573072, 12.4195637], [-1.9573002, 12.4189088], [-1.9584106, 12.4173852], [-1.9586906, 12.4132892], [-1.9587209, 12.4116501], [-1.9576268, 12.4113297], [-1.9558678, 12.4118432], [-1.9550265, 12.4116454], [-1.9545908, 12.4108904], [-1.9529765, 12.4105315], [-1.9514142, 12.4095726], [-1.9509387, 12.4083754], [-1.9507255, 12.4062369], [-1.9491067, 12.40574], [-1.9483583, 12.4043894], [-1.9473645, 12.4044767], [-1.946018, 12.4052248], [-1.944999, 12.4058939], [-1.9441443, 12.4069908], [-1.9436369, 12.4074129], [-1.9431183, 12.4074564], [-1.9425162, 12.4073427], [-1.942082, 12.4072007], [-1.9416241, 12.4068584], [-1.9411404, 12.406815], [-1.9402218, 12.4075346], [-1.939344, 12.4081888], [-1.9384411, 12.4084164], [-1.9373855, 12.4082813], [-1.9364593, 12.4086496], [-1.9351169, 12.4089722], [-1.9342691, 12.4087359], [-1.933214, 12.4089425], [-1.9326521, 12.4095471], [-1.9320925, 12.4097368], [-1.931368, 12.410092], [-1.9308601, 12.4101542], [-1.9299954, 12.4106298], [-1.9286426, 12.4115351], [-1.9273812, 12.4124485], [-1.9268257, 12.4130026], [-1.925892, 12.4135681], [-1.9251001, 12.4138913], [-1.9242583, 12.4143969], [-1.9235164, 12.4150341], [-1.9230191, 12.4153412], [-1.9224669, 12.4156335], [-1.9218401, 12.4157978], [-1.9215721, 12.4158638], [-1.9213106, 12.4159791], [-1.920872, 12.4162829], [-1.9206186, 12.4163222], [-1.9207875, 12.4158973], [-1.9211264, 12.4156217], [-1.9218401, 12.415463], [-1.9224841, 12.4151235], [-1.9228689, 12.4146314], [-1.9231926, 12.41429], [-1.9235301, 12.4142345], [-1.9237646, 12.4140876], [-1.9242964, 12.4135797], [-1.9251592, 12.4129333], [-1.9255729, 12.411906], [-1.9259393, 12.4117098], [-1.9265538, 12.4114443], [-1.9271212, 12.4107286], [-1.9280523, 12.4105344], [-1.9285693, 12.4103733], [-1.9287759, 12.4101003], [-1.9285127, 12.4095255], [-1.9281891, 12.4092247], [-1.9277962, 12.4090229], [-1.9279943, 12.4088464], [-1.9284055, 12.408856], [-1.9289938, 12.4092142], [-1.9294139, 12.4094727], [-1.9299979, 12.4093082], [-1.9309244, 12.4084349], [-1.9322814, 12.4082032], [-1.9335734, 12.4078343], [-1.9345111, 12.4072574], [-1.9351865, 12.4064677], [-1.9354579, 12.4067597], [-1.9358602, 12.4070085], [-1.9369357, 12.407186], [-1.9377404, 12.4070007], [-1.938301, 12.4069535], [-1.9388613, 12.4069567], [-1.9391298, 12.4067544], [-1.939213, 12.4064872], [-1.9390628, 12.4060026], [-1.9394293, 12.4056213], [-1.940747, 12.4050899], [-1.9425909, 12.4052447], [-1.9451878, 12.4041132], [-1.945672, 12.4031868], [-1.9458211, 12.4023812], [-1.945026, 12.4007698], [-1.9456919, 12.4002456], [-1.9453838, 12.3988478], [-1.9448841, 12.3972496], [-1.9461789, 12.3986828], [-1.9467056, 12.4000709], [-1.9479442, 12.4015788], [-1.9502538, 12.4013134], [-1.9506712, 12.4023229], [-1.9536092, 12.4018224], [-1.9548247, 12.4020947], [-1.9549372, 12.4028223], [-1.9556429, 12.4028989], [-1.9570328, 12.4016856], [-1.9577131, 12.4008856]]]}}, {"type": "Feature", "properties": {"source_id": 64, "name": "water", "osm_id": 31978663, "superficie_km2": 2.546}, "geometry": {"type": "Polygon", "coordinates": [[[-1.9577131, 12.4008856], [-1.9591705, 12.4024056], [-1.9595091, 12.4027541], [-1.9595874, 12.40275], [-1.9597894, 12.4029869], [-1.9600093, 12.4032451], [-1.9599786, 12.4032933], [-1.9600728, 12.4034461], [-1.9611655, 12.4047201], [-1.962421, 12.4061682], [-1.9617456, 12.4069302], [-1.9605203, 12.4069066], [-1.9617328, 12.4113911], [-1.9617725, 12.4136624], [-1.9617129, 12.4145166], [-1.962031, 12.4154095], [-1.961375, 12.4156425], [-1.9606851, 12.4166029], [-1.9596985, 12.4205558], [-1.9594086, 12.4224091], [-1.9600692, 12.423823], [-1.9603644, 12.4264173], [-1.9613705, 12.427928], [-1.9618044, 12.4282387], [-1.9624305, 12.4283067], [-1.9630368, 12.4281029], [-1.9636133, 12.4283067], [-1.9646767, 12.4286464], [-1.9641798, 12.4287532], [-1.963653, 12.4286561], [-1.9630666, 12.4283843], [-1.9625995, 12.4286464], [-1.962192, 12.4287143], [-1.9614267, 12.4286006], [-1.960462, 12.4286414], [-1.959757, 12.4291608], [-1.9597669, 12.429879], [-1.9593374, 12.4307634], [-1.9590774, 12.4311409], [-1.9589649, 12.431683], [-1.958794, 12.432071], [-1.9587541, 12.4328429], [-1.9590563, 12.4339753], [-1.9590493, 12.4349361], [-1.9585573, 12.4355675], [-1.9584519, 12.435945], [-1.9586557, 12.4361577], [-1.9581708, 12.4365215], [-1.9575734, 12.4373107], [-1.9566739, 12.4395205], [-1.9563436, 12.4399598], [-1.9561819, 12.4402], [-1.955943, 12.4398499], [-1.9555424, 12.4397539], [-1.9552402, 12.4396235], [-1.954931, 12.439699], [-1.9547553, 12.4401382], [-1.9544247, 12.4406846], [-1.9545725, 12.4401107], [-1.9547272, 12.4396235], [-1.955191, 12.4394039], [-1.9557602, 12.4395686], [-1.9560906, 12.4394039], [-1.9569971, 12.4373244], [-1.9577632, 12.4353136], [-1.9582973, 12.4341126], [-1.9583324, 12.4334125], [-1.9578124, 12.4326439], [-1.9568706, 12.4314497], [-1.9567455, 12.4304517], [-1.9560001, 12.4305973], [-1.9551454, 12.4304808], [-1.9560995, 12.4302479], [-1.9564672, 12.4296364], [-1.9572325, 12.4298596], [-1.957958, 12.4300343], [-1.9583258, 12.4296655], [-1.9584947, 12.4293646], [-1.9582289, 12.4277125], [-1.9583387, 12.4246381], [-1.958495, 12.4234386], [-1.9576938, 12.4227386], [-1.958003, 12.4216679], [-1.9578906, 12.4207208], [-1.9567832, 12.4203783], [-1.9573072, 12.4195637], [-1.9573002, 12.4189088], [-1.9584106, 12.4173852], [-1.9586906, 12.4132892], [-1.9587209, 12.4116501], [-1.9576268, 12.4113297], [-1.9558678, 12.4118432], [-1.9550265, 12.4116454], [-1.9545908, 12.4108904], [-1.9529765, 12.4105315], [-1.9514142, 12.4095726], [-1.9509387, 12.4083754], [-1.9507255, 12.4062369], [-1.9491067, 12.40574], [-1.9483583, 12.4043894], [-1.9473645, 12.4044767], [-1.946018, 12.4052248], [-1.944999, 12.4058939], [-1.9441443, 12.4069908], [-1.9436369, 12.4074129], [-1.9431183, 12.4074564], [-1.9425162, 12.4073427], [-1.942082, 12.4072007], [-1.9416241, 12.4068584], [-1.9411404, 12.406815], [-1.9402218, 12.4075346], [-1.939344, 12.4081888], [-1.9384411, 12.4084164], [-1.9373855, 12.4082813], [-1.9364593, 12.4086496], [-1.9351169, 12.4089722], [-1.9342691, 12.4087359], [-1.933214, 12.4089425], [-1.9326521, 12.4095471], [-1.9320925, 12.4097368], [-1.931368, 12.410092], [-1.9308601, 12.4101542], [-1.9299954, 12.4106298], [-1.9286426, 12.4115351], [-1.9273812, 12.4124485], [-1.9268257, 12.4130026], [-1.925892, 12.4135681], [-1.9251001, 12.4138913], [-1.9242583, 12.4143969], [-1.9235164, 12.4150341], [-1.9230191, 12.4153412], [-1.9224669, 12.4156335], [-1.9218401, 12.4157978], [-1.9215721, 12.4158638], [-1.9213106, 12.4159791], [-1.920872, 12.4162829], [-1.9206186, 12.4163222], [-1.9207875, 12.4158973], [-1.9211264, 12.4156217], [-1.9218401, 12.415463], [-1.9224841, 12.4151235], [-1.9228689, 12.4146314], [-1.9231926, 12.41429], [-1.9235301, 12.4142345], [-1.9237646, 12.4140876], [-1.9242964, 12.4135797], [-1.9251592, 12.4129333], [-1.9255729, 12.411906], [-1.9259393, 12.4117098], [-1.9265538, 12.4114443], [-1.9271212, 12.4107286], [-1.9280523, 12.4105344], [-1.9285693, 12.4103733], [-1.9287759, 12.4101003], [-1.9285127, 12.4095255], [-1.9281891, 12.4092247], [-1.9277962, 12.4090229], [-1.9279943, 12.4088464], [-1.9284055, 12.408856], [-1.9289938, 12.4092142], [-1.9294139, 12.4094727], [-1.9299979, 12.4093082], [-1.9309244, 12.4084349], [-1.9322814, 12.4082032], [-1.9335734, 12.4078343], [-1.9345111, 12.4072574], [-1.9351865, 12.4064677], [-1.9354579, 12.4067597], [-1.9358602, 12.4070085], [-1.9369357, 12.407186], [-1.9377404, 12.4070007], [-1.938301, 12.4069535], [-1.9388613, 12.4069567], [-1.9391298, 12.4067544], [-1.939213, 12.4064872], [-1.9390628, 12.4060026], [-1.9394293, 12.4056213], [-1.940747, 12.4050899], [-1.9425909, 12.4052447], [-1.9451878, 12.4041132], [-1.945672, 12.4031868], [-1.9458211, 12.4023812], [-1.945026, 12.4007698], [-1.9456919, 12.4002456], [-1.9453838, 12.3988478], [-1.9448841, 12.3972496], [-1.9461789, 12.3986828], [-1.9467056, 12.4000709], [-1.9479442, 12.4015788], [-1.9502538, 12.4013134], [-1.9506712, 12.4023229], [-1.9536092, 12.4018224], [-1.9548247, 12.4020947], [-1.9549372, 12.4028223], [-1.9556429, 12.4028989], [-1.9570328, 12.4016856], [-1.9577131, 12.4008856]]]}}, {"type": "Feature", "properties": {"source_id": 65, "name": "water", "osm_id": 31978663, "superficie_km2": 2.546}, "geometry": {"type": "Polygon", "coordinates": [[[-1.9577131, 12.4008856], [-1.9591705, 12.4024056], [-1.9595091, 12.4027541], [-1.9595874, 12.40275], [-1.9597894, 12.4029869], [-1.9600093, 12.4032451], [-1.9599786, 12.4032933], [-1.9600728, 12.4034461], [-1.9611655, 12.4047201], [-1.962421, 12.4061682], [-1.9617456, 12.4069302], [-1.9605203, 12.4069066], [-1.9617328, 12.4113911], [-1.9617725, 12.4136624], [-1.9617129, 12.4145166], [-1.962031, 12.4154095], [-1.961375, 12.4156425], [-1.9606851, 12.4166029], [-1.9596985, 12.4205558], [-1.9594086, 12.4224091], [-1.9600692, 12.423823], [-1.9603644, 12.4264173], [-1.9613705, 12.427928], [-1.9618044, 12.4282387], [-1.9624305, 12.4283067], [-1.9630368, 12.4281029], [-1.9636133, 12.4283067], [-1.9646767, 12.4286464], [-1.9641798, 12.4287532], [-1.963653, 12.4286561], [-1.9630666, 12.4283843], [-1.9625995, 12.4286464], [-1.962192, 12.4287143], [-1.9614267, 12.4286006], [-1.960462, 12.4286414], [-1.959757, 12.4291608], [-1.9597669, 12.429879], [-1.9593374, 12.4307634], [-1.9590774, 12.4311409], [-1.9589649, 12.431683], [-1.958794, 12.432071], [-1.9587541, 12.4328429], [-1.9590563, 12.4339753], [-1.9590493, 12.4349361], [-1.9585573, 12.4355675], [-1.9584519, 12.435945], [-1.9586557, 12.4361577], [-1.9581708, 12.4365215], [-1.9575734, 12.4373107], [-1.9566739, 12.4395205], [-1.9563436, 12.4399598], [-1.9561819, 12.4402], [-1.955943, 12.4398499], [-1.9555424, 12.4397539], [-1.9552402, 12.4396235], [-1.954931, 12.439699], [-1.9547553, 12.4401382], [-1.9544247, 12.4406846], [-1.9545725, 12.4401107], [-1.9547272, 12.4396235], [-1.955191, 12.4394039], [-1.9557602, 12.4395686], [-1.9560906, 12.4394039], [-1.9569971, 12.4373244], [-1.9577632, 12.4353136], [-1.9582973, 12.4341126], [-1.9583324, 12.4334125], [-1.9578124, 12.4326439], [-1.9568706, 12.4314497], [-1.9567455, 12.4304517], [-1.9560001, 12.4305973], [-1.9551454, 12.4304808], [-1.9560995, 12.4302479], [-1.9564672, 12.4296364], [-1.9572325, 12.4298596], [-1.957958, 12.4300343], [-1.9583258, 12.4296655], [-1.9584947, 12.4293646], [-1.9582289, 12.4277125], [-1.9583387, 12.4246381], [-1.958495, 12.4234386], [-1.9576938, 12.4227386], [-1.958003, 12.4216679], [-1.9578906, 12.4207208], [-1.9567832, 12.4203783], [-1.9573072, 12.4195637], [-1.9573002, 12.4189088], [-1.9584106, 12.4173852], [-1.9586906, 12.4132892], [-1.9587209, 12.4116501], [-1.9576268, 12.4113297], [-1.9558678, 12.4118432], [-1.9550265, 12.4116454], [-1.9545908, 12.4108904], [-1.9529765, 12.4105315], [-1.9514142, 12.4095726], [-1.9509387, 12.4083754], [-1.9507255, 12.4062369], [-1.9491067, 12.40574], [-1.9483583, 12.4043894], [-1.9473645, 12.4044767], [-1.946018, 12.4052248], [-1.944999, 12.4058939], [-1.9441443, 12.4069908], [-1.9436369, 12.4074129], [-1.9431183, 12.4074564], [-1.9425162, 12.4073427], [-1.942082, 12.4072007], [-1.9416241, 12.4068584], [-1.9411404, 12.406815], [-1.9402218, 12.4075346], [-1.939344, 12.4081888], [-1.9384411, 12.4084164], [-1.9373855, 12.4082813], [-1.9364593, 12.4086496], [-1.9351169, 12.4089722], [-1.9342691, 12.4087359], [-1.933214, 12.4089425], [-1.9326521, 12.4095471], [-1.9320925, 12.4097368], [-1.931368, 12.410092], [-1.9308601, 12.4101542], [-1.9299954, 12.4106298], [-1.9286426, 12.4115351], [-1.9273812, 12.4124485], [-1.9268257, 12.4130026], [-1.925892, 12.4135681], [-1.9251001, 12.4138913], [-1.9242583, 12.4143969], [-1.9235164, 12.4150341], [-1.9230191, 12.4153412], [-1.9224669, 12.4156335], [-1.9218401, 12.4157978], [-1.9215721, 12.4158638], [-1.9213106, 12.4159791], [-1.920872, 12.4162829], [-1.9206186, 12.4163222], [-1.9207875, 12.4158973], [-1.9211264, 12.4156217], [-1.9218401, 12.415463], [-1.9224841, 12.4151235], [-1.9228689, 12.4146314], [-1.9231926, 12.41429], [-1.9235301, 12.4142345], [-1.9237646, 12.4140876], [-1.9242964, 12.4135797], [-1.9251592, 12.4129333], [-1.9255729, 12.411906], [-1.9259393, 12.4117098], [-1.9265538, 12.4114443], [-1.9271212, 12.4107286], [-1.9280523, 12.4105344], [-1.9285693, 12.4103733], [-1.9287759, 12.4101003], [-1.9285127, 12.4095255], [-1.9281891, 12.4092247], [-1.9277962, 12.4090229], [-1.9279943, 12.4088464], [-1.9284055, 12.408856], [-1.9289938, 12.4092142], [-1.9294139, 12.4094727], [-1.9299979, 12.4093082], [-1.9309244, 12.4084349], [-1.9322814, 12.4082032], [-1.9335734, 12.4078343], [-1.9345111, 12.4072574], [-1.9351865, 12.4064677], [-1.9354579, 12.4067597], [-1.9358602, 12.4070085], [-1.9369357, 12.407186], [-1.9377404, 12.4070007], [-1.938301, 12.4069535], [-1.9388613, 12.4069567], [-1.9391298, 12.4067544], [-1.939213, 12.4064872], [-1.9390628, 12.4060026], [-1.9394293, 12.4056213], [-1.940747, 12.4050899], [-1.9425909, 12.4052447], [-1.9451878, 12.4041132], [-1.945672, 12.4031868], [-1.9458211, 12.4023812], [-1.945026, 12.4007698], [-1.9456919, 12.4002456], [-1.9453838, 12.3988478], [-1.9448841, 12.3972496], [-1.9461789, 12.3986828], [-1.9467056, 12.4000709], [-1.9479442, 12.4015788], [-1.9502538, 12.4013134], [-1.9506712, 12.4023229], [-1.9536092, 12.4018224], [-1.9548247, 12.4020947], [-1.9549372, 12.4028223], [-1.9556429, 12.4028989], [-1.9570328, 12.4016856], [-1.9577131, 12.4008856]]]}}]}